INSERT INTO db.items
    (tag, type, price)
VALUES ('8M0aUpMiIG8naqVfcx7S1NMxLwrNh5X8MXRsPQzx4CZVQEPYc2s8BYF48G5s4Xpn', 'course', 50.00),
       ('bl6NkGXPPtrNKVeUngw1FEcXktxnhQNpOqZjVQ4tE3OoxyUEtKsPd3UzFFsNkTq3', 'video', 0.00),
       ('PF0jeuc8OJrlMLLW3LHlVPb06P8nOIbzu4f0lLZwhtWA8jWElKTLntDl09XPwlo1', 'video', 7.43),
       ('e1JnoEEHNbGyIskPWhDPLVZvr2V8Hpp6GiBTrtqTP4csV992rOQvRmWaRNZPufhd', 'video', 8.70),
       ('klfMNASOYWEFoFPuVz2Cp7Zn20KhbqO2e6VFkfae5rBt8R0RP90tdMj6YYPT40qs', 'video', 3.14),
       ('d85VRB8th0yorcvR1Qk4GHp78MQEUaaLGp8Ei5u3C6MzdpDnN07gp8nsf8tZJW6Q', 'video', 9.31),
       ('q5Dcn6NU5fcDfsmn9WpTqNAVHMPWfMkj76oIxRyevwWaCWUoFSDnqzjMtRpesBcf', 'video', 7.07),
       ('JkZM5kNhRrly2BoI7BYdYmmMfGYjKiEox7jJxQC04SBo1Prek7vu2QVUCp6BqGpx', 'video', 8.30),
       ('JjhuDv58V3VCMLyt4wXT0buH3Quul8GVg49ES1r0A3ndGwO4AydtXTS84piOQunN', 'video', 4.03),
       ('QfP957O6EzU47JwhUPwNVrHCtZKowkOWAwI1M83CMLhkwJVYyl4dZInD0ZOWAtNG', 'video', 3.95),
       ('nmpbimLJbkzjy29a8c4jPbY3foMaGCON1Hm8M1600ndw3dC8tFOA6k3XYM0t0EzW', 'video', 6.14),
       ('MxXPjQcxfYA6DTuI4JTQt69T0CYKi5E240Ufi3ysPlVrKnWs27J3342tZftp0qOA', 'video', 8.43),
       ('1YinGee90hMkwqLcDCHUMXqaiflmNOkGSXEzjzLQRB4teWy8R64yDMhI7Gy9SX51', 'video', 9.19),
       ('tlcX5W8VeIv9DqBkIas3SJBl1Q7baRs0OxPvPIAOtQm4XbsI2DyUZYJTB6mtFk5t', 'video', 4.39),
       ('HtLXb9UNSHy8eZynzHzowRp9eQEDjLZQ1GCFoaySw0rPGzyUwje2x2ng1LfIa2jh', 'video', 9.65),
       ('d2ARDhRUlN0a58StM9XK07cAcrCxdVPpFtTcb9v9SCaIJaQxDDbzDiu2Mg2iNowY', 'video', 5.66),
       ('IMcxKKjkhuMrxMyr6C99SPihQrVUvdlXith4BDLCs4TqVJ8j04j3PMcDxinZZVnQ', 'video', 7.90),
       ('Akh1DjQGcFBlsMnHtkuKdeIcZRsq2HVlo0M3WeJHfkYzvC1EqHqRuZNt6jmXTzIV', 'video', 7.91),
       ('O8PFjB7KlFfxVOwGNbXPfQ2vlPG8ghnfPrMpybxAmALbGiQI7GRSxmissNbdJTyY', 'video', 6.22),
       ('5iWCYuYnbgv4ZZtqNP1m0xM8gD56MOmvAOR6jiJunk7D5oFAKvq6w0gOwicR1lN3', 'video', 7.46),
       ('J0LDntbb0Q9YZluETua87NmPVbR8ErUTc7DB58N7lH7v5EZs2ZHcBRtjm4n7Tcpg', 'video', 7.21),
       ('htjUMG2mPmpZRzHaP3XnWO1eN5fGbz1CAfTCoD3MabpOIzX0Od1FFOpS2voqXUtl', 'video', 5.36),
       ('GkzBu1woMUiIy1diKPrt04EJ5GsKZdocxGbqae1h2l8TEtPQ3G2dFwntk2zHtUIG', 'video', 4.06),
       ('ox47h3yphGmP58q4WmgafzghykpdyDsI8rfU86ZTDXwLFuymc4TKxUWz4o4vRVq5', 'video', 3.71),
       ('rg7aMEpIkcPQEbcnpjITetKUFZiGqhIu0fkpMbnes85V1nnePupLlNhHpBTQyzyO', 'video', 6.15),
       ('yENc8rZJugESLLX9O2YJXp7yuA0CiSb4SmI0gDPUnOgA5OJ7eppzi62loOdA2CMt', 'video', 9.32),
       ('RGLOJEPfdXiXUPzg3KTZKPQyvBPsz0hcD9KtJGNOQKHxlrKFlhs3yejRpRjvxCR0', 'video', 7.99),
       ('4UxFU6Urgdqr9MzADkOYEnjPE4pTuUjtG3XjF6FNnDOtFA1vXSse9ibF1Ix7phC9', 'video', 9.23),
       ('0OhfCYWBP39FIJ6dORjdbfvmhO8a0QHOWRRokOoBArvtkT40Gfbev3wkr4Bdnyu4', 'video', 6.19),
       ('o0WbKyT9JUhesmr4QlG1pYO2Oho6AM09E367lA8XApT4oWWSIWR4UbFhGB3ij7q0', 'video', 3.85),
       ('Ui0mqv5JQaBBrc0qhlKpzkgwZSSoclIkwdOInFho7GrDgD56dFbls29uKsG8NGjQ', 'video', 8.71),
       ('ElCRtVmpgxFwGkgcxcTNa513hU672iG2CaR9ERgzruFANjbdLf4GOzHqpjkYWXC3', 'video', 7.02),
       ('eFENc0p20nOUuOzCf7uP0vEBhDFJhNy5NweSE7mI8nYPkzCOMkvEAfSbCPwbSB7F', 'video', 6.63),
       ('3B9PNK0DuI5teoerg4NoOKmXwgBKOHvM3hFp9IjD61l8odsbv3eVVDS9CtsfU5JU', 'video', 9.12),
       ('NL7JQ4tCvmJyLtjcJTBXXd4cuU4Q3x6Nej8k8KgH2iM3IhL8zOYvERYqE5sxkHiF', 'video', 8.43),
       ('JnWea2LkvOlkGiv2HqeQNY9T970jiedZrFBACL64ZGPUcYZLRXf2atFynrWxGYWH', 'video', 9.47),
       ('zWCM0VcB4TITUgSyuyTsllWuwEGkXNlYejN1Y3EbPyH1Puz0OZQUiHcLANDir3pD', 'video', 5.09),
       ('LT1ICA8ESVg8BFfRbelNEYRB8emrG7uzOoGLcy8uDy6HQsnBSjgEtY14cyPgZz9T', 'video', 4.80),
       ('V9ksBl89Rwdrn5epV1AAAM41xKOGipWBVrdYfRJ8qozUAO207q6EF1bFoNk6nhDP', 'video', 3.74),
       ('0SnGhpKkMgI3uHDdMIqZbvXMc8Dnfca4KFWRp53AjvqEHPrqYoEoNKWO9284qTeS', 'video', 5.85),
       ('ttIyfd3VaUZ9Namv2W9N3jATU7YUnH2dvTQVP7mWHV7nDqVPbpBzXYWhIqmdsX0I', 'video', 8.55),
       ('2tUL543XXLKY27nhMAFeUZoxNOY0QIsBmhT1PSmaAPmSghJfOIeG4Q82TunzZcG2', 'video', 7.25),
       ('s6BuY6oOOB1JfeB29MT8RX7PyxrYWIBe69UYVkyQ7LlLfqMVYb63K9Wbho6cwhdY', 'video', 3.88),
       ('cyPG2oQiQ1uMMquwWAtwfHxIisq8qc5NjlTVnwKhvOjfImMBV9a26D94zMSllkje', 'video', 7.39),
       ('AAb3j9mKgk05KnCndXXfVbBGndedATmsGRuHUlUn42JC6ivsmjBZWsUqv1xXuF6T', 'video', 8.59),
       ('RbABNwo2AEuOSLwvDxVpVbwuo54UPB6eQiJFB8qDyTNqo6y2TtmK4ErwMbzFldIE', 'video', 8.73),
       ('cTygfguNaHzRC1Pd0dpgJ37vlLfy3AL0PC1M3gmv28Cky7NAkHQub4N12JBOkqA0', 'video', 3.44),
       ('PCb5qkXvAe1m1tIoL8r196rM56V2Njoj7PVRYM9ENBX1MK1c2LjtY3gRCUuogeDQ', 'video', 9.53);

INSERT INTO db.courses
    (tag, name, description, subject, creator)
VALUES ('8M0aUpMiIG8naqVfcx7S1NMxLwrNh5X8MXRsPQzx4CZVQEPYc2s8BYF48G5s4Xpn', 'CC Physics',
        'Example Physics course by Crash Course!', 'physics', 3);


INSERT INTO db.videos
    (tag, name, free, description, subject, uploader)
VALUES ('bl6NkGXPPtrNKVeUngw1FEcXktxnhQNpOqZjVQ4tE3OoxyUEtKsPd3UzFFsNkTq3', 'Crash Course Physics Preview', 1,
        'TODO: descrition', 'physics', 3),
       ('PF0jeuc8OJrlMLLW3LHlVPb06P8nOIbzu4f0lLZwhtWA8jWElKTLntDl09XPwlo1',
        'Motion in a Straight Line： Crash Course Physics', 0, 'TODO: descrition', 'physics', 3),
       ('e1JnoEEHNbGyIskPWhDPLVZvr2V8Hpp6GiBTrtqTP4csV992rOQvRmWaRNZPufhd', 'Derivatives： Crash Course Physics', 0,
        'TODO: descrition', 'physics', 3),
       ('klfMNASOYWEFoFPuVz2Cp7Zn20KhbqO2e6VFkfae5rBt8R0RP90tdMj6YYPT40qs', 'Integrals： Crash Course Physics', 0,
        'TODO: descrition', 'physics', 3),
       ('d85VRB8th0yorcvR1Qk4GHp78MQEUaaLGp8Ei5u3C6MzdpDnN07gp8nsf8tZJW6Q',
        'Vectors and 2D Motion： Crash Course Physics', 0, 'TODO: descrition', 'physics', 3),
       ('q5Dcn6NU5fcDfsmn9WpTqNAVHMPWfMkj76oIxRyevwWaCWUoFSDnqzjMtRpesBcf', 'Newton\'s Laws： Crash Course Physics', 0,
        'TODO: descrition', 'physics', 3),
       ('JkZM5kNhRrly2BoI7BYdYmmMfGYjKiEox7jJxQC04SBo1Prek7vu2QVUCp6BqGpx', 'Friction： Crash Course Physics', 0,
        'TODO: descrition', 'physics', 3),
       ('JjhuDv58V3VCMLyt4wXT0buH3Quul8GVg49ES1r0A3ndGwO4AydtXTS84piOQunN',
        'Uniform Circular Motion： Crash Course Physics', 0, 'TODO: descrition', 'physics', 3),
       ('QfP957O6EzU47JwhUPwNVrHCtZKowkOWAwI1M83CMLhkwJVYyl4dZInD0ZOWAtNG', 'Newtonian Gravity： Crash Course Physics',
        0, 'TODO: descrition', 'physics', 3),
       ('nmpbimLJbkzjy29a8c4jPbY3foMaGCON1Hm8M1600ndw3dC8tFOA6k3XYM0t0EzW',
        'Work, Energy, and Power： Crash Course Physics', 0, 'TODO: descrition', 'physics', 3),
       ('MxXPjQcxfYA6DTuI4JTQt69T0CYKi5E240Ufi3ysPlVrKnWs27J3342tZftp0qOA', 'Collisions： Crash Course Physics', 0,
        'TODO: descrition', 'physics', 3),
       ('1YinGee90hMkwqLcDCHUMXqaiflmNOkGSXEzjzLQRB4teWy8R64yDMhI7Gy9SX51', 'Rotational Motion： Crash Course Physics',
        0, 'TODO: descrition', 'physics', 3),
       ('tlcX5W8VeIv9DqBkIas3SJBl1Q7baRs0OxPvPIAOtQm4XbsI2DyUZYJTB6mtFk5t', 'Torque： Crash Course Physics', 0,
        'TODO: descrition', 'physics', 3),
       ('HtLXb9UNSHy8eZynzHzowRp9eQEDjLZQ1GCFoaySw0rPGzyUwje2x2ng1LfIa2jh', 'Statics： Crash Course Physics', 0,
        'TODO: descrition', 'physics', 3),
       ('d2ARDhRUlN0a58StM9XK07cAcrCxdVPpFtTcb9v9SCaIJaQxDDbzDiu2Mg2iNowY', 'Fluids at Rest： Crash Course Physics', 0,
        'TODO: descrition', 'physics', 3),
       ('IMcxKKjkhuMrxMyr6C99SPihQrVUvdlXith4BDLCs4TqVJ8j04j3PMcDxinZZVnQ', 'Fluids in Motion： Crash Course Physics', 0,
        'TODO: descrition', 'physics', 3),
       ('Akh1DjQGcFBlsMnHtkuKdeIcZRsq2HVlo0M3WeJHfkYzvC1EqHqRuZNt6jmXTzIV',
        'Simple Harmonic Motion： Crash Course Physics', 0, 'TODO: descrition', 'physics', 3),
       ('O8PFjB7KlFfxVOwGNbXPfQ2vlPG8ghnfPrMpybxAmALbGiQI7GRSxmissNbdJTyY', 'Traveling Waves： Crash Course Physics', 0,
        'TODO: descrition', 'physics', 3),
       ('5iWCYuYnbgv4ZZtqNP1m0xM8gD56MOmvAOR6jiJunk7D5oFAKvq6w0gOwicR1lN3', 'Sound： Crash Course Physics', 0,
        'TODO: descrition', 'physics', 3),
       ('J0LDntbb0Q9YZluETua87NmPVbR8ErUTc7DB58N7lH7v5EZs2ZHcBRtjm4n7Tcpg',
        'The Physics of Music： Crash Course Physics', 0, 'TODO: descrition', 'physics', 3),
       ('htjUMG2mPmpZRzHaP3XnWO1eN5fGbz1CAfTCoD3MabpOIzX0Od1FFOpS2voqXUtl', 'Temperature： Crash Course Physics', 0,
        'TODO: descrition', 'physics', 3),
       ('GkzBu1woMUiIy1diKPrt04EJ5GsKZdocxGbqae1h2l8TEtPQ3G2dFwntk2zHtUIG',
        'Kinetic Theory and Phase Changes： Crash Course Physics', 0, 'TODO: descrition', 'physics', 3),
       ('ox47h3yphGmP58q4WmgafzghykpdyDsI8rfU86ZTDXwLFuymc4TKxUWz4o4vRVq5', 'The Physics of Heat： Crash Course Physics',
        0, 'TODO: descrition', 'physics', 3),
       ('rg7aMEpIkcPQEbcnpjITetKUFZiGqhIu0fkpMbnes85V1nnePupLlNhHpBTQyzyO', 'Thermodynamics： Crash Course Physics', 0,
        'TODO: descrition', 'physics', 3),
       ('yENc8rZJugESLLX9O2YJXp7yuA0CiSb4SmI0gDPUnOgA5OJ7eppzi62loOdA2CMt', 'Engines： Crash Course Physics', 0,
        'TODO: descrition', 'physics', 3),
       ('RGLOJEPfdXiXUPzg3KTZKPQyvBPsz0hcD9KtJGNOQKHxlrKFlhs3yejRpRjvxCR0', 'Electric Charge： Crash Course Physics', 0,
        'TODO: descrition', 'physics', 3),
       ('4UxFU6Urgdqr9MzADkOYEnjPE4pTuUjtG3XjF6FNnDOtFA1vXSse9ibF1Ix7phC9', 'Electric Fields： Crash Course Physics', 0,
        'TODO: descrition', 'physics', 3),
       ('0OhfCYWBP39FIJ6dORjdbfvmhO8a0QHOWRRokOoBArvtkT40Gfbev3wkr4Bdnyu4',
        'Voltage, Electric Energy, and Capacitors： Crash Course Physics', 0, 'TODO: descrition', 'physics', 3),
       ('o0WbKyT9JUhesmr4QlG1pYO2Oho6AM09E367lA8XApT4oWWSIWR4UbFhGB3ij7q0', 'Electric Current： Crash Course Physics', 0,
        'TODO: descrition', 'physics', 3),
       ('Ui0mqv5JQaBBrc0qhlKpzkgwZSSoclIkwdOInFho7GrDgD56dFbls29uKsG8NGjQ',
        'DC Resistors & Batteries： Crash Course Physics', 0, 'TODO: descrition', 'physics', 3),
       ('ElCRtVmpgxFwGkgcxcTNa513hU672iG2CaR9ERgzruFANjbdLf4GOzHqpjkYWXC3', 'Circuit Analysis： Crash Course Physics', 0,
        'TODO: descrition', 'physics', 3),
       ('eFENc0p20nOUuOzCf7uP0vEBhDFJhNy5NweSE7mI8nYPkzCOMkvEAfSbCPwbSB7F',
        'Capacitors and Kirchhoff： Crash Course Physics', 0, 'TODO: descrition', 'physics', 3),
       ('3B9PNK0DuI5teoerg4NoOKmXwgBKOHvM3hFp9IjD61l8odsbv3eVVDS9CtsfU5JU', 'Magnetism： Crash Course Physics', 0,
        'TODO: descrition', 'physics', 3),
       ('NL7JQ4tCvmJyLtjcJTBXXd4cuU4Q3x6Nej8k8KgH2iM3IhL8zOYvERYqE5sxkHiF', 'Ampère\'s Law： Crash Course Physics', 0,
        'TODO: descrition', 'physics', 3),
       ('JnWea2LkvOlkGiv2HqeQNY9T970jiedZrFBACL64ZGPUcYZLRXf2atFynrWxGYWH',
        'Induction - An Introduction： Crash Course Physics', 0, 'TODO: descrition', 'physics', 3),
       ('zWCM0VcB4TITUgSyuyTsllWuwEGkXNlYejN1Y3EbPyH1Puz0OZQUiHcLANDir3pD',
        'How Power Gets to Your Home： Crash Course Physics', 0, 'TODO: descrition', 'physics', 3),
       ('LT1ICA8ESVg8BFfRbelNEYRB8emrG7uzOoGLcy8uDy6HQsnBSjgEtY14cyPgZz9T', 'AC Circuits： Crash Course Physics', 0,
        'TODO: descrition', 'physics', 3),
       ('V9ksBl89Rwdrn5epV1AAAM41xKOGipWBVrdYfRJ8qozUAO207q6EF1bFoNk6nhDP',
        'Maxwell\'s Equations： Crash Course Physics', 0, 'TODO: descrition', 'physics', 3),
       ('0SnGhpKkMgI3uHDdMIqZbvXMc8Dnfca4KFWRp53AjvqEHPrqYoEoNKWO9284qTeS', 'Geometric Optics： Crash Course Physics', 0,
        'TODO: descrition', 'physics', 3),
       ('ttIyfd3VaUZ9Namv2W9N3jATU7YUnH2dvTQVP7mWHV7nDqVPbpBzXYWhIqmdsX0I', 'Light Is Waves： Crash Course Physics', 0,
        'TODO: descrition', 'physics', 3),
       ('2tUL543XXLKY27nhMAFeUZoxNOY0QIsBmhT1PSmaAPmSghJfOIeG4Q82TunzZcG2',
        'Spectra Interference： Crash Course Physics', 0, 'TODO: descrition', 'physics', 3),
       ('s6BuY6oOOB1JfeB29MT8RX7PyxrYWIBe69UYVkyQ7LlLfqMVYb63K9Wbho6cwhdY', 'Optical Instruments： Crash Course Physics',
        0, 'TODO: descrition', 'physics', 3),
       ('cyPG2oQiQ1uMMquwWAtwfHxIisq8qc5NjlTVnwKhvOjfImMBV9a26D94zMSllkje', 'Special Relativity： Crash Course Physics',
        0, 'TODO: descrition', 'physics', 3),
       ('AAb3j9mKgk05KnCndXXfVbBGndedATmsGRuHUlUn42JC6ivsmjBZWsUqv1xXuF6T',
        'Quantum Mechanics - Part 1： Crash Course Physics', 0, 'TODO: descrition', 'physics', 3),
       ('RbABNwo2AEuOSLwvDxVpVbwuo54UPB6eQiJFB8qDyTNqo6y2TtmK4ErwMbzFldIE',
        'Quantum Mechanics - Part 2： Crash Course Physics', 0, 'TODO: descrition', 'physics', 3),
       ('cTygfguNaHzRC1Pd0dpgJ37vlLfy3AL0PC1M3gmv28Cky7NAkHQub4N12JBOkqA0', 'Nuclear Physics： Crash Course Physics', 0,
        'TODO: descrition', 'physics', 3),
       ('PCb5qkXvAe1m1tIoL8r196rM56V2Njoj7PVRYM9ENBX1MK1c2LjtY3gRCUuogeDQ',
        'Astrophysics and Cosmology： Crash Course Physics', 0, 'TODO: descrition', 'physics', 3);

INSERT INTO db.course_videos
    (video_tag, course_tag, `order`)
VALUES ('bl6NkGXPPtrNKVeUngw1FEcXktxnhQNpOqZjVQ4tE3OoxyUEtKsPd3UzFFsNkTq3',
        '8M0aUpMiIG8naqVfcx7S1NMxLwrNh5X8MXRsPQzx4CZVQEPYc2s8BYF48G5s4Xpn', 0),
       ('PF0jeuc8OJrlMLLW3LHlVPb06P8nOIbzu4f0lLZwhtWA8jWElKTLntDl09XPwlo1',
        '8M0aUpMiIG8naqVfcx7S1NMxLwrNh5X8MXRsPQzx4CZVQEPYc2s8BYF48G5s4Xpn', 1),
       ('e1JnoEEHNbGyIskPWhDPLVZvr2V8Hpp6GiBTrtqTP4csV992rOQvRmWaRNZPufhd',
        '8M0aUpMiIG8naqVfcx7S1NMxLwrNh5X8MXRsPQzx4CZVQEPYc2s8BYF48G5s4Xpn', 2),
       ('klfMNASOYWEFoFPuVz2Cp7Zn20KhbqO2e6VFkfae5rBt8R0RP90tdMj6YYPT40qs',
        '8M0aUpMiIG8naqVfcx7S1NMxLwrNh5X8MXRsPQzx4CZVQEPYc2s8BYF48G5s4Xpn', 3),
       ('d85VRB8th0yorcvR1Qk4GHp78MQEUaaLGp8Ei5u3C6MzdpDnN07gp8nsf8tZJW6Q',
        '8M0aUpMiIG8naqVfcx7S1NMxLwrNh5X8MXRsPQzx4CZVQEPYc2s8BYF48G5s4Xpn', 4),
       ('q5Dcn6NU5fcDfsmn9WpTqNAVHMPWfMkj76oIxRyevwWaCWUoFSDnqzjMtRpesBcf',
        '8M0aUpMiIG8naqVfcx7S1NMxLwrNh5X8MXRsPQzx4CZVQEPYc2s8BYF48G5s4Xpn', 5),
       ('JkZM5kNhRrly2BoI7BYdYmmMfGYjKiEox7jJxQC04SBo1Prek7vu2QVUCp6BqGpx',
        '8M0aUpMiIG8naqVfcx7S1NMxLwrNh5X8MXRsPQzx4CZVQEPYc2s8BYF48G5s4Xpn', 6),
       ('JjhuDv58V3VCMLyt4wXT0buH3Quul8GVg49ES1r0A3ndGwO4AydtXTS84piOQunN',
        '8M0aUpMiIG8naqVfcx7S1NMxLwrNh5X8MXRsPQzx4CZVQEPYc2s8BYF48G5s4Xpn', 7),
       ('QfP957O6EzU47JwhUPwNVrHCtZKowkOWAwI1M83CMLhkwJVYyl4dZInD0ZOWAtNG',
        '8M0aUpMiIG8naqVfcx7S1NMxLwrNh5X8MXRsPQzx4CZVQEPYc2s8BYF48G5s4Xpn', 8),
       ('nmpbimLJbkzjy29a8c4jPbY3foMaGCON1Hm8M1600ndw3dC8tFOA6k3XYM0t0EzW',
        '8M0aUpMiIG8naqVfcx7S1NMxLwrNh5X8MXRsPQzx4CZVQEPYc2s8BYF48G5s4Xpn', 9),
       ('MxXPjQcxfYA6DTuI4JTQt69T0CYKi5E240Ufi3ysPlVrKnWs27J3342tZftp0qOA',
        '8M0aUpMiIG8naqVfcx7S1NMxLwrNh5X8MXRsPQzx4CZVQEPYc2s8BYF48G5s4Xpn', 10),
       ('1YinGee90hMkwqLcDCHUMXqaiflmNOkGSXEzjzLQRB4teWy8R64yDMhI7Gy9SX51',
        '8M0aUpMiIG8naqVfcx7S1NMxLwrNh5X8MXRsPQzx4CZVQEPYc2s8BYF48G5s4Xpn', 11),
       ('tlcX5W8VeIv9DqBkIas3SJBl1Q7baRs0OxPvPIAOtQm4XbsI2DyUZYJTB6mtFk5t',
        '8M0aUpMiIG8naqVfcx7S1NMxLwrNh5X8MXRsPQzx4CZVQEPYc2s8BYF48G5s4Xpn', 12),
       ('HtLXb9UNSHy8eZynzHzowRp9eQEDjLZQ1GCFoaySw0rPGzyUwje2x2ng1LfIa2jh',
        '8M0aUpMiIG8naqVfcx7S1NMxLwrNh5X8MXRsPQzx4CZVQEPYc2s8BYF48G5s4Xpn', 13),
       ('d2ARDhRUlN0a58StM9XK07cAcrCxdVPpFtTcb9v9SCaIJaQxDDbzDiu2Mg2iNowY',
        '8M0aUpMiIG8naqVfcx7S1NMxLwrNh5X8MXRsPQzx4CZVQEPYc2s8BYF48G5s4Xpn', 14),
       ('IMcxKKjkhuMrxMyr6C99SPihQrVUvdlXith4BDLCs4TqVJ8j04j3PMcDxinZZVnQ',
        '8M0aUpMiIG8naqVfcx7S1NMxLwrNh5X8MXRsPQzx4CZVQEPYc2s8BYF48G5s4Xpn', 15),
       ('Akh1DjQGcFBlsMnHtkuKdeIcZRsq2HVlo0M3WeJHfkYzvC1EqHqRuZNt6jmXTzIV',
        '8M0aUpMiIG8naqVfcx7S1NMxLwrNh5X8MXRsPQzx4CZVQEPYc2s8BYF48G5s4Xpn', 16),
       ('O8PFjB7KlFfxVOwGNbXPfQ2vlPG8ghnfPrMpybxAmALbGiQI7GRSxmissNbdJTyY',
        '8M0aUpMiIG8naqVfcx7S1NMxLwrNh5X8MXRsPQzx4CZVQEPYc2s8BYF48G5s4Xpn', 17),
       ('5iWCYuYnbgv4ZZtqNP1m0xM8gD56MOmvAOR6jiJunk7D5oFAKvq6w0gOwicR1lN3',
        '8M0aUpMiIG8naqVfcx7S1NMxLwrNh5X8MXRsPQzx4CZVQEPYc2s8BYF48G5s4Xpn', 18),
       ('J0LDntbb0Q9YZluETua87NmPVbR8ErUTc7DB58N7lH7v5EZs2ZHcBRtjm4n7Tcpg',
        '8M0aUpMiIG8naqVfcx7S1NMxLwrNh5X8MXRsPQzx4CZVQEPYc2s8BYF48G5s4Xpn', 19),
       ('htjUMG2mPmpZRzHaP3XnWO1eN5fGbz1CAfTCoD3MabpOIzX0Od1FFOpS2voqXUtl',
        '8M0aUpMiIG8naqVfcx7S1NMxLwrNh5X8MXRsPQzx4CZVQEPYc2s8BYF48G5s4Xpn', 20),
       ('GkzBu1woMUiIy1diKPrt04EJ5GsKZdocxGbqae1h2l8TEtPQ3G2dFwntk2zHtUIG',
        '8M0aUpMiIG8naqVfcx7S1NMxLwrNh5X8MXRsPQzx4CZVQEPYc2s8BYF48G5s4Xpn', 21),
       ('ox47h3yphGmP58q4WmgafzghykpdyDsI8rfU86ZTDXwLFuymc4TKxUWz4o4vRVq5',
        '8M0aUpMiIG8naqVfcx7S1NMxLwrNh5X8MXRsPQzx4CZVQEPYc2s8BYF48G5s4Xpn', 22),
       ('rg7aMEpIkcPQEbcnpjITetKUFZiGqhIu0fkpMbnes85V1nnePupLlNhHpBTQyzyO',
        '8M0aUpMiIG8naqVfcx7S1NMxLwrNh5X8MXRsPQzx4CZVQEPYc2s8BYF48G5s4Xpn', 23),
       ('yENc8rZJugESLLX9O2YJXp7yuA0CiSb4SmI0gDPUnOgA5OJ7eppzi62loOdA2CMt',
        '8M0aUpMiIG8naqVfcx7S1NMxLwrNh5X8MXRsPQzx4CZVQEPYc2s8BYF48G5s4Xpn', 24),
       ('RGLOJEPfdXiXUPzg3KTZKPQyvBPsz0hcD9KtJGNOQKHxlrKFlhs3yejRpRjvxCR0',
        '8M0aUpMiIG8naqVfcx7S1NMxLwrNh5X8MXRsPQzx4CZVQEPYc2s8BYF48G5s4Xpn', 25),
       ('4UxFU6Urgdqr9MzADkOYEnjPE4pTuUjtG3XjF6FNnDOtFA1vXSse9ibF1Ix7phC9',
        '8M0aUpMiIG8naqVfcx7S1NMxLwrNh5X8MXRsPQzx4CZVQEPYc2s8BYF48G5s4Xpn', 26),
       ('0OhfCYWBP39FIJ6dORjdbfvmhO8a0QHOWRRokOoBArvtkT40Gfbev3wkr4Bdnyu4',
        '8M0aUpMiIG8naqVfcx7S1NMxLwrNh5X8MXRsPQzx4CZVQEPYc2s8BYF48G5s4Xpn', 27),
       ('o0WbKyT9JUhesmr4QlG1pYO2Oho6AM09E367lA8XApT4oWWSIWR4UbFhGB3ij7q0',
        '8M0aUpMiIG8naqVfcx7S1NMxLwrNh5X8MXRsPQzx4CZVQEPYc2s8BYF48G5s4Xpn', 28),
       ('Ui0mqv5JQaBBrc0qhlKpzkgwZSSoclIkwdOInFho7GrDgD56dFbls29uKsG8NGjQ',
        '8M0aUpMiIG8naqVfcx7S1NMxLwrNh5X8MXRsPQzx4CZVQEPYc2s8BYF48G5s4Xpn', 29),
       ('ElCRtVmpgxFwGkgcxcTNa513hU672iG2CaR9ERgzruFANjbdLf4GOzHqpjkYWXC3',
        '8M0aUpMiIG8naqVfcx7S1NMxLwrNh5X8MXRsPQzx4CZVQEPYc2s8BYF48G5s4Xpn', 30),
       ('eFENc0p20nOUuOzCf7uP0vEBhDFJhNy5NweSE7mI8nYPkzCOMkvEAfSbCPwbSB7F',
        '8M0aUpMiIG8naqVfcx7S1NMxLwrNh5X8MXRsPQzx4CZVQEPYc2s8BYF48G5s4Xpn', 31),
       ('3B9PNK0DuI5teoerg4NoOKmXwgBKOHvM3hFp9IjD61l8odsbv3eVVDS9CtsfU5JU',
        '8M0aUpMiIG8naqVfcx7S1NMxLwrNh5X8MXRsPQzx4CZVQEPYc2s8BYF48G5s4Xpn', 32),
       ('NL7JQ4tCvmJyLtjcJTBXXd4cuU4Q3x6Nej8k8KgH2iM3IhL8zOYvERYqE5sxkHiF',
        '8M0aUpMiIG8naqVfcx7S1NMxLwrNh5X8MXRsPQzx4CZVQEPYc2s8BYF48G5s4Xpn', 33),
       ('JnWea2LkvOlkGiv2HqeQNY9T970jiedZrFBACL64ZGPUcYZLRXf2atFynrWxGYWH',
        '8M0aUpMiIG8naqVfcx7S1NMxLwrNh5X8MXRsPQzx4CZVQEPYc2s8BYF48G5s4Xpn', 34),
       ('zWCM0VcB4TITUgSyuyTsllWuwEGkXNlYejN1Y3EbPyH1Puz0OZQUiHcLANDir3pD',
        '8M0aUpMiIG8naqVfcx7S1NMxLwrNh5X8MXRsPQzx4CZVQEPYc2s8BYF48G5s4Xpn', 35),
       ('LT1ICA8ESVg8BFfRbelNEYRB8emrG7uzOoGLcy8uDy6HQsnBSjgEtY14cyPgZz9T',
        '8M0aUpMiIG8naqVfcx7S1NMxLwrNh5X8MXRsPQzx4CZVQEPYc2s8BYF48G5s4Xpn', 36),
       ('V9ksBl89Rwdrn5epV1AAAM41xKOGipWBVrdYfRJ8qozUAO207q6EF1bFoNk6nhDP',
        '8M0aUpMiIG8naqVfcx7S1NMxLwrNh5X8MXRsPQzx4CZVQEPYc2s8BYF48G5s4Xpn', 37),
       ('0SnGhpKkMgI3uHDdMIqZbvXMc8Dnfca4KFWRp53AjvqEHPrqYoEoNKWO9284qTeS',
        '8M0aUpMiIG8naqVfcx7S1NMxLwrNh5X8MXRsPQzx4CZVQEPYc2s8BYF48G5s4Xpn', 38),
       ('ttIyfd3VaUZ9Namv2W9N3jATU7YUnH2dvTQVP7mWHV7nDqVPbpBzXYWhIqmdsX0I',
        '8M0aUpMiIG8naqVfcx7S1NMxLwrNh5X8MXRsPQzx4CZVQEPYc2s8BYF48G5s4Xpn', 39),
       ('2tUL543XXLKY27nhMAFeUZoxNOY0QIsBmhT1PSmaAPmSghJfOIeG4Q82TunzZcG2',
        '8M0aUpMiIG8naqVfcx7S1NMxLwrNh5X8MXRsPQzx4CZVQEPYc2s8BYF48G5s4Xpn', 40),
       ('s6BuY6oOOB1JfeB29MT8RX7PyxrYWIBe69UYVkyQ7LlLfqMVYb63K9Wbho6cwhdY',
        '8M0aUpMiIG8naqVfcx7S1NMxLwrNh5X8MXRsPQzx4CZVQEPYc2s8BYF48G5s4Xpn', 41),
       ('cyPG2oQiQ1uMMquwWAtwfHxIisq8qc5NjlTVnwKhvOjfImMBV9a26D94zMSllkje',
        '8M0aUpMiIG8naqVfcx7S1NMxLwrNh5X8MXRsPQzx4CZVQEPYc2s8BYF48G5s4Xpn', 42),
       ('AAb3j9mKgk05KnCndXXfVbBGndedATmsGRuHUlUn42JC6ivsmjBZWsUqv1xXuF6T',
        '8M0aUpMiIG8naqVfcx7S1NMxLwrNh5X8MXRsPQzx4CZVQEPYc2s8BYF48G5s4Xpn', 43),
       ('RbABNwo2AEuOSLwvDxVpVbwuo54UPB6eQiJFB8qDyTNqo6y2TtmK4ErwMbzFldIE',
        '8M0aUpMiIG8naqVfcx7S1NMxLwrNh5X8MXRsPQzx4CZVQEPYc2s8BYF48G5s4Xpn', 44),
       ('cTygfguNaHzRC1Pd0dpgJ37vlLfy3AL0PC1M3gmv28Cky7NAkHQub4N12JBOkqA0',
        '8M0aUpMiIG8naqVfcx7S1NMxLwrNh5X8MXRsPQzx4CZVQEPYc2s8BYF48G5s4Xpn', 45),
       ('PCb5qkXvAe1m1tIoL8r196rM56V2Njoj7PVRYM9ENBX1MK1c2LjtY3gRCUuogeDQ',
        '8M0aUpMiIG8naqVfcx7S1NMxLwrNh5X8MXRsPQzx4CZVQEPYc2s8BYF48G5s4Xpn', 46);
