INSERT INTO db.items
    (tag, type, price)
VALUES ('h4lE1vUqTqnlbHVcKpmT5esdj8ouDMeIC2TzjM7V0B9J7teGR2XY9r1i7uzxlL2B', 'course', 20.00),
       ('QIXymoPQ3k3KHoaedY3gTX9Rv0ey7c5p7eSFlMM6UuI3y6zLzKXD67iRvnkwDwfg', 'video', 0.00),
       ('odanwB1lKsu8EJBmK2kp00kwZoQOqBhMAbEUqZYA6qjB4bLBq0xsVPKfmXXFIGiE', 'video', 1.03),
       ('rrDuJF9oDqcgIUe6b2DsQB00l9MSkLKDd0yyM8Ifzt5dI5NzvHvwrODfm82PvFJH', 'video', 2.55),
       ('cuC3TyrXG3Xbyt9wjNT7wJxDPdZ7m9xFeWN5osiWWQqxRKg3HrNB0HZLtFfMiPT5', 'video', 1.72),
       ('g8yi0X6ed68LgWE0bRWNmDdxP9wUZgJ60yRg402WMbihhSzkLVtTicqWf4bgI9F0', 'video', 2.99),
       ('XCAvlzhuFAoNvhE2thbOMdRW2qQcc2paGF8NctB8FPGyd6FpXOH1hjWcIrdb0l0e', 'video', 1.46),
       ('eiJmZh6VGdAiMsmdJvVA60qhup4DcWpLvFSQkAqikzvyExfb9y3418vlVnJgHo2f', 'video', 1.29),
       ('nqJYb1b97uVeoWAHUyWdBeCcrY5IYwDwOrauhwmMYpkApt9nGzMDMYEl6zzuTv55', 'video', 2.65),
       ('Ec9fdIxNlitJ52YGVpn06arfMCeyHrmM87yWVQp0nURkSL56w4UBwZP7erTbhHH4', 'video', 2.12),
       ('Td5IS6gqwTLE13dmhh0srHOr31uaHwyIrZ2DwvO8t18qRCSd1gdwyB2g6p2WSBfU', 'video', 1.18),
       ('GYxMEZwPDN8zRmDd4JK8WmiLSiC1aQGzPAFlZk1IeOksyTqkbDjcp1AAuqPYZEKS', 'video', 2.86),
       ('YxAhDlqUf6fnZYbDPxsU6ClSNkFr2py1V0nv7rUsyZqCdlWtlPtIvVodD7X9zLa1', 'video', 1.91),
       ('xuFoxVQcDIYs6FYjnJ0HJSmL6KgRFi9XBk6pEKT9PQbpIBi7RIRoiJJBn76wDKtj', 'video', 0.99),
       ('wdSYkOIaVkGtTUG9ZvP0Ji13O92ZXGq0HIlStsjKWEh2oBmVF2uHbyOzmTpQmrqy', 'video', 1.46),
       ('HACj0d6AZbAPCbDVQfYAlAjHPfXd2ocBVKlOASatibWertjWzkRNUtPOWv0gNzFJ', 'video', 2.62),
       ('FID9SeIrzIm33Wh5oW9CGjcvXhYzl85aOgaNgDezh0XmxIpWG4MgDpIGvc8FH1Tf', 'video', 1.15),
       ('TwoGemnzw9O8im1VmUV8BdTk02oo2FRPxfjo7NAZBJehnYfLeteC2c64puxYmGpJ', 'video', 2.83),
       ('rEBHAiM6uqhNIvLIhJUJyHu51B4UiHZ9DigYzmAq9DLjQifSKmPFf9CM5L8Ru5kp', 'video', 1.43),
       ('6ulQ92xqtg75Qk0iWthrd9M4uFYVGOhjQnDJWBI273zHxjDdVpqjRD2Iob7IamZ4', 'video', 1.84),
       ('N18gTVJXCfKKUh5pDgUB4m6k6PUm7FeTFGuxguGJYaPWncsWZW99gP4bWYxG74cl', 'video', 1.00),
       ('BcKDtxS3zU5XzENZk6BRqtaJE8TZIRRYWPbuLEahvYvI920HB88Oxnzma3nfDBNz', 'video', 2.66);

INSERT INTO db.courses
    (tag, name, description, subject, creator, views)
VALUES ('h4lE1vUqTqnlbHVcKpmT5esdj8ouDMeIC2TzjM7V0B9J7teGR2XY9r1i7uzxlL2B', 'Crash Course AI',
        'Want to learn more about the amazing technologies behind Artificial Intelligence? Buy this course!',
        'technology', 3, 3338729);


INSERT INTO db.videos
    (tag, name, free, description, subject, uploader, views)
VALUES ('QIXymoPQ3k3KHoaedY3gTX9Rv0ey7c5p7eSFlMM6UuI3y6zLzKXD67iRvnkwDwfg',
        'Crash Course Artificial Intelligence Preview', 1,
        'Welcome to Crash Course Artificial Intelligence! In this series host Jabril Ashe will teach you the logic behind AI by tracing its history and examining how it?s being used today. We?ll even show you how to create some of your own AI systems with the help of co-host John Green Bot! We?ll also spend several episodes on an area of AI known as machine learning which has skyrocketed in popularity in recent years. AI is everywhere right now and has the potential to do amazing things in our lives. But there?s also great potential for peril, which is why we believe it is more important than ever that developers, and non-developers alike, understand AI.<br /><br />Crash Course Artificial Intelligence is produced in association with PBS Digital Studios. <br />https://www.youtube.com/pbsdigitalstudios<br /> <br />Watch more from Jabril on his channel here:<br />https://www.youtube.com/c/jabrils<br /><br />Crash Course is on Patreon! You can support us directly by signing up at http://www.patreon.com/crashcourse<br /><br />Thanks to the following patrons for their generous monthly contributions that help keep Crash Course free for everyone forever:<br /><br />Eric Prestemon, Sam Buck, Mark Brouwer, Timothy J Kwist, Brian Thomas Gossett, Haxiang N/A Liu, Jonathan Zbikowski, Siobhan Sabino, Zach Van Stanley, Bob Doye, Jennifer Killen, Nathan Catchings, Brandon Westmoreland, dorsey, Indika Siriwardena, Kenneth F Penttinen, Trevin Beattie, Erika &amp; Alexa Saur, Justin Zingsheim, Jessica Wode, Tom Trval, Jason Saslow, Nathan Taylor, Khaled El Shalakany, SR Foxley, Sam Ferguson, Yasenia Cruz, Eric Koslow, Caleb Weeks, Tim Curwick, David Noe, Shawn Arnold, William McGraw, Andrei Krishkevich, Rachel Bright, Jirat, Ian Dundore<br />--<br /><br />Want to find Crash Course elsewhere on the internet?<br />Facebook - http://www.facebook.com/YouTubeCrashCourse<br />Twitter - http://www.twitter.com/TheCrashCourse<br />Tumblr - http://thecrashcourse.tumblr.com <br />Support Crash Course on Patreon: http://patreon.com/crashcourse<br /><br />CC Kids: http://www.youtube.com/crashcoursekids<br /><br />#CrashCourse #ArtificialIntelligence #MachineLearning',
        'technology', 3, 470124),
       ('odanwB1lKsu8EJBmK2kp00kwZoQOqBhMAbEUqZYA6qjB4bLBq0xsVPKfmXXFIGiE', 'What Is Artificial Intelligence?', 0,
        'Artificial intelligence is everywhere and it&#x27;s already making a huge impact on our lives. It&#x27;s autocompleting texts on our cellphones, telling us which videos to watch on YouTube, beating us at video games, recognizing us in photos, ordering products in stores, driving cars, scheduling appointments, you get the idea. Today we&#x27;re going to explain what AI can (and can&#x27;t) do right now and explain how we got to where we are today. <br /><br />Crash Course is produced in association with PBS Digital Studios. <br />https://www.youtube.com/pbsdigitalstudios<br /><br />Crash Course is on Patreon! You can support us directly by signing up at http://www.patreon.com/crashcourse<br /><br />Thanks to the following patrons for their generous monthly contributions that help keep Crash Course free for everyone forever:<br /><br />Eric Prestemon, Sam Buck, Mark Brouwer, Timothy J Kwist, Brian Thomas Gossett, Haxiang N/A Liu, Jonathan Zbikowski, Siobhan Sabino, Zach Van Stanley, Bob Doye, Jennifer Killen, Nathan Catchings, Brandon Westmoreland, dorsey, Indika Siriwardena, Kenneth F Penttinen, Trevin Beattie, Erika &amp; Alexa Saur, Justin Zingsheim, Jessica Wode, Tom Trval, Jason Saslow, Nathan Taylor, Khaled El Shalakany, SR Foxley, Sam Ferguson, Yasenia Cruz, Eric Koslow, Caleb Weeks, Tim Curwick, David Noe, Shawn Arnold, William McGraw, Andrei Krishkevich, Rachel Bright, Jirat, Ian Dundore<br />--<br /><br />Want to find Crash Course elsewhere on the internet?<br />Facebook - http://www.facebook.com/YouTubeCrashCourse<br />Twitter - http://www.twitter.com/TheCrashCourse<br />Tumblr - http://thecrashcourse.tumblr.com <br />Support Crash Course on Patreon: http://patreon.com/crashcourse<br /><br />CC Kids: http://www.youtube.com/crashcoursekids<br /><br />#CrashCourse #ArtificialIntelligence #MachineLearning',
        'technology', 3, 576750),
       ('rrDuJF9oDqcgIUe6b2DsQB00l9MSkLKDd0yyM8Ifzt5dI5NzvHvwrODfm82PvFJH', 'Supervised Learning', 0,
        'Today we?re going to teach John Green Bot how to tell the difference between donuts and bagels using supervised learning! Supervised learning is the process of learning WITH training labels, and is the most widely used kind of learning with it comes to AI - helping with stuff like tagging photos on Facebook and filtering spam from your email. We?re going to start small today and show how just a single neuron (or perceptron) is constructed, and explain the differences between precision and recall. Next week, we&#x27;ll build our first neural network. <br /><br />Read more about the perceptron and update rule here: https://jontysinai.github.io/jekyll/update/2017/11/11/the-perceptron.html<br /><br />Crash Course is produced in association with PBS Digital Studios. <br />https://www.youtube.com/pbsdigitalstudios<br /><br />Crash Course is on Patreon! You can support us directly by signing up at http://www.patreon.com/crashcourse<br /><br />Thanks to the following patrons for their generous monthly contributions that help keep Crash Course free for everyone forever:<br /><br />Eric Prestemon, Sam Buck, Mark Brouwer, Timothy J Kwist, Brian Thomas Gossett, Haxiang N/A Liu, Jonathan Zbikowski, Siobhan Sabino, Zach Van Stanley, Bob Doye, Jennifer Killen, Nathan Catchings, Brandon Westmoreland, dorsey, Indika Siriwardena, Kenneth F Penttinen, Trevin Beattie, Erika &amp; Alexa Saur, Justin Zingsheim, Jessica Wode, Tom Trval, Jason Saslow, Nathan Taylor, Khaled El Shalakany, SR Foxley, Sam Ferguson, Yasenia Cruz, Eric Koslow, Caleb Weeks, Tim Curwick, David Noe, Shawn Arnold, William McGraw, Andrei Krishkevich, Rachel Bright, Jirat, Ian Dundore<br />--<br /><br />Want to find Crash Course elsewhere on the internet?<br />Facebook - http://www.facebook.com/YouTubeCrashCourse<br />Twitter - http://www.twitter.com/TheCrashCourse<br />Tumblr - http://thecrashcourse.tumblr.com <br />Support Crash Course on Patreon: http://patreon.com/crashcourse<br /><br />CC Kids: http://www.youtube.com/crashcoursekids<br /><br />#CrashCourse #ArtificialIntelligence #MachineLearning',
        'technology', 3, 322013),
       ('cuC3TyrXG3Xbyt9wjNT7wJxDPdZ7m9xFeWN5osiWWQqxRKg3HrNB0HZLtFfMiPT5', 'Neural Networks and Deep Learning', 0,
        'You can learn more about CuriosityStream at https://curiositystream.com/crashcourse. <br />Today, we&#x27;re going to combine the artificial neuron we created last week into an artificial neural network. Artificial neural networks are better than other methods for more complicated tasks like image recognition, and the key to their success is their hidden layers. We&#x27;ll talk about how the math of these networks work and how using many hidden layers allows us to do deep learning. Neural networks are really powerful at finding patterns in data which is why they&#x27;ve become one of the most dominant machine learning technologies used today. <br /><br />Crash Course is on Patreon! You can support us directly by signing up at http://www.patreon.com/crashcourse<br /><br />Thanks to the following patrons for their generous monthly contributions that help keep Crash Course free for everyone forever:<br /><br />Eric Prestemon, Sam Buck, Mark Brouwer, Timothy J Kwist, Brian Thomas Gossett, Haxiang N/A Liu, Jonathan Zbikowski, Siobhan Sabino, Zach Van Stanley, Bob Doye, Jennifer Killen, Nathan Catchings, Brandon Westmoreland, dorsey, Indika Siriwardena, Kenneth F Penttinen, Trevin Beattie, Erika &amp; Alexa Saur, Justin Zingsheim, Jessica Wode, Tom Trval, Jason Saslow, Nathan Taylor, Khaled El Shalakany, SR Foxley, Sam Ferguson, Yasenia Cruz, Eric Koslow, Caleb Weeks, Tim Curwick, David Noe, Shawn Arnold, William McGraw, Andrei Krishkevich, Rachel Bright, Jirat, Ian Dundore<br />--<br /><br />Want to find Crash Course elsewhere on the internet?<br />Facebook - http://www.facebook.com/YouTubeCrashCourse<br />Twitter - http://www.twitter.com/TheCrashCourse<br />Tumblr - http://thecrashcourse.tumblr.com <br />Support Crash Course on Patreon: http://patreon.com/crashcourse<br /><br />CC Kids: http://www.youtube.com/crashcoursekids<br /><br />#CrashCourse #ArtificialIntelligence #MachineLearning',
        'technology', 3, 275872),
       ('g8yi0X6ed68LgWE0bRWNmDdxP9wUZgJ60yRg402WMbihhSzkLVtTicqWf4bgI9F0', 'Training Neural Networks', 0,
        'Today we?re going to talk about how neurons in a neural network learn by getting their math adjusted, called backpropagation, and how we can optimize networks by finding the best combinations of weights to minimize error. Then we?ll send John Green Bot into the metaphorical jungle to find where this error is the smallest, known as the global optimal solution, compared to just where it is relatively small, called local optimal solutions,  and we&#x27;ll discuss some strategies we can use to help neural networks find these optimized solutions more quickly. <br /><br />Crash Course is produced in association with PBS Digital Studios<br />https://www.youtube.com/pbsdigitalstudios <br /><br />Crash Course is on Patreon! You can support us directly by signing up at http://www.patreon.com/crashcourse<br /><br />Thanks to the following patrons for their generous monthly contributions that help keep Crash Course free for everyone forever:<br /><br />Eric Prestemon, Sam Buck, Mark Brouwer, Timothy J Kwist, Brian Thomas Gossett, Haxiang N/A Liu, Jonathan Zbikowski, Siobhan Sabino, Zach Van Stanley, Bob Doye, Jennifer Killen, Nathan Catchings, Brandon Westmoreland, dorsey, Indika Siriwardena, Kenneth F Penttinen, Trevin Beattie, Erika &amp; Alexa Saur, Justin Zingsheim, Jessica Wode, Tom Trval, Jason Saslow, Nathan Taylor, Khaled El Shalakany, SR Foxley, Sam Ferguson, Yasenia Cruz, Eric Koslow, Caleb Weeks, Tim Curwick, David Noe, Shawn Arnold, William McGraw, Andrei Krishkevich, Rachel Bright, Jirat, Ian Dundore<br />--<br /><br />Want to find Crash Course elsewhere on the internet?<br />Facebook - http://www.facebook.com/YouTubeCrashCourse<br />Twitter - http://www.twitter.com/TheCrashCourse<br />Tumblr - http://thecrashcourse.tumblr.com <br />Support Crash Course on Patreon: http://patreon.com/crashcourse<br /><br />CC Kids: http://www.youtube.com/crashcoursekids<br /><br />#CrashCourse #ArtificialIntelligence #MachineLearning',
        'technology', 3, 155727),
       ('XCAvlzhuFAoNvhE2thbOMdRW2qQcc2paGF8NctB8FPGyd6FpXOH1hjWcIrdb0l0e',
        'How to make an AI read your handwriting (LAB) ', 0,
        'Follow along: https://colab.research.google.com/drive/1NyYH1EPpaJlMBLK0fcKYz4icaD1SNSLK<br />John Green Bot wrote his first novel! Today, in our first ever Lab we?re going to program a neural network to recognize handwritten letters to convert the first part of John Green Bot?s novel into typed text. To do this we?re going to import a labeled dataset, called EMNIST, we?ll use a pre-written library called SKLearn to build the network, we?ll train and tweak our code until it?s accurate (enough), and then we?ll use our newly trained network to convert John Green Bot?s handwritten pages.<br /><br />We created this project in a way that you don?t have to install anything on your computer, the only thing you?ll need to get started is a Google account and a sense of adventure! To run the Colaboratory file (link at the top) you?ll have to click ?open in playground? at the top of the page OR open the File Menu and click ?Save a Copy to Drive.? From there you can change, tweak, and edit the code as you wish. We also left text around and within the code to help you along the way. If you use this code in your own project let us know in the comments!<br /><br />If you want the raw data we used for the project you can download our files from GitHub here: https://github.com/crash-course-ai/lab1-neural-networks <br /><br />EMNIST paper: https://arxiv.org/abs/1702.05373v1<br /><br />Crash Course AI is produced in association with PBS Digital Studios<br />https://www.youtube.com/watch?v=_NMLz042NHk&amp;list=PL1mtdjDVOoOqKjV9WNrIXRphDssM4gu0J<br /><br />#CrashCourse #ArtificialIntelligence #MachineLearning<br /><br />Crash Course is on Patreon! You can support us directly by signing up at http://www.patreon.com/crashcourse<br /><br />Thanks to the following patrons for their generous monthly contributions that help keep Crash Course free for everyone forever:<br /><br />Eric Prestemon, Sam Buck, Mark Brouwer, Indika Siriwardena, Avi Yashchin, Timothy J Kwist, Brian Thomas Gossett, Haixiang N/A Liu, Jonathan Zbikowski, Siobhan Sabino, Zach Van Stanley, Jennifer Killen, Nathan Catchings, Brandon Westmoreland, dorsey, Kenneth F Penttinen, Trevin Beattie, Erika &amp; Alexa Saur, Justin Zingsheim, Jessica Wode, Tom Trval, Jason Saslow, Nathan Taylor, Khaled El Shalakany, SR Foxley, Yasenia Cruz, Eric Koslow, Caleb Weeks, Tim Curwick, David Noe, Shawn Arnold, Andrei Krishkevich, Rachel Bright, Jirat, Ian Dundore<br />--<br /><br />Want to find Crash Course elsewhere on the internet?<br />Facebook - http://www.facebook.com/YouTubeCrashCourse<br />Twitter - http://www.twitter.com/TheCrashCourse<br />Tumblr - http://thecrashcourse.tumblr.com <br />Support Crash Course on Patreon: http://patreon.com/crashcourse<br /><br />CC Kids: http://www.youtube.com/crashcoursekids',
        'technology', 3, 146346),
       ('eiJmZh6VGdAiMsmdJvVA60qhup4DcWpLvFSQkAqikzvyExfb9y3418vlVnJgHo2f', 'Unsupervised Learning', 0,
        'For more information go to?https://wix.com/go/CRASHCOURSE<br />Today, we?re moving on from artificial intelligence that needs training labels, called Supervised Learning, to Unsupervised Learning which is learning by finding patterns in the world. We?ll focus on the performing unsupervised clustering, specifically K-means clustering, and show you how we can extract meaningful patterns from data even when you don&#x27;t know where those patterns are.   <br /><br />Crash Course AI is produced in association with PBS Digital Studios<br />https://www.youtube.com/watch?v=_NMLz042NHk&amp;list=PL1mtdjDVOoOqKjV9WNrIXRphDssM4gu0J<br /><br />Crash Course is on Patreon! You can support us directly by signing up at http://www.patreon.com/crashcourse<br /><br />Thanks to the following patrons for their generous monthly contributions that help keep Crash Course free for everyone forever:<br /><br />Eric Prestemon, Sam Buck, Mark Brouwer, Indika Siriwardena, Avi Yashchin, Timothy J Kwist, Brian Thomas Gossett, Haixiang N/A Liu, Jonathan Zbikowski, Siobhan Sabino, Zach Van Stanley, Jennifer Killen, Nathan Catchings, Brandon Westmoreland, dorsey, Kenneth F Penttinen, Trevin Beattie, Erika &amp; Alexa Saur, Justin Zingsheim, Jessica Wode, Tom Trval, Jason Saslow, Nathan Taylor, Khaled El Shalakany, SR Foxley, Yasenia Cruz, Eric Koslow, Caleb Weeks, Tim Curwick, David Noe, Shawn Arnold, Andrei Krishkevich, Rachel Bright, Jirat, Ian Dundore<br />--<br /><br />Want to find Crash Course elsewhere on the internet?<br />Facebook - http://www.facebook.com/YouTubeCrashCourse<br />Twitter - http://www.twitter.com/TheCrashCourse<br />Tumblr - http://thecrashcourse.tumblr.com <br />Support Crash Course on Patreon: http://patreon.com/crashcourse<br /><br />CC Kids: http://www.youtube.com/crashcoursekids<br /><br />#CrashCourse #ArtificialIntelligence #MachineLearning',
        'technology', 3, 131593),
       ('nqJYb1b97uVeoWAHUyWdBeCcrY5IYwDwOrauhwmMYpkApt9nGzMDMYEl6zzuTv55', 'Natural Language Processing', 0,
        'For more information go to https://curiositystream.com/crashcourse <br />So far in this series, we&#x27;ve mostly focused on how AI can interpret images, but one of the most common ways we interact with computers is through language - we type questions into search engines, use our smart assistants like Siri and Alexa to set alarms and check the weather, and communicate across language barriers with the help of Google Translate. Today, we&#x27;re going to talk about Natural Language Processing, or NLP, show you some strategies computers can use to better understand language like distributional semantics, and then we&#x27;ll introduce you to a type of neural network called a Recurrent Neural Network or RNN to build sentences.   <br /><br />Crash Course AI is produced in association with PBS Digital Studios<br />https://www.youtube.com/user/pbsdigitalstudios/videos<br /><br />Crash Course is on Patreon! You can support us directly by signing up at http://www.patreon.com/crashcourse<br /><br />Thanks to the following patrons for their generous monthly contributions that help keep Crash Course free for everyone forever:<br /><br />Eric Prestemon, Sam Buck, Mark Brouwer, Indika Siriwardena, Avi Yashchin, Timothy J Kwist, Brian Thomas Gossett, Haixiang N/A Liu, Jonathan Zbikowski, Siobhan Sabino, Zach Van Stanley, Jennifer Killen, Nathan Catchings, Brandon Westmoreland, dorsey, Kenneth F Penttinen, Trevin Beattie, Erika &amp; Alexa Saur, Justin Zingsheim, Jessica Wode, Tom Trval, Jason Saslow, Nathan Taylor, Khaled El Shalakany, SR Foxley, Yasenia Cruz, Eric Koslow, Caleb Weeks, Tim Curwick, David Noe, Shawn Arnold, Andrei Krishkevich, Rachel Bright, Jirat, Ian Dundore<br />--<br /><br />Want to find Crash Course elsewhere on the internet?<br />Facebook - http://www.facebook.com/YouTubeCrashCourse<br />Twitter - http://www.twitter.com/TheCrashCourse<br />Tumblr - http://thecrashcourse.tumblr.com <br />Support Crash Course on Patreon: http://patreon.com/crashcourse<br /><br />CC Kids: http://www.youtube.com/crashcoursekids<br /><br />#CrashCourse #ArtificialIntelligence #MachineLearning',
        'technology', 3, 109427),
       ('Ec9fdIxNlitJ52YGVpn06arfMCeyHrmM87yWVQp0nURkSL56w4UBwZP7erTbhHH4', 'Make an AI sound like a YouTuber (LAB)', 0,
        'Follow Along: https://colab.research.google.com/drive/1zrlKOJ_27IA6lJ6XcAirHB2kQWGrAyEL?usp=sharing <br /><br />Let?s try to help John Green Bot sound a bit more like the real John Green using Natural Language Processing. Today, we&#x27;re going to code a program that takes a one-word prompt and then completes the sentence that sounds like something John Green would say. To do this we?re going to collect transcription files from Vlogbrothers episodes, do some preprocessing since John Green has a pretty large vocabulary, then we?ll set up a recurrent neural network (or RNN), train our model, and test it! <br /><br />https://gpt2.apps.allenai.org/?text=Joel%20is<br />https://transformer.huggingface.co/<br /><br />Crash Course AI is produced in association with PBS Digital Studios<br />https://www.youtube.com/user/pbsdigitalstudios/videos<br /><br />Crash Course is on Patreon! You can support us directly by signing up at http://www.patreon.com/crashcourse<br /><br />Thanks to the following patrons for their generous monthly contributions that help keep Crash Course free for everyone forever:<br /><br />Eric Prestemon, Sam Buck, Mark Brouwer, Indika Siriwardena, Avi Yashchin, Timothy J Kwist, Brian Thomas Gossett, Haixiang N/A Liu, Jonathan Zbikowski, Siobhan Sabino, Zach Van Stanley, Jennifer Killen, Nathan Catchings, Brandon Westmoreland, dorsey, Kenneth F Penttinen, Trevin Beattie, Erika &amp; Alexa Saur, Justin Zingsheim, Jessica Wode, Tom Trval, Jason Saslow, Nathan Taylor, Khaled El Shalakany, SR Foxley, Sam Ferguson, Yasenia Cruz, Eric Koslow, Caleb Weeks, Tim Curwick, David Noe, Shawn Arnold, William McGraw, Andrei Krishkevich, Rachel Bright, Jirat, Ian Dundore<br />--<br /><br />Want to find Crash Course elsewhere on the internet?<br />Facebook - http://www.facebook.com/YouTubeCrashCourse<br />Twitter - http://www.twitter.com/TheCrashCourse<br />Tumblr - http://thecrashcourse.tumblr.com <br />Support Crash Course on Patreon: http://patreon.com/crashcourse<br /><br />CC Kids: http://www.youtube.com/crashcoursekids',
        'technology', 3, 76365),
       ('Td5IS6gqwTLE13dmhh0srHOr31uaHwyIrZ2DwvO8t18qRCSd1gdwyB2g6p2WSBfU', 'Reinforcement Learning', 0,
        'Reinforcement learning is particularly useful in situations where we want to train AIs to have certain skills we don?t fully understand ourselves. Unlike some of the techniques we?ve discussed so far, reinforcement learning generally only looks at how an AI performs a task AFTER it has completed it. And when an AI completes that task figuring out when and how to reward an AI, called credit assignment,  is one of the hardest parts of reinforcement learning. So today, we?re going to explore these ideas, introduce a ton of new terms like value, policy, agent, environment, actions, and states and we?ll show you how we can use strategies like exploration and exploitation to train John Green Bot to find things more efficiently next time. <br /><br />Crash Course AI is produced in association with PBS Digital Studios: <br />https://www.youtube.com/user/pbsdigitalstudios/videos<br /><br />Crash Course is on Patreon! You can support us directly by signing up at http://www.patreon.com/crashcourse<br /><br />Thanks to the following patrons for their generous monthly contributions that help keep Crash Course free for everyone forever:<br /><br />Eric Prestemon, Sam Buck, Mark Brouwer, Indika Siriwardena, Avi Yashchin, Timothy J Kwist, Brian Thomas Gossett, Haixiang N/A Liu, Jonathan Zbikowski, Siobhan Sabino, Zach Van Stanley, Jennifer Killen, Nathan Catchings, Brandon Westmoreland, dorsey, Kenneth F Penttinen, Trevin Beattie, Erika &amp; Alexa Saur, Justin Zingsheim, Jessica Wode, Tom Trval, Jason Saslow, Nathan Taylor, Khaled El Shalakany, SR Foxley, Sam Ferguson, Yasenia Cruz, Eric Koslow, Caleb Weeks, Tim Curwick, David Noe, Shawn Arnold, William McGraw, Andrei Krishkevich, Rachel Bright, Jirat, Ian Dundore<br />--<br /><br />Want to find Crash Course elsewhere on the internet?<br />Facebook - http://www.facebook.com/YouTubeCrashCourse<br />Twitter - http://www.twitter.com/TheCrashCourse<br />Tumblr - http://thecrashcourse.tumblr.com <br />Support Crash Course on Patreon: http://patreon.com/crashcourse<br /><br />CC Kids: http://www.youtube.com/crashcoursekids<br /><br />#CrashCourse #ArtificialIntelligence #MachineLearning',
        'technology', 3, 97429),
       ('GYxMEZwPDN8zRmDd4JK8WmiLSiC1aQGzPAFlZk1IeOksyTqkbDjcp1AAuqPYZEKS', 'Symbolic AI', 0,
        'Today we&#x27;re going to talk about Symbolic AI - also known as &quot;good old-fashioned AI&quot;. Symbolic AI is really different from the modern neural networks we&#x27;ve discussed so far, instead, it represents problems using symbols and then uses logic to search for solutions. And this type of AI is used broadly in video games and in expert systems like those that manage inventory at grocery stores and set rates at insurance companies. Today we&#x27;ll show you how we represent symbols and their relations, teach you how to build a knowledge base, and then introduce some simple propositional logic that is at the heart of these AI systems. <br /><br />Crash Course AI is produced in association with PBS Digital Studios https://www.youtube.com/pbsdigitalstudios<br /><br />Crash Course is on Patreon! You can support us directly by signing up at http://www.patreon.com/crashcourse<br /><br />Thanks to the following patrons for their generous monthly contributions that help keep Crash Course free for everyone forever:<br /><br />Eric Prestemon, Sam Buck, Mark Brouwer, Indika Siriwardena, Avi Yashchin, Timothy J Kwist, Brian Thomas Gossett, Haixiang N/A Liu, Jonathan Zbikowski, Siobhan Sabino, Zach Van Stanley, Jennifer Killen, Nathan Catchings, Brandon Westmoreland, dorsey, Kenneth F Penttinen, Trevin Beattie, Erika &amp; Alexa Saur, Justin Zingsheim, Jessica Wode, Tom Trval, Jason Saslow, Nathan Taylor, Khaled El Shalakany, SR Foxley, Sam Ferguson, Yasenia Cruz, Eric Koslow, Caleb Weeks, Tim Curwick, David Noe, Shawn Arnold, William McGraw, Andrei Krishkevich, Rachel Bright, Jirat, Ian Dundore<br />--<br /><br />Want to find Crash Course elsewhere on the internet?<br />Facebook - http://www.facebook.com/YouTubeCrashCourse<br />Twitter - http://www.twitter.com/TheCrashCourse<br />Tumblr - http://thecrashcourse.tumblr.com <br />Support Crash Course on Patreon: http://patreon.com/crashcourse<br /><br />CC Kids: http://www.youtube.com/crashcoursekids',
        'technology', 3, 87212),
       ('YxAhDlqUf6fnZYbDPxsU6ClSNkFr2py1V0nv7rUsyZqCdlWtlPtIvVodD7X9zLa1', 'Robotics', 0,
        'Robots aren?t like humans who can do a lot of different things. They?re designed for very specific tasks like vacuuming our homes, assembling cars in a factory, or exploring the surface of other planets. So even though it may be a while before we have a general household robot that can do it all, robots are still really important because they can do some things incredibly well even better than humans. So today, we&#x27;re going to take a look at the role of AI in overcoming three key challenges in the field of robotics: localization, planning, and manipulation.  <br /><br />Crash Course is produced in association with PBS Digital Studios:<br />https://www.youtube.com/pbsdigitalstudios<br /><br />Crash Course is on Patreon! You can support us directly by signing up at http://www.patreon.com/crashcourse<br /><br />Thanks to the following patrons for their generous monthly contributions that help keep Crash Course free for everyone forever:<br /><br />Eric Prestemon, Sam Buck, Mark Brouwer, Indika Siriwardena, Avi Yashchin, Timothy J Kwist, Brian Thomas Gossett, Haixiang N/A Liu, Jonathan Zbikowski, Siobhan Sabino, Zach Van Stanley, Jennifer Killen, Nathan Catchings, Brandon Westmoreland, dorsey, Kenneth F Penttinen, Trevin Beattie, Erika &amp; Alexa Saur, Justin Zingsheim, Jessica Wode, Tom Trval, Jason Saslow, Nathan Taylor, Khaled El Shalakany, SR Foxley, Sam Ferguson, Yasenia Cruz, Eric Koslow, Caleb Weeks, Tim Curwick, David Noe, Shawn Arnold, William McGraw, Andrei Krishkevich, Rachel Bright, Jirat, Ian Dundore<br />--<br /><br />Want to find Crash Course elsewhere on the internet?<br />Facebook - http://www.facebook.com/YouTubeCrashCourse<br />Twitter - http://www.twitter.com/TheCrashCourse<br />Tumblr - http://thecrashcourse.tumblr.com <br />Support Crash Course on Patreon: http://patreon.com/crashcourse<br /><br />CC Kids: http://www.youtube.com/crashcoursekids<br /><br />#CrashCourse #ArtificialIntelligence #MachineLearning',
        'technology', 3, 100269),
       ('xuFoxVQcDIYs6FYjnJ0HJSmL6KgRFi9XBk6pEKT9PQbpIBi7RIRoiJJBn76wDKtj', 'AI Playing Games', 0,
        'As we mentioned last episode, one of the best test spaces for building new AI systems are games. This is because games provide a great framework for an AI to learn an objective and slowly improve. In recent years, AI has made huge strides in games from beating Jeopardy! champions to crushing a five-person team in DOTA 2. Today, we?re going to walk you through creating a Tic Tac Toe bot that uses the minimax algorithm to become undefeatable and we?ll talk about evolutionary neural networks like in SethBling?s MarI/O project. Next week we?ll create our very own game and create an AI to master it! <br /><br />Watch SethBling?s MarI/O video: https://www.youtube.com/watch?v=qv6UVOQ0F44<br /><br />Crash Course is produced in association with PBS Digital Studios: https://www.youtube.com/pbsdigitalstudios<br /><br />Crash Course is on Patreon! You can support us directly by signing up at http://www.patreon.com/crashcourse<br /><br />Thanks to the following patrons for their generous monthly contributions that help keep Crash Course free for everyone forever:<br /><br />Eric Prestemon, Sam Buck, Mark Brouwer, Indika Siriwardena, Avi Yashchin, Timothy J Kwist, Brian Thomas Gossett, Haixiang N/A Liu, Jonathan Zbikowski, Siobhan Sabino, Zach Van Stanley, Jennifer Killen, Nathan Catchings, Brandon Westmoreland, dorsey, Kenneth F Penttinen, Trevin Beattie, Erika &amp; Alexa Saur, Justin Zingsheim, Jessica Wode, Tom Trval, Jason Saslow, Nathan Taylor, Khaled El Shalakany, SR Foxley, Sam Ferguson, Yasenia Cruz, Eric Koslow, Caleb Weeks, Tim Curwick, David Noe, Shawn Arnold, William McGraw, Andrei Krishkevich, Rachel Bright, Jirat, Ian Dundore<br />--<br /><br />Want to find Crash Course elsewhere on the internet?<br />Facebook - http://www.facebook.com/YouTubeCrashCourse<br />Twitter - http://www.twitter.com/TheCrashCourse<br />Tumblr - http://thecrashcourse.tumblr.com <br />Support Crash Course on Patreon: http://patreon.com/crashcourse<br /><br />CC Kids: http://www.youtube.com/crashcoursekids<br /><br />#CrashCourse #ArtificialIntelligence #MachineLearning',
        'technology', 3, 70747),
       ('wdSYkOIaVkGtTUG9ZvP0Ji13O92ZXGq0HIlStsjKWEh2oBmVF2uHbyOzmTpQmrqy',
        'Let\'s make an AI that destroys video games', 0,
        'Follow along: https://colab.research.google.com/drive/1uYXTDeBbPeuJfM1teufZ9nUaiRIN9nHW <br />Today we create a game and then build an AI to destroy it. Our game is called TrashBlaster, and it?s like Asteroids but with trash in the ocean, and instead of a spaceship John Green Bot is wielding a laser. We&#x27;ll use machine learning techniques such as an evolutionary neural network alongside a carefully crafted fitness function to create an unstoppable AI. <br /><br />To install the game on your computer download our repo on Github: https://github.com/crash-course-ai/lab3-games<br /><br />Crash Course is produced in association with PBS Digital Studios: https://www.youtube.com/pbsdigitalstudios<br /><br />Crash Course is on Patreon! You can support us directly by signing up at http://www.patreon.com/crashcourse<br /><br />Thanks to the following patrons for their generous monthly contributions that help keep Crash Course free for everyone forever:<br /><br />Eric Prestemon, Sam Buck, Mark Brouwer, Indika Siriwardena, Avi Yashchin, Timothy J Kwist, Brian Thomas Gossett, Haixiang N/A Liu, Jonathan Zbikowski, Siobhan Sabino, Zach Van Stanley, Jennifer Killen, Nathan Catchings, Brandon Westmoreland, dorsey, Kenneth F Penttinen, Trevin Beattie, Erika &amp; Alexa Saur, Justin Zingsheim, Jessica Wode, Tom Trval, Jason Saslow, Nathan Taylor, Khaled El Shalakany, SR Foxley, Sam Ferguson, Yasenia Cruz, Eric Koslow, Tim Curwick, David Noe, Shawn Arnold, William McGraw, Andrei Krishkevich, Rachel Bright, Jirat, Ian Dundore<br />--<br /><br />Want to find Crash Course elsewhere on the internet?<br />Facebook - http://www.facebook.com/YouTubeCrashCourse<br />Twitter - http://www.twitter.com/TheCrashCourse<br />Tumblr - http://thecrashcourse.tumblr.com <br />Support Crash Course on Patreon: http://patreon.com/crashcourse<br /><br />CC Kids: http://www.youtube.com/crashcoursekids<br /><br />#CrashCourse #ArtificialIntelligence #MachineLearning',
        'technology', 3, 80590),
       ('HACj0d6AZbAPCbDVQfYAlAjHPfXd2ocBVKlOASatibWertjWzkRNUtPOWv0gNzFJ', 'Humans and AI working together', 0,
        'There?s been a lot of discussion about how automation is going to take people?s jobs and we don?t want to downplay that real impact, but today we?re going to focus on the benefits of humans and AI working together. Human-AI teams allow us to fill in each others weaknesses leveraging human creativity and insight with the ability to perform rote manual tasks and synthesize lots of information. This kind of collaboration can help us make better decisions, brainstorm new inventions, give us superhuman abilities, rescue victims of natural disasters, and of course become the ultimate chess master. <br /><br />Crash Course is produced in association with PBS Digital Studios: https://www.youtube.com/pbsdigitalstudios<br /><br />Crash Course is on Patreon! You can support us directly by signing up at http://www.patreon.com/crashcourse<br /><br />Thanks to the following patrons for their generous monthly contributions that help keep Crash Course free for everyone forever:<br /><br />Eric Prestemon, Sam Buck, Mark Brouwer, Indika Siriwardena, Avi Yashchin, Timothy J Kwist, Brian Thomas Gossett, Haixiang N/A Liu, Jonathan Zbikowski, Siobhan Sabino, Zach Van Stanley, Jennifer Killen, Nathan Catchings, Brandon Westmoreland, dorsey, Kenneth F Penttinen, Trevin Beattie, Erika &amp; Alexa Saur, Justin Zingsheim, Jessica Wode, Tom Trval, Jason Saslow, Nathan Taylor, Khaled El Shalakany, SR Foxley, Sam Ferguson, Yasenia Cruz, Eric Koslow, Tim Curwick, David Noe, Shawn Arnold, William McGraw, Andrei Krishkevich, Rachel Bright, Jirat, Ian Dundore<br />--<br /><br />Want to find Crash Course elsewhere on the internet?<br />Facebook - http://www.facebook.com/YouTubeCrashCourse<br />Twitter - http://www.twitter.com/TheCrashCourse<br />Tumblr - http://thecrashcourse.tumblr.com <br />Support Crash Course on Patreon: http://patreon.com/crashcourse<br /><br />CC Kids: http://www.youtube.com/crashcoursekids<br /><br />#CrashCourse #MachineLearning #ArtificialIntelligence',
        'technology', 3, 62426),
       ('FID9SeIrzIm33Wh5oW9CGjcvXhYzl85aOgaNgDezh0XmxIpWG4MgDpIGvc8FH1Tf', 'How YouTube knows what you should watch',
        0,
        'Subscribe to Sound Field! https://www.youtube.com/channel/UCvMLMyKPomE6kTTL9Kv8Iww <br />Today we?re going to talk about recommender systems which form the backbone of so much of the content we see online from video recommendations on YouTube and Netflix to ads we see on Facebook, Twitter, and well, everywhere else.  We?ll talk about their types of systems - content-based, social, and personalized recommendations - and take a closer look at what they&#x27;re good at, but also why they often fail. <br /><br />Crash Course is produced in association with PBS Digital Studios: https://www.youtube.com/pbsdigitalstudios<br /><br />Crash Course is on Patreon! You can support us directly by signing up at http://www.patreon.com/crashcourse<br /><br />Thanks to the following patrons for their generous monthly contributions that help keep Crash Course free for everyone forever:<br /><br />Eric Prestemon, Sam Buck, Mark Brouwer, Indika Siriwardena, Avi Yashchin, Timothy J Kwist, Brian Thomas Gossett, Haixiang N/A Liu, Jonathan Zbikowski, Siobhan Sabino, Zach Van Stanley, Jennifer Killen, Nathan Catchings, Brandon Westmoreland, dorsey, Kenneth F Penttinen, Trevin Beattie, Erika &amp; Alexa Saur, Justin Zingsheim, Jessica Wode, Tom Trval, Jason Saslow, Nathan Taylor, Khaled El Shalakany, SR Foxley, Sam Ferguson, Yasenia Cruz, Eric Koslow, Tim Curwick, David Noe, Shawn Arnold, William McGraw, Andrei Krishkevich, Rachel Bright, Jirat, Ian Dundore<br />--<br /><br />Want to find Crash Course elsewhere on the internet?<br />Facebook - http://www.facebook.com/YouTubeCrashCourse<br />Twitter - http://www.twitter.com/TheCrashCourse<br />Tumblr - http://thecrashcourse.tumblr.com <br />Support Crash Course on Patreon: http://patreon.com/crashcourse<br /><br />CC Kids: http://www.youtube.com/crashcoursekids<br /><br />#CrashCourse #MachineLearning #ArtificialIntelligence',
        'technology', 3, 75772),
       ('TwoGemnzw9O8im1VmUV8BdTk02oo2FRPxfjo7NAZBJehnYfLeteC2c64puxYmGpJ', 'Let\'s make a movie recommendation system',
        0,
        'Follow along: https://colab.research.google.com/drive/1-v9cw18wTDjaCUlECKHsQnHeisLKyG8U <br />We need to save Jabril and John Green Bot?s movie nights. Jabril generally likes action movies and John Green Bot likes romantic movies, but they need to find something that they can both watch and enjoy together. Today, we?re going to build a movie recommender systems to find that perfect movie. With the help of the LensKit library, our AI will use existing movie ratings from the MovieLens dataset and personalized ratings from Jabril and John Green Bot to perform user-user collaborative filtering. We?ll then create a Jabril Green Bot hybrid that will average these ratings to try and find something that they both want to watch. <br /><br />Lenskit documentation: https://java.lenskit.org/documentation/<br /><br />Our GitHub for this lab: https://github.com/crash-course-ai/lab4-recommender-systems<br /><br />Crash Course is produced in association with PBS Digital Studios: https://www.youtube.com/pbsdigitalstudios<br /><br /><br />Crash Course is on Patreon! You can support us directly by signing up at http://www.patreon.com/crashcourse<br /><br />Thanks to the following patrons for their generous monthly contributions that help keep Crash Course free for everyone forever:<br /><br />Eric Prestemon, Sam Buck, Mark Brouwer, Indika Siriwardena, Avi Yashchin, Timothy J Kwist, Brian Thomas Gossett, Haixiang N/A Liu, Jonathan Zbikowski, Siobhan Sabino, Zach Van Stanley, Jennifer Killen, Nathan Catchings, Brandon Westmoreland, dorsey, Kenneth F Penttinen, Trevin Beattie, Erika &amp; Alexa Saur, Justin Zingsheim, Jessica Wode, Tom Trval, Jason Saslow, Nathan Taylor, Khaled El Shalakany, SR Foxley, Sam Ferguson, Yasenia Cruz, Eric Koslow, Tim Curwick, David Noe, Shawn Arnold, William McGraw, Andrei Krishkevich, Rachel Bright, Jirat, Ian Dundore<br />--<br /><br />Want to find Crash Course elsewhere on the internet?<br />Facebook - http://www.facebook.com/YouTubeCrashCourse<br />Twitter - http://www.twitter.com/TheCrashCourse<br />Tumblr - http://thecrashcourse.tumblr.com <br />Support Crash Course on Patreon: http://patreon.com/crashcourse<br /><br />CC Kids: http://www.youtube.com/crashcoursekids<br /><br />#CrashCourse #MachineLearning #ArtificialIntelligence',
        'technology', 3, 63516),
       ('rEBHAiM6uqhNIvLIhJUJyHu51B4UiHZ9DigYzmAq9DLjQifSKmPFf9CM5L8Ru5kp', 'Web Search', 0,
        'Today we?re going to talk about search engines, which are just AI systems that try to help us find what we?re looking for. Search engines can be the sort that serve up a list of results, like during a Google or Bing search, using web crawlers, an inverted index, and measuring stuff like click through and bounce back to figure out what you want to see. They can also be the kind that give you answers, like when you ask Siri or Alexa a question, relying on knowledge bases. Admittedly, these systems aren?t perfect so next week we?ll talk about bias in AI systems like this. <br /><br />Crash Course is produced in association with PBS Digital Studios: https://www.youtube.com/pbsdigitalstudios<br /><br />Crash Course is on Patreon! You can support us directly by signing up at http://www.patreon.com/crashcourse<br /><br />Thanks to the following patrons for their generous monthly contributions that help keep Crash Course free for everyone forever:<br /><br />Eric Prestemon, Sam Buck, Mark Brouwer, Efrain R. Pedroza, Matthew Curls, Indika Siriwardena, Avi Yashchin, Timothy J Kwist, Brian Thomas Gossett, Haixiang N/A Liu, Jonathan Zbikowski, Siobhan Sabino, Jennifer Killen, Nathan Catchings, Brandon Westmoreland, dorsey, Kenneth F Penttinen, Trevin Beattie, Erika &amp; Alexa Saur, Justin Zingsheim, Jessica Wode, Tom Trval, Jason Saslow, Nathan Taylor, Khaled El Shalakany, SR Foxley, Yasenia Cruz, Eric Koslow, Caleb Weeks, Tim Curwick, DAVID NOE, Shawn Arnold, William McGraw, Andrei Krishkevich, Rachel Bright, Jirat, Ian Dundore<br />--<br /><br />Want to find Crash Course elsewhere on the internet?<br />Facebook - http://www.facebook.com/YouTubeCrashCourse<br />Twitter - http://www.twitter.com/TheCrashCourse<br />Tumblr - http://thecrashcourse.tumblr.com <br />Support Crash Course on Patreon: http://patreon.com/crashcourse<br /><br />CC Kids: http://www.youtube.com/crashcoursekids<br /><br />#CrashCourse #MachineLearning #ArtificialIntelligence',
        'technology', 3, 72040),
       ('6ulQ92xqtg75Qk0iWthrd9M4uFYVGOhjQnDJWBI273zHxjDdVpqjRD2Iob7IamZ4', 'Algorithmic Bias and Fairness', 0,
        'Check out Jabril&#x27;s collab with &quot;Above the Noise&quot; about Deepfakes: https://www.youtube.com/watch?v=Ro8b69VeL9U<br />Today, we&#x27;re going to talk about five common types of algorithmic bias we should pay attention to: data that reflects existing biases, unbalanced classes in training data, data that doesn&#x27;t capture the right value, data that is amplified by feedback loops, and malicious data. Now bias itself isn&#x27;t necessarily a terrible thing, our brains often use it to take shortcuts by finding patterns, but bias can become a problem if we don&#x27;t acknowledge exceptions to patterns or if we allow it to discriminate. <br /><br />Crash Course is produced in association with PBS Digital Studios: <br />https://www.youtube.com/pbsdigitalstudios<br /><br />Crash Course is on Patreon! You can support us directly by signing up at http://www.patreon.com/crashcourse<br /><br />Thanks to the following patrons for their generous monthly contributions that help keep Crash Course free for everyone forever:<br /><br />Eric Prestemon, Sam Buck, Mark Brouwer, Efrain R. Pedroza, Matthew Curls, Indika Siriwardena, Avi Yashchin, Timothy J Kwist, Brian Thomas Gossett, Haixiang N/A Liu, Jonathan Zbikowski, Siobhan Sabino, Jennifer Killen, Nathan Catchings, Brandon Westmoreland, dorsey, Kenneth F Penttinen, Trevin Beattie, Erika &amp; Alexa Saur, Justin Zingsheim, Jessica Wode, Tom Trval, Jason Saslow, Nathan Taylor, Khaled El Shalakany, SR Foxley, Yasenia Cruz, Eric Koslow, Caleb Weeks, Tim Curwick, DAVID NOE, Shawn Arnold, William McGraw, Andrei Krishkevich, Rachel Bright, Jirat, Ian Dundore<br />--<br /><br />Want to find Crash Course elsewhere on the internet?<br />Facebook - http://www.facebook.com/YouTubeCrashCourse<br />Twitter - http://www.twitter.com/TheCrashCourse<br />Tumblr - http://thecrashcourse.tumblr.com <br />Support Crash Course on Patreon: http://patreon.com/crashcourse<br /><br />CC Kids: http://www.youtube.com/crashcoursekids<br /><br />#CrashCourse #ArtificialIntelligence #MachineLearning',
        'technology', 3, 115078),
       ('N18gTVJXCfKKUh5pDgUB4m6k6PUm7FeTFGuxguGJYaPWncsWZW99gP4bWYxG74cl',
        'Cats vs Dogs? Let\'s make an AI to settle this', 0,
        'Follow along: https://colab.research.google.com/drive/1N5IdMTmiNbwEOD8dqammN8GAfpk41arw<br />Today, in our final lab, Jabril tries to make an AI settle the question once and for all, &quot;Will a cat or a dog make us happier?&quot; But in building this AI, Jabril will accidentally incorporate the very bias he was trying to avoid. So today we&#x27;ll talk about how bias creeps into our algorithms and what we can do to try to account for these problems. <br /><br />Crash Course is produced in association with PBS Digital Studios: https://www.youtube.com/pbsdigitalstudios <br /><br />Crash Course is on Patreon! You can support us directly by signing up at http://www.patreon.com/crashcourse<br /><br />Thanks to the following patrons for their generous monthly contributions that help keep Crash Course free for everyone forever:<br /><br />Eric Prestemon, Sam Buck, Mark Brouwer, Efrain R. Pedroza, Matthew Curls, Indika Siriwardena, Avi Yashchin, Timothy J Kwist, Brian Thomas Gossett, Haixiang N/A Liu, Jonathan Zbikowski, Siobhan Sabino, Jennifer Killen, Nathan Catchings, Brandon Westmoreland, dorsey, Kenneth F Penttinen, Trevin Beattie, Erika &amp; Alexa Saur, Justin Zingsheim, Jessica Wode, Tom Trval, Jason Saslow, Nathan Taylor, Khaled El Shalakany, SR Foxley, Yasenia Cruz, Eric Koslow, Caleb Weeks, Tim Curwick, DAVID NOE, Shawn Arnold, William McGraw, Andrei Krishkevich, Rachel Bright, Jirat, Ian Dundore<br />--<br /><br />Want to find Crash Course elsewhere on the internet?<br />Facebook - http://www.facebook.com/YouTubeCrashCourse<br />Twitter - http://www.twitter.com/TheCrashCourse<br />Tumblr - http://thecrashcourse.tumblr.com <br />Support Crash Course on Patreon: http://patreon.com/crashcourse<br /><br />CC Kids: http://www.youtube.com/crashcoursekids<br /><br />#CrashCourse #ArtificialIntelligence #MachineLearning',
        'technology', 3, 74809),
       ('BcKDtxS3zU5XzENZk6BRqtaJE8TZIRRYWPbuLEahvYvI920HB88Oxnzma3nfDBNz', 'The Future of Artificial Intelligence', 0,
        'Today, in our final episode of Crash Course AI, we&#x27;re going to look towards the future. We&#x27;ve spent much of this series explaining how and why we don&#x27;t have the Artificial General Intelligence (or AGI) that we see in the movies like Bladerunner, Her, or Ex Machina. Siri frequently doesn&#x27;t understand us, we probably shouldn&#x27;t sleep in our self-driving cars, and those recommended videos on YouTube and Netflix often aren&#x27;t what we really want to watch next. So let&#x27;s talk about what we do know, how we got here, and where we think it&#x27;s all headed. Thanks so much everyone for watching! <br />Don&#x27;t forget to subscribe to Jabril?s channel here!<br />http://youtube.com/c/jabrils<br />And you can find some more free recourses to learn about AI below!<br />https://course.fast.ai/<br />https://www.coursera.org/learn/ai-for-everyone?<br />https://www.coursera.org/learn/machine-learning<br />https://pytorch.org/tutorials/beginner/deep_learning_60min_blitz.html<br />https://www.kaggle.com/learn/overview<br />https://www.kaggle.com/competitions?sortBy=grouped&amp;group=general&amp;page=1&amp;pageSize=20&amp;category=gettingStarted<br /><br />Crash Course AI is produced in association with PBS Digital Studios: <br />https://www.youtube.com/pbsdigitalstudios<br /><br />Crash Course is on Patreon! You can support us directly by signing up at http://www.patreon.com/crashcourse<br /><br />Thanks to the following patrons for their generous monthly contributions that help keep Crash Course free for everyone forever:<br /><br />Eric Prestemon, Sam Buck, Mark Brouwer, Efrain R. Pedroza, Matthew Curls, Indika Siriwardena, Avi Yashchin, Timothy J Kwist, Brian Thomas Gossett, Haixiang N/A Liu, Jonathan Zbikowski, Siobhan Sabino, Jennifer Killen, Nathan Catchings, Brandon Westmoreland, dorsey, Kenneth F Penttinen, Trevin Beattie, Erika &amp; Alexa Saur, Justin Zingsheim, Jessica Wode, Tom Trval, Jason Saslow, Nathan Taylor, Khaled El Shalakany, SR Foxley, Yasenia Cruz, Eric Koslow, Caleb Weeks, Tim Curwick, DAVID NOE, Shawn Arnold, William McGraw, Andrei Krishkevich, Rachel Bright, Jirat, Ian Dundore<br /><br />Want to find Crash Course elsewhere on the internet?<br />Facebook - http://www.facebook.com/YouTubeCrashCourse<br />Twitter - http://www.twitter.com/TheCrashCourse<br />Tumblr - http://thecrashcourse.tumblr.com <br />Support Crash Course on Patreon: http://patreon.com/crashcourse<br />CC Kids: http://www.youtube.com/crashcoursekids<br />#CrashCourse #MachineLearning #ArtificialIntelligence',
        'technology', 3, 174624);

INSERT INTO db.course_videos
    (video_tag, course_tag, `order`)
VALUES ('QIXymoPQ3k3KHoaedY3gTX9Rv0ey7c5p7eSFlMM6UuI3y6zLzKXD67iRvnkwDwfg',
        'h4lE1vUqTqnlbHVcKpmT5esdj8ouDMeIC2TzjM7V0B9J7teGR2XY9r1i7uzxlL2B', 0),
       ('odanwB1lKsu8EJBmK2kp00kwZoQOqBhMAbEUqZYA6qjB4bLBq0xsVPKfmXXFIGiE',
        'h4lE1vUqTqnlbHVcKpmT5esdj8ouDMeIC2TzjM7V0B9J7teGR2XY9r1i7uzxlL2B', 1),
       ('rrDuJF9oDqcgIUe6b2DsQB00l9MSkLKDd0yyM8Ifzt5dI5NzvHvwrODfm82PvFJH',
        'h4lE1vUqTqnlbHVcKpmT5esdj8ouDMeIC2TzjM7V0B9J7teGR2XY9r1i7uzxlL2B', 2),
       ('cuC3TyrXG3Xbyt9wjNT7wJxDPdZ7m9xFeWN5osiWWQqxRKg3HrNB0HZLtFfMiPT5',
        'h4lE1vUqTqnlbHVcKpmT5esdj8ouDMeIC2TzjM7V0B9J7teGR2XY9r1i7uzxlL2B', 3),
       ('g8yi0X6ed68LgWE0bRWNmDdxP9wUZgJ60yRg402WMbihhSzkLVtTicqWf4bgI9F0',
        'h4lE1vUqTqnlbHVcKpmT5esdj8ouDMeIC2TzjM7V0B9J7teGR2XY9r1i7uzxlL2B', 4),
       ('XCAvlzhuFAoNvhE2thbOMdRW2qQcc2paGF8NctB8FPGyd6FpXOH1hjWcIrdb0l0e',
        'h4lE1vUqTqnlbHVcKpmT5esdj8ouDMeIC2TzjM7V0B9J7teGR2XY9r1i7uzxlL2B', 5),
       ('eiJmZh6VGdAiMsmdJvVA60qhup4DcWpLvFSQkAqikzvyExfb9y3418vlVnJgHo2f',
        'h4lE1vUqTqnlbHVcKpmT5esdj8ouDMeIC2TzjM7V0B9J7teGR2XY9r1i7uzxlL2B', 6),
       ('nqJYb1b97uVeoWAHUyWdBeCcrY5IYwDwOrauhwmMYpkApt9nGzMDMYEl6zzuTv55',
        'h4lE1vUqTqnlbHVcKpmT5esdj8ouDMeIC2TzjM7V0B9J7teGR2XY9r1i7uzxlL2B', 7),
       ('Ec9fdIxNlitJ52YGVpn06arfMCeyHrmM87yWVQp0nURkSL56w4UBwZP7erTbhHH4',
        'h4lE1vUqTqnlbHVcKpmT5esdj8ouDMeIC2TzjM7V0B9J7teGR2XY9r1i7uzxlL2B', 8),
       ('Td5IS6gqwTLE13dmhh0srHOr31uaHwyIrZ2DwvO8t18qRCSd1gdwyB2g6p2WSBfU',
        'h4lE1vUqTqnlbHVcKpmT5esdj8ouDMeIC2TzjM7V0B9J7teGR2XY9r1i7uzxlL2B', 9),
       ('GYxMEZwPDN8zRmDd4JK8WmiLSiC1aQGzPAFlZk1IeOksyTqkbDjcp1AAuqPYZEKS',
        'h4lE1vUqTqnlbHVcKpmT5esdj8ouDMeIC2TzjM7V0B9J7teGR2XY9r1i7uzxlL2B', 10),
       ('YxAhDlqUf6fnZYbDPxsU6ClSNkFr2py1V0nv7rUsyZqCdlWtlPtIvVodD7X9zLa1',
        'h4lE1vUqTqnlbHVcKpmT5esdj8ouDMeIC2TzjM7V0B9J7teGR2XY9r1i7uzxlL2B', 11),
       ('xuFoxVQcDIYs6FYjnJ0HJSmL6KgRFi9XBk6pEKT9PQbpIBi7RIRoiJJBn76wDKtj',
        'h4lE1vUqTqnlbHVcKpmT5esdj8ouDMeIC2TzjM7V0B9J7teGR2XY9r1i7uzxlL2B', 12),
       ('wdSYkOIaVkGtTUG9ZvP0Ji13O92ZXGq0HIlStsjKWEh2oBmVF2uHbyOzmTpQmrqy',
        'h4lE1vUqTqnlbHVcKpmT5esdj8ouDMeIC2TzjM7V0B9J7teGR2XY9r1i7uzxlL2B', 13),
       ('HACj0d6AZbAPCbDVQfYAlAjHPfXd2ocBVKlOASatibWertjWzkRNUtPOWv0gNzFJ',
        'h4lE1vUqTqnlbHVcKpmT5esdj8ouDMeIC2TzjM7V0B9J7teGR2XY9r1i7uzxlL2B', 14),
       ('FID9SeIrzIm33Wh5oW9CGjcvXhYzl85aOgaNgDezh0XmxIpWG4MgDpIGvc8FH1Tf',
        'h4lE1vUqTqnlbHVcKpmT5esdj8ouDMeIC2TzjM7V0B9J7teGR2XY9r1i7uzxlL2B', 15),
       ('TwoGemnzw9O8im1VmUV8BdTk02oo2FRPxfjo7NAZBJehnYfLeteC2c64puxYmGpJ',
        'h4lE1vUqTqnlbHVcKpmT5esdj8ouDMeIC2TzjM7V0B9J7teGR2XY9r1i7uzxlL2B', 16),
       ('rEBHAiM6uqhNIvLIhJUJyHu51B4UiHZ9DigYzmAq9DLjQifSKmPFf9CM5L8Ru5kp',
        'h4lE1vUqTqnlbHVcKpmT5esdj8ouDMeIC2TzjM7V0B9J7teGR2XY9r1i7uzxlL2B', 17),
       ('6ulQ92xqtg75Qk0iWthrd9M4uFYVGOhjQnDJWBI273zHxjDdVpqjRD2Iob7IamZ4',
        'h4lE1vUqTqnlbHVcKpmT5esdj8ouDMeIC2TzjM7V0B9J7teGR2XY9r1i7uzxlL2B', 18),
       ('N18gTVJXCfKKUh5pDgUB4m6k6PUm7FeTFGuxguGJYaPWncsWZW99gP4bWYxG74cl',
        'h4lE1vUqTqnlbHVcKpmT5esdj8ouDMeIC2TzjM7V0B9J7teGR2XY9r1i7uzxlL2B', 19),
       ('BcKDtxS3zU5XzENZk6BRqtaJE8TZIRRYWPbuLEahvYvI920HB88Oxnzma3nfDBNz',
        'h4lE1vUqTqnlbHVcKpmT5esdj8ouDMeIC2TzjM7V0B9J7teGR2XY9r1i7uzxlL2B', 20);


INSERT INTO db.items
    (tag, type, price)
VALUES ('YynM9nGauMCD3Zc9FGSbKNOqGndes6FlnKLO7kiy39ojJliTB5Af3Qi5698bRrvm', 'course', 35.00),
       ('EjMYnIR5Eod5oSKJvqDVoWTbiinzYMcRrDmP2jdWJSZ00II69u0wxjqyYeVk6bdg', 'video', 0.00),
       ('71yHBAEVyK2Pz4GfDdtqUih0DagN00ZuE40mnhPhwHRLCYVyHF6mbD01K9VAn3Bk', 'video', 1.89),
       ('0cS2UeLy3XWNwgLADo2UlyhOwjZ5uiikzLU93BK1phw4U5GlRPYXjNjEWX85BU82', 'video', 0.79),
       ('9NvaugYtGoRDSVp0PlYosGvBjsDgBiQK7ICN12Ga7CCy5PgEv4PF3x0o4z0PuNn6', 'video', 0.70),
       ('cZBdtB65h6xEb3nr7t0VliYHyCY50ewbM5A0Mw0DJQsOuwGpNnQ11KToDjuhGkep', 'video', 1.06),
       ('np2zHRc9pbW70S0Vtj9GKCtteKNN59NbmsXtM7UAKfWmcFaQmoBIgpYeIGgkSxZq', 'video', 0.80),
       ('ZDTzCLxyxXHdIp4DHKmhBkykxj0dRObgBx0u6Pwc9J7zkZq7ebujnMzxXDkt7Puy', 'video', 2.87),
       ('QQgQQxcWltOM438SPd4ZFTUapPmKRvoIeIOu9VGFjZEeJKcSiqEqPIa4xtRI6LlY', 'video', 0.76),
       ('erm0hLBBkJKmMaXBKkQt0r82u0qEWRYlivcYQ8gkwXjzwhYV2ymWUK6ewl864w7b', 'video', 1.50),
       ('BdmpvsLk37MbOmKNXGJbk8kq6btH1SsuPiivnH01I0BZWgllLHAnn3pctQOFSebj', 'video', 2.71),
       ('H8UFvoesuVZ14zWf4USSmVDgtv9cC2UatHO53GgACoipuD0aThcefsJAk8e4ThXe', 'video', 2.25),
       ('JRp4NnF9V5gu7oqJK4sNxxflm7xPwXdPAYPHJukqr0kr3bfReyMgiTDW0qpqCZIu', 'video', 1.27),
       ('WUp49K9dWYyHsUGQSVxG1tlKofHthyyeGGKMEvQZmqwIYyeaG4Ssgc0nQpMajU3x', 'video', 1.76),
       ('mo84DBMPSMGFINlKVjwSFVu84cg7kfya2UhTvVgQoUjDVUnqWaxCOk2DHWDHxL9j', 'video', 0.56),
       ('P6QXxHshiudsaQtoAPENk8RWVYPeDrM0vC37ojkuEtvDWgBolZdOtPGqe8hreoHg', 'video', 1.10),
       ('KyjC75RndJHQ0QRQOxRASLGfwSnVpRbZhrX7ZjvOXnTNYnimZiFhxG0K83F3AEoE', 'video', 1.09),
       ('HkgCmfkpnYCYkXDqS2530IekkALedNTUzPhTfY4qgYfC9L3CkCxXBbM3PKE0l4pM', 'video', 1.27),
       ('e85GVjcyybnZZR9wFERjrabTYO2bP9Z1X9mgCDOTBXRnxUnMrxfpDXM3S03GxhoG', 'video', 0.95),
       ('NJ9ChxVpzrcX1YQulNZYSvT1AHwf65hbqkQeHwj2NnRTy4S2jXF2GT866MtDFY3q', 'video', 2.31),
       ('QpeCjwLAdAZ6RP5UPdg0UPFQDlyIltvFPz3t2k7Cz40u9pDePNijyYn9iyXxh6aC', 'video', 1.13),
       ('ruj9A88lT9UI8sZI95knTlkXnVezidKHLKsgIJNbp89FNA979TDFvr16tK917ZRk', 'video', 1.78),
       ('a0vaIXctkj0dPkj1WRXrpl8qGpIHi9sI1OJTpp1bfBaPd0U7nO1ALEa3QPMe1Gqe', 'video', 1.39),
       ('Bpqzq7GA3P9SykGahMI82r8K7YMH5xQMSDlOztHSB16oaFwsjqsBvHC6Rk2Rzgn7', 'video', 1.20),
       ('M5YLW4Lm5rZUNcwq904vTztfO5aYzqy0NKzZIdOfuHIS1EVX85YTQis0Fz96cx4v', 'video', 0.57),
       ('HkmCRNbcB93nm08Mk3NAKsiAisKsGrC5ISsLVkt69YxBc1DoPJlOOX85pg1mjxdb', 'video', 1.82),
       ('IuEcbJg3yQO6Q0wttjN8RrWJOImudVhwxBRKRHCmqupBcnTzANhK4TSAIdWfbsh0', 'video', 2.94),
       ('9XO63w0uKKKir0WvfDoHkC061SDJMfDJH1lvMiF1FFMsyoYbtp6TQSiN3IaD17X7', 'video', 2.70),
       ('HajciL3i5EFwqrXlwyFxXHFQcWfWncCKK2CYlzV1j6wTkzg7pyplnXdHLkgtX7SG', 'video', 2.20),
       ('oNMj6y6Ml2l64Cx1tXrpgnID3BKDpFmwJSpnHwKMexJHQi1p0i5vhHwgzgojZXxU', 'video', 2.50),
       ('R39fihT8xWyEvuXd0NLeYON8WQ9nnECR1eo9QxOC6dUEhJXTp65ZL4N0Do1jOaZz', 'video', 2.04),
       ('pAQx4oo56Byg597qqecCAgGd0sYbEOzE9U4jC6GJmt9tHX1rer1EvnOKHqxBG5yD', 'video', 2.93),
       ('DjjstYOmwEfYmUGRZOXay6R0F8R7s5k8lIxswbQuIHZW4dxlGovOvIlopqIq748r', 'video', 2.02),
       ('BoFHSLR57WTURt1m0IVL23qsj6h14xDOXWgbqaifKK9Ok0DCT5GJTmQs2jvOmg4X', 'video', 0.52),
       ('HqQf48yQZxIv56uvgiJURfvTz4AXwFwuGjegHU4hcafgWDLKgKsapgh0mS06WuZy', 'video', 2.92),
       ('vRHPMxad8VKEZicI1m30Gbg6p9D3y9CrjH2gCFdD9anDm2Rg94LVOHf6VTCHK5Eu', 'video', 2.05),
       ('7DXfq7TxhJuVRTasQncmYEGdZ12UC99af9NNBznebMJRlRZya1ueHF4faMaATyym', 'video', 1.40),
       ('SZEXRs2IrmmOUAuoexG99bcqpYd4wEEv0rQZpvNgofr2MOuXLhCx5lIUUTvgU7or', 'video', 1.51),
       ('mk2uQ7dEuEtEjtMraHbPci565R8LxUX0pSf9OBJdSoi6o5Dwx98M3pTVftZdGkfs', 'video', 2.49),
       ('7XJDLoqzYp3HXYe41R25XeAftQs81S2xPExpsa45GhyH8qtwCdmJDxhjmRxKmnkx', 'video', 0.72),
       ('c7AJpKe6GErJo46f3O3HJ62775Zn7kCvYFjS3ewWREkb0FSbFaROr969Db3XgXDD', 'video', 1.76),
       ('XdpKbWirXAHb0B4viZ1PZqJ5YAKBZGbeazLIKOXpK7UYTD2rJwVt4ufegYOzbUvZ', 'video', 2.41);

INSERT INTO db.courses
    (tag, name, description, subject, creator, views)
VALUES ('YynM9nGauMCD3Zc9FGSbKNOqGndes6FlnKLO7kiy39ojJliTB5Af3Qi5698bRrvm', 'Crash Course Biology',
        'Want to find out about the intricacies of living creatures and the internals of humans? Buy this course!',
        'biology', 3, 122923640);


INSERT INTO db.videos
    (tag, name, free, description, subject, uploader, views)
VALUES ('EjMYnIR5Eod5oSKJvqDVoWTbiinzYMcRrDmP2jdWJSZ00II69u0wxjqyYeVk6bdg', 'Crash Course Biology Preview', 1,
        'In 40 episodes, Hank Green teaches you biology!<br /><br /><br />***<br />Watch our videos and review your learning with the Crash Course App! <br />Download here for Apple Devices: https://apple.co/3d4eyZo<br />Download here for Android Devices: https://bit.ly/2SrDulJ<br /><br />Crash Course is on Patreon! You can support us directly by signing up at http://www.patreon.com/crashcourse<br /><br />Thanks to the following patrons for their generous monthly contributions that help keep Crash Course free for everyone forever:<br /><br />Catherine Conroy, Leonora Ross? Mu?oz, John M Lee, Patty Laqua, Stephen Saar, Eric Prestemon, Sam Buck, Mark Brouwer, William McGraw, Siobhan Sabino, Mark W Billian, Jason Saslow, Jennifer Killen, Jon &amp; Jennifer Smith, Jonathan Zbikowski, Shawn Arnold, Trevin Beattie, Matthew Curls, Khaled El Shalakany, Ian Dundore, Kenneth F Penttinen, Eric Koslow, Timothy J Kwist, Indika Siriwardena, Caleb Weeks, Zhu Junrong, HAIXIANGN/A LIU, Nathan Taylor, Alan Bridgeman, Andrei Krishkevich, Brian Thomas Gossett, SR Foxley, Alexander Thomson, Tom Trval, Justin Zingsheim, Brandon Westmoreland, dorsey, Jessica Wode, Nathan Catchings, Yasenia Cruz, Jirat<br />--<br /><br />Want to find Crash Course elsewhere on the internet?<br />Facebook - http://www.facebook.com/YouTubeCrashCourse<br />Twitter - http://www.twitter.com/TheCrashCourse<br />Tumblr - http://thecrashcourse.tumblr.com <br />Support Crash Course on Patreon: http://patreon.com/crashcourse<br /><br />CC Kids: http://www.youtube.com/crashcoursekids',
        'biology', 3, 387724),
       ('71yHBAEVyK2Pz4GfDdtqUih0DagN00ZuE40mnhPhwHRLCYVyHF6mbD01K9VAn3Bk', 'Carbon... SO SIMPLE', 0,
        'And thus begins the most revolutionary biology course in history. Come and learn about covalent, ionic, and hydrogen bonds. What about electron orbitals, the octet rule, and what does it all have to do with a mad man named Gilbert Lewis? It&#x27;s all contained within.<br /><br />Chapter Timecode:<br />1. Intro = 00:00<br />2. Carbon = 01:51<br />3. Electron Shells = 04:23<br />4. The Octet Rule = 06:52<br />5. Gilbert Lewis = 05:09<br />6. Covalent Bonds = 04:41<br />7. Polar &amp; Non-Polar Covalent Bonds = 07:58<br />8. Ionic Bonds = 08:29<br />9. Hydrogen Bonds = 10:11<br /><br />Crash Course is on Patreon! You can support us directly by signing up at http://www.patreon.com/crashcourse<br /><br />Want to find Crash Course elsewhere on the internet?<br />Facebook - http://www.facebook.com/YouTubeCrashCourse<br />Twitter - http://www.twitter.com/TheCrashCourse<br />Instagram - https://www.instagram.com/thecrashcourse/<br /><br />CC Kids: http://www.youtube.com/crashcoursekids',
        'biology', 3, 7718543),
       ('0cS2UeLy3XWNwgLADo2UlyhOwjZ5uiikzLU93BK1phw4U5GlRPYXjNjEWX85BU82', 'Water - Liquid Awesome', 0,
        'Hank teaches us why water is one of the most fascinating and important substances in the universe.<br /><br />Review:<br />Re-watch = 00:00<br />Introduction = 00:42<br />Molecular structure &amp; hydrogen bonds = 01:38<br />Cohesion &amp; surface tension = 02:46<br />Adhesion = 03:31<br />Hydrophilic substances = 04:42<br />Hydrophobic substances = 05:14<br />Henry Cavendish = 05:49<br />Ice Density = 07:45<br />Heat Capacity = 09:10<br /><br />Citations:<br />http://www.extension.umn.edu/distribution/youthdevelopment/components/0328-02.html<br />http://www.uni.edu/~iowawet/H2OProperties.html<br />http://www.hometrainingtools.com/properties-water-science-teaching-tip/a/1274/<br />http://science.howstuffworks.com/environmental/earth/geophysics/h2o7.htm<br />http://www.robinsonlibrary.com/science/chemistry/biography/cavendish.htm<br />http://chemistry.mtu.edu/~pcharles/SCIHISTORY/HenryCavendish.html<br />http://www.nndb.com/people/030/000083778/<br />http://www.notablebiographies.com/Ca-Ch/Cavendish-Henry.html<br /><br />Crash Course is on Patreon! You can support us directly by signing up at http://www.patreon.com/crashcourse<br /><br />Want to find Crash Course elsewhere on the internet?<br />Facebook - http://www.facebook.com/YouTubeCrashCourse<br />Twitter - http://www.twitter.com/TheCrashCourse<br />Instagram - https://www.instagram.com/thecrashcourse/<br /><br />CC Kids: http://www.youtube.com/crashcoursekids',
        'biology', 3, 4765673),
       ('9NvaugYtGoRDSVp0PlYosGvBjsDgBiQK7ICN12Ga7CCy5PgEv4PF3x0o4z0PuNn6',
        'Biological Molecules - You Are What You Eat', 0,
        'Hank talks about the molecules that make up every living thing - carbohydrates, lipids, and proteins - and how we find them in our environment and in the food that we eat.  <br /><br />Crash Course is on Patreon! You can support us directly by signing up at http://www.patreon.com/crashcourse<br /><br />Want to find Crash Course elsewhere on the internet?<br />Facebook - http://www.facebook.com/YouTubeCrashCourse<br />Twitter - http://www.twitter.com/TheCrashCourse<br />Instagram - https://www.instagram.com/thecrashcourse/<br /><br />CC Kids: http://www.youtube.com/crashcoursekids',
        'biology', 3, 6474993),
       ('cZBdtB65h6xEb3nr7t0VliYHyCY50ewbM5A0Mw0DJQsOuwGpNnQ11KToDjuhGkep', 'Eukaryopolis - The City of Animal Cells',
        0,
        'Hank tells us about the city of Eukaryopolis - the animal cell that is responsible for all the cool things that happen in our bodies.<br /><br />Table of Contents time codes<br />1) Robert Hooke 1:59<br />2) Cilia/Flagella 2:52<br />3) Cell Membrane 3:32<br />4) Cytoplasm/Cytoskeleton/Centrosomes 3:58<br />5) Endoplasmic Reticulum 4:41<br />6) Ribosomes 5:45<br />7) Golgi Apparatus 6:00<br />8) Lysosomes 6:47<br />9) Nucleus 7:06<br />10) Mitochondria 9:14<br /><br />Crash Course is on Patreon! You can support us directly by signing up at http://www.patreon.com/crashcourse<br /><br />Want to find Crash Course elsewhere on the internet?<br />Facebook - http://www.facebook.com/YouTubeCrashCourse<br />Twitter - http://www.twitter.com/TheCrashCourse<br />Instagram - https://www.instagram.com/thecrashcourse/<br /><br />CC Kids: http://www.youtube.com/crashcoursekids',
        'biology', 3, 5247315),
       ('np2zHRc9pbW70S0Vtj9GKCtteKNN59NbmsXtM7UAKfWmcFaQmoBIgpYeIGgkSxZq', 'In Da Club - Membranes & Transport', 0,
        'Hank describes how cells regulate their contents and communicate with one another via mechanisms within the cell membrane.<br /><br />&quot;Concert&quot; music used with permission from Chameleon Circuit.<br />This video uses sounds from Freesound.org<br /><br />Table of Contents time codes:<br />1) Passive Transport - 1:17<br />2) Diffusion - 1:25<br />3) Osmosis - 2:12<br />4) Channel Proteins- 4:37<br />5) Active Transport - 4:58<br />6) ATP - 5:37<br />7) Transport Proteins - 6:19<br />8) Biolography - 6:37<br />9) Vesicular Transport - 9:02<br />10) Exocytosis - 9:21<br />11) Endocytosis - 9:50<br />12) Phagocytosis - 9:57<br />13) Pinocytosis - 10:29<br />14) Receptor-Mediated Endocytosis - 10:48<br /><br />Crash Course is on Patreon! You can support us directly by signing up at http://www.patreon.com/crashcourse<br /><br />Want to find Crash Course elsewhere on the internet?<br />Facebook - http://www.facebook.com/YouTubeCrashCourse<br />Twitter - http://www.twitter.com/TheCrashCourse<br />Instagram - https://www.instagram.com/thecrashcourse/<br /><br />CC Kids: http://www.youtube.com/crashcoursekids',
        'biology', 3, 5334397),
       ('ZDTzCLxyxXHdIp4DHKmhBkykxj0dRObgBx0u6Pwc9J7zkZq7ebujnMzxXDkt7Puy', 'Plant Cells', 0,
        'Hank describes why plants are so freaking amazing - discussing their evolution, and how their cells are both similar to &amp; different from animal cells.<br /><br />This video uses sounds from Freesound.org<br /><br />Table of Contents annotations:<br />1. Re-watch the whole video 0:00<br />2. Introduction 0:00<br />3. Plant Evolution 0:56<br />4. Eukaryotic vs. Prokaryotic Cells 2:33<br />5. Cellulose and Lignin 3:58<br />6. Plastids and Chloroplasts 7:05<br />7. Central Vacuole 8:10<br /><br />Crash Course is on Patreon! You can support us directly by signing up at http://www.patreon.com/crashcourse<br /><br />Want to find Crash Course elsewhere on the internet?<br />Facebook - http://www.facebook.com/YouTubeCrashCourse<br />Twitter - http://www.twitter.com/TheCrashCourse<br />Instagram - https://www.instagram.com/thecrashcourse/<br /><br />CC Kids: http://www.youtube.com/crashcoursekids',
        'biology', 3, 2935337),
       ('QQgQQxcWltOM438SPd4ZFTUapPmKRvoIeIOu9VGFjZEeJKcSiqEqPIa4xtRI6LlY', 'ATP & Respiration', 0,
        'In which Hank does some push-ups for science and describes the &quot;economy&quot; of cellular respiration and the various processes whereby our bodies create energy in the form of ATP.<br /><br />Special thanks go to Stafford Fitness (www.staffordfitness.net) for allowing us to shoot the gym scenes in their facilities.<br /><br />This video uses sounds from Freesound.org<br /><br />Table of Contents:<br />1) Cellular Respiration 01:00<br />2) Adenosine Triphosphate 01:29<br />3) Glycolysis 4:13<br />A) Pyruvate Molecules 5:00<br />B) Anaerobic Respiration/Fermentation 5:33<br />C) Aerobic Respiration 6:45<br />4) Krebs Cycle 7:06<br />A) Acetyl COA 7:38<br />B) Oxaloacetic Acid 8:21<br />C) Biolography: Hans Krebs 8:37<br />D) NAD/FAD 9:48<br />5) Electron Transport Chain 10:55<br />6) Check the Math 12:33<br /><br />Crash Course is on Patreon! You can support us directly by signing up at http://www.patreon.com/crashcourse<br /><br />Want to find Crash Course elsewhere on the internet?<br />Facebook - http://www.facebook.com/YouTubeCrashCourse<br />Twitter - http://www.twitter.com/TheCrashCourse<br />Instagram - https://www.instagram.com/thecrashcourse/<br /><br />CC Kids: http://www.youtube.com/crashcoursekids',
        'biology', 3, 9867751),
       ('erm0hLBBkJKmMaXBKkQt0r82u0qEWRYlivcYQ8gkwXjzwhYV2ymWUK6ewl864w7b', 'Photosynthesis', 0,
        'Hank explains the extremely complex series of reactions whereby plants feed themselves on sunlight, carbon dioxide and water, and also create some by products we&#x27;re pretty fond of as well.<br /><br />This video uses sounds from Freesound.org.<br /><br />Citations:<br />http://biology.about.com/od/plantbiology/a/aa050605a.htm<br />http://www.rsc.org/Education/Teachers/Resources/cfb/Photosynthesis.htm<br />http://www.ncbi.nlm.nih.gov/books/NBK21598/<br />http://www.life.illinois.edu/govindjee/paper/gov.html<br />http://scienceaid.co.uk/biology/biochemistry/photosynthesis.html<br />http://www.biology-innovation.co.uk/pages/plant-biology-ecology/photosynthesis/<br />http://chemistry.about.com/od/lecturenotesl3/a/photosynthesis_4.htm<br />http://www.bio.umass.edu/biology/conn.river/calvin.html<br />http://www.talkorigins.org/faqs/thermo/probability.html<br /><br />Table of Contents:<br />1) Water 1:16<br />2) Carbon Dioxide 1:32<br />3) Sunlight/Photons 1:43<br />4) Chloroplasts 1:57<br />5) Light Reaction/Light-Dependent 2:42<br />a. Photosystem II 3:33<br />b. Cytochrome Complex 5:54<br />c. ATP Synthase 6:16<br />d. Photosystem I 7:06<br />6) Dark Reactions/Light-Independent 7:55<br />a. Phase 1 - Carbon Fixation 8:50<br />b. Phase 2 - Reduction 11:31<br />c. Phase 3 - Regeneration 12:02<br /><br />Crash Course is on Patreon! You can support us directly by signing up at http://www.patreon.com/crashcourse<br /><br />Want to find Crash Course elsewhere on the internet?<br />Facebook - http://www.facebook.com/YouTubeCrashCourse<br />Twitter - http://www.twitter.com/TheCrashCourse<br />Instagram - https://www.instagram.com/thecrashcourse/<br /><br />CC Kids: http://www.youtube.com/crashcoursekids',
        'biology', 3, 7699534),
       ('BdmpvsLk37MbOmKNXGJbk8kq6btH1SsuPiivnH01I0BZWgllLHAnn3pctQOFSebj', 'Heredity', 0,
        'Hank and his brother John discuss heredity via the gross example of relative ear wax moistness.<br /><br />This video uses sounds from Freesound.org.<br /><br />References:<br />http://www.mpiwg-berlin.mpg.de/en/research/projects/DeptIII_Cultural_History_Heredity<br />http://www.pbs.org/wgbh/nova/genome/her_ari.html<br />http://www.universityofcalifornia.edu/news/article/4465<br />http://www.nytimes.com/2006/01/29/science/29cnd-ear.html<br />http://udel.edu/~mcdonald/mythearwax.html<br /><br />Crash Course is on Patreon! You can support us directly by signing up at http://www.patreon.com/crashcourse<br /><br />Want to find Crash Course elsewhere on the internet?<br />Facebook - http://www.facebook.com/YouTubeCrashCourse<br />Twitter - http://www.twitter.com/TheCrashCourse<br />Instagram - https://www.instagram.com/thecrashcourse/<br /><br />CC Kids: http://www.youtube.com/crashcoursekids',
        'biology', 3, 4624448),
       ('H8UFvoesuVZ14zWf4USSmVDgtv9cC2UatHO53GgACoipuD0aThcefsJAk8e4ThXe', 'DNA Structure and Replication', 0,
        'Hank introduces us to that wondrous molecule deoxyribonucleic acid - also known as DNA - and explains how it replicates itself in our cells.<br /><br />References: <br />http://www.nature.com/nature/dna50/watsoncrick.pdf<br />http://publications.nigms.nih.gov/thenewgenetics/chapter1.html<br />http://rst.gsfc.nasa.gov/Sect20/A12.html<br />http://www.nature.com/scitable/topicpage/discovery-of-dna-structure-and-function-watson-397<br />http://www.uic.edu/classes/phys/phys461/phys450/ANJUM04/<br />http://www.buzzle.com/articles/dna-replication-steps.html<br />http://www.dnareplication.info/stepsofdnareplication.php<br />http://salamandercandy.wordpress.com/2007/02/05/how-much-dna/<br />http://www.sdsc.edu/ScienceWomen/franklin.html<br />http://www.fmi.ch/members/marilyn.vaccaro/ewww/dna.pioneer.excerpt.htm<br />http://www.strangescience.net/rfranklin.htm<br /><br />1:41 link to Biological Molecules http://www.youtube.com/watch?v=H8WJ2KENlK0<br /><br />Table of Contents:<br />1) Nucleic Acids 1:30<br />2) DNA<br />-A) Polymers 1:53<br />-B) Three Ingredients 2:12<br />-C) Base Pairs 3:45<br />-D) Base Sequences 4:13<br />3) Pop Quiz 5:07<br />4) RNA 5:36<br />-A) Three Differences from DNA 5:43<br />5) Biolography 6:16<br />6) Replication 8:49<br />-A) Helicase and Unzipping 9:22<br />-B) Leading Strand 9:38<br />-C) DNA Polymerase 10:08<br />-D) RNA Primase 10:24<br />-E) Lagging Strand 10:46<br />-F) Okazaki Fragments 11:07<br />-F) DNA Ligase 11:47<br /><br />Crash Course is on Patreon! You can support us directly by signing up at http://www.patreon.com/crashcourse<br /><br />Want to find Crash Course elsewhere on the internet?<br />Facebook - http://www.facebook.com/YouTubeCrashCourse<br />Twitter - http://www.twitter.com/TheCrashCourse<br />Instagram - https://www.instagram.com/thecrashcourse/<br /><br />CC Kids: http://www.youtube.com/crashcoursekids',
        'biology', 3, 8876068),
       ('JRp4NnF9V5gu7oqJK4sNxxflm7xPwXdPAYPHJukqr0kr3bfReyMgiTDW0qpqCZIu', 'DNA, Hot Pockets, & The Longest Word Ever',
        0,
        'Hank imagines himself breaking into the Hot Pockets factory to steal their secret recipes and instruction manuals in order to help us understand how the processes known as DNA transcription and translation allow our cells to build proteins.<br /><br />Table of Contents:<br />1) Transcription 2:12<br />   A) Transcription Unit 3:00<br />   B) Promoter 3:10<br />   C) TATA Box 3:32<br />   D) RNA Polymerase 4:12<br />   E) mRNA 4:15<br />   F) Termination signal 5:21<br />   G) 5&#x27; Cap &amp; Poly-A Tail 5:34<br />2) RNA Splicing 6:08<br />   A) SNuRPs &amp; Spliceosome 6:26<br />   B) Exons &amp; Introns 6:56<br />3) Translation 7:28<br />   A) mRNA &amp; tRNA 8:01<br />   B) Triplet Codons &amp; Anticodons 8:39<br />4) Folding &amp; Protein Structure 10:51<br />   A) Primary Structure 11:11<br />   B) Secondary Structure 11:23<br />   C) Tertiary Structure 11:58<br />   D) Quaternary Structure 12:44<br /><br />Links to episodes referenced in the video:<br />DNA structure episode: http://www.youtube.com/watch?v=8kK2zwjRV0M<br />Animal cells episode: http://www.youtube.com/watch?v=cj8dDTHGJBY<br />Fold-it SciShow episode: http://www.youtube.com/watch?v=JdBcpdH_ptA<br /><br />This video contains the following sounds from Freesound.org:<br />&quot;IMPresora.wav&quot; by melack<br />&quot;swishes.wav&quot; by pogotron<br /><br />Crash Course is on Patreon! You can support us directly by signing up at http://www.patreon.com/crashcourse<br /><br />Want to find Crash Course elsewhere on the internet?<br />Facebook - http://www.facebook.com/YouTubeCrashCourse<br />Twitter - http://www.twitter.com/TheCrashCourse<br />Instagram - https://www.instagram.com/thecrashcourse/<br /><br />CC Kids: http://www.youtube.com/crashcoursekids',
        'biology', 3, 5133386),
       ('WUp49K9dWYyHsUGQSVxG1tlKofHthyyeGGKMEvQZmqwIYyeaG4Ssgc0nQpMajU3x', 'Mitosis: Splitting Up is Complicated', 0,
        'Hank describes mitosis and cytokinesis - the series of processes our cells go through to divide into two identical copies.<br /><br />References:<br />http://www.eurekalert.org/pub_releases/2012-02/wifb-amm020812.php<br />http://faculty.clintoncc.suny.edu/faculty/michael.gregory/files/bio%20101/bio%20101%20lectures/mitosis/mitosis.htm<br />http://www.genome.gov/Images/press_photos/highres/97-300.jpg<br />http://www.nature.com/nrm/journal/v2/n1/fig_tab/nrm0101_072a_F1.html<br />https://www.genome.gov/Glossary/index.cfm?p=viewimage&amp;id=33<br />http://www.sci.sdsu.edu/multimedia/mitosis/mitosis_gif2.html<br /><br />Table of Contents<br />1. Mitosis 0:24<br />2. Interphase 3:27<br />a) Chromatin 3:37<br />b) Centrosomes 3:52<br />3) Prophase 4:14<br />a) Chromosomes 4:18<br />b) Chromatid 4:31<br />c) Microtubules 5:07<br />4) Metaphase 5:22<br />a) Motor Proteins 5:36<br />5) Biolography 6:13<br />6) Anaphase 9:00<br />7) Telophase 9:15<br />8) Cleavage 9:25<br />9) Cytokinesis 9:36<br /><br />This video contains the following sounds from Freesound.org:<br />&quot;Swishes.wav&quot; by Pogotron<br />&quot;Opening Scotch Whisky.mp3&quot; by Percy Duke<br /><br />Crash Course is on Patreon! You can support us directly by signing up at http://www.patreon.com/crashcourse<br /><br />Want to find Crash Course elsewhere on the internet?<br />Facebook - http://www.facebook.com/YouTubeCrashCourse<br />Twitter - http://www.twitter.com/TheCrashCourse<br />Instagram - https://www.instagram.com/thecrashcourse/<br /><br />CC Kids: http://www.youtube.com/crashcoursekids',
        'biology', 3, 6365460),
       ('mo84DBMPSMGFINlKVjwSFVu84cg7kfya2UhTvVgQoUjDVUnqWaxCOk2DHWDHxL9j', 'Meiosis: Where the Sex Starts', 0,
        'Hank gets down to the nitty-gritty about meiosis, the special type of cell division that is necessary for sexual reproduction in eukaryotic organisms.<br /><br />References:<br />http://faculty.clintoncc.suny.edu/faculty/michael.gregory/files/Bio%20101/Bio%20101%20Lectures/Meiosis/meiosis.htm<br />https://www.genome.gov/Glossary/index.cfm?p=viewimage&amp;id=33<br />http://www.sumanasinc.com/webcontent/animations/content/meiosis.html<br />http://sun.menloschool.org/~dspence/biology/mit_meiosis/chapt11_15.html<br /><br />Table of Contents<br />1) Homologous Chromosome Pairs 2:10<br />2) Primary Oocytes 3:30<br />3) Primary Spermatocytes 3:30<br />4) Meiosis 2:59<br />5) Interphase I 4:04<br />6) Prophase I 4:37<br />a) Crossover 5:05<br />b) Recombination 5:05<br />7) Metaphase I 7:53<br />8) Anaphase I 8:05<br />9) Telophase I 8:19<br />10) Prophase II 8:57<br />11) Metaphase II 9:23<br />12) Anaphase II 9:28<br />13) Telophase II 9:32<br /><br />Crash Course is on Patreon! You can support us directly by signing up at http://www.patreon.com/crashcourse<br /><br />Want to find Crash Course elsewhere on the internet?<br />Facebook - http://www.facebook.com/YouTubeCrashCourse<br />Twitter - http://www.twitter.com/TheCrashCourse<br />Instagram - https://www.instagram.com/thecrashcourse/<br /><br />CC Kids: http://www.youtube.com/crashcoursekids',
        'biology', 3, 4832462),
       ('P6QXxHshiudsaQtoAPENk8RWVYPeDrM0vC37ojkuEtvDWgBolZdOtPGqe8hreoHg', 'Natural Selection', 0,
        'Hank guides us through the process of natural selection, the key mechanism of evolution.<br /><br />Table of Contents:<br />1) Natural Selection 1:27<br />2) Adaptation 2:56<br />3) Fitness 3:36<br />4) Four Principals 3:54<br />a. Variations 4:01<br />b. Heritability 4:17<br />c. &quot;The Struggle for Existence&quot; 4:25<br />d. Survival and Reproductive Rates 5:00<br />5) Biolography 5:59<br />6) Modes of Selection 7:40<br />a. Directional Selection 8:17<br />b. Stabilizing Selection 8:56<br />c. Disruptive Selection 9:27<br />7) Sexual Selection 10:22<br />8) Artificial Selection 11:24<br /><br />References: <br />http://curiosity.discovery.com/topic/ecology-and-evolution/10-examples-natural-selection.htm<br />http://www.globalchange.umich.edu/globalchange1/current/lectures/selection/selection.html<br />http://blogs.scientificamerican.com/observations/2010/05/03/charles-darwins-family-tree-tangled-with-inbreeding-early-death/<br />http://www.aibs.org/bioscience-press-releases/resources/Berra.pdf<br />http://faculty.clintoncc.suny.edu/faculty/michael.gregory/files/bio%20101/bio%20101%20lectures/Natural%20Selection/natural.htm<br />http://www.irac-online.org/about/resistance/<br />http://www.pbs.org/wgbh/evolution/library/01/6/l_016_09.html<br />http://evolution.berkeley.edu/evolibrary/article/evo_30<br /><br />This video uses the following sounds from Freesound.org:<br />&quot;20071104.forest.04.binaural.mp3&quot; by dobroide<br />&quot;ForestBirds.wav&quot; by HerbertBoland<br /><br />Crash Course is on Patreon! You can support us directly by signing up at http://www.patreon.com/crashcourse<br /><br />Want to find Crash Course elsewhere on the internet?<br />Facebook - http://www.facebook.com/YouTubeCrashCourse<br />Twitter - http://www.twitter.com/TheCrashCourse<br />Instagram - https://www.instagram.com/thecrashcourse/<br /><br />CC Kids: http://www.youtube.com/crashcoursekids',
        'biology', 3, 3039848),
       ('KyjC75RndJHQ0QRQOxRASLGfwSnVpRbZhrX7ZjvOXnTNYnimZiFhxG0K83F3AEoE', 'Speciation: Of Ligers & Men', 0,
        'Hank explains speciation - the evolutionary process by which new biological species arise - in terms of finches, ligers, mules, and dogs.<br /><br />Table of Contents<br />1) Species 0:30<br />2) Hybrids 1:52<br />3) Reproductive Isolation 2:48<br />a) Post-Zygotic 3:31<br />b) Pre-Zygotic 3:51<br />4) Allopatric Speciation 4:23<br />5) Sympatric Speciation 6:03<br />6) Biolography 6:32<br />7) Dogs 8:37<br /><br />This video contains the following sounds from Freesound.org:<br />&quot;bird tweet.aif&quot; by tigersound<br />&quot;ForestBirds.wav&quot; by HerbertBoland<br />&quot;morning_in_the_forest_2007_04_15.wav&quot; by reinsamba<br />&quot;AMBIENT LOOP - Perfectly Clear - Wilderness Hillside - FILTERED.mp3&quot; by Arctura<br />&quot;oceanwavescrushing.wav&quot; by Luftrum<br /><br />Crash Course is on Patreon! You can support us directly by signing up at http://www.patreon.com/crashcourse<br /><br />Want to find Crash Course elsewhere on the internet?<br />Facebook - http://www.facebook.com/YouTubeCrashCourse<br />Twitter - http://www.twitter.com/TheCrashCourse<br />Instagram - https://www.instagram.com/thecrashcourse/<br /><br />CC Kids: http://www.youtube.com/crashcoursekids',
        'biology', 3, 1545052),
       ('HkgCmfkpnYCYkXDqS2530IekkALedNTUzPhTfY4qgYfC9L3CkCxXBbM3PKE0l4pM', 'Animal Development: We\'re Just Tubes', 0,
        'Hank discusses the process by which organisms grow and develop, maintaining that, in the end, we&#x27;re all just tubes.<br /><br />Table of Contents<br />1) Zygote 2:38<br />2) Morula 2:53<br />3) Blastula 3:25<br />4) Radial Symmetry 4:11<br />5) Bilateral Symmetry 4:26<br />6) Gastrulation 4:52<br />7) Blastopore 5:02<br />8) Gastrula 5:17<br />9) Protostomes &amp; Deuterostomes 5:33<br />10) Germ Layers 6:22<br />a) Diploblastic 6:32<br />b) Triploblastic 6:44<br />11) Biolography 7:27<br /><br />Crash Course is on Patreon! You can support us directly by signing up at http://www.patreon.com/crashcourse<br /><br />Want to find Crash Course elsewhere on the internet?<br />Facebook - http://www.facebook.com/YouTubeCrashCourse<br />Twitter - http://www.twitter.com/TheCrashCourse<br />Instagram - https://www.instagram.com/thecrashcourse/<br /><br />CC Kids: http://www.youtube.com/crashcoursekids',
        'biology', 3, 1046429),
       ('e85GVjcyybnZZR9wFERjrabTYO2bP9Z1X9mgCDOTBXRnxUnMrxfpDXM3S03GxhoG', 'Evolutionary Development: Chicken Teeth',
        0,
        'Hank introduces us to the relatively new field of evolutionary developmental biology, which compares the developmental processes of different organisms to determine their ancestral relationship and to discover how those processes evolved. Also, fruit flies with eyes on their legs and chickens with teeth!<br /><br />References:<br />http://www.biomedcentral.com/1741-7007/5/47<br />http://blog.hmns.org/?tag=evo-devo<br />http://www.pbs.org/wgbh/nova/evolution/what-evo-devo.html<br />http://www.hoxfulmonsters.com/2008/05/setting-the-stage-for-hox-genes/<br />http://evolution.berkeley.edu/evolibrary/article/evodevo_05<br />http://lepdata.org/monteiro/Evo-devo%20pdfs/Halder_et_al_1995.pdf<br />http://www.npr.org/templates/story/story.php?storyId=5230538<br /><br />Table of Contents<br />1) EVO/DEVO - 00:51<br />2) Developmental Regulatory Genes - 2:00<br />3) Gap Genes - 2:39<br />4) Homeobox / HOX Genes - 2:50<br />5) Messed-Up Experiment - 6:16<br />6) EVO/DEVO &amp; Evolution - 7:26<br />a) Chickens with teeth - 8:14<br /><br />Crash Course is on Patreon! You can support us directly by signing up at http://www.patreon.com/crashcourse<br /><br />Want to find Crash Course elsewhere on the internet?<br />Facebook - http://www.facebook.com/YouTubeCrashCourse<br />Twitter - http://www.twitter.com/TheCrashCourse<br />Instagram - https://www.instagram.com/thecrashcourse/<br /><br />CC Kids: http://www.youtube.com/crashcoursekids',
        'biology', 3, 829338),
       ('NJ9ChxVpzrcX1YQulNZYSvT1AHwf65hbqkQeHwj2NnRTy4S2jXF2GT866MtDFY3q',
        'Population Genetics: When Darwin Met Mendel', 0,
        'Hank talks about population genetics, which helps to explain the evolution of populations over time by combing the principles of Mendel and Darwin, and by means of the Hardy-Weinberg equation.<br /><br />Table of Contents:<br />1. Population Genetics 1:05<br />2. Population 1:14<br />3. Allele Frequency 1:41<br />4. 5 Factors 1:58<br />a) Natural Selection 2:12<br />b) Natural Selection/Random Mating 2:27<br />c) Mutation 3:18<br />d) Genetic Drift 3:49<br />e) Gene Flow 4:05<br />5. Hardy-Weinberg Principle 4:45<br />6. Hardy-Weinberg Equilibrium 5:15<br />7. Hardy-Weinberg Equation 6:18<br /><br />This video contains the following sound from Freesound.org:<br />&quot;LucasGonze-HomestyleMandolin-17.aiff&quot; by lucasgonze <br /><br />Crash Course is on Patreon! You can support us directly by signing up at http://www.patreon.com/crashcourse<br /><br />Want to find Crash Course elsewhere on the internet?<br />Facebook - http://www.facebook.com/YouTubeCrashCourse<br />Twitter - http://www.twitter.com/TheCrashCourse<br />Instagram - https://www.instagram.com/thecrashcourse/<br /><br />CC Kids: http://www.youtube.com/crashcoursekids',
        'biology', 3, 1543367),
       ('QpeCjwLAdAZ6RP5UPdg0UPFQDlyIltvFPz3t2k7Cz40u9pDePNijyYn9iyXxh6aC', 'Taxonomy: Life\'s Filing System', 0,
        'Hank tells us the background story and explains the importance of the science of classifying living things, also known as taxonomy.<br /><br />References:<br />http://anthro.palomar.edu/animal/table_kingdoms.htm<br />http://www.strangescience.net/linn.htm<br />http://www.newyorker.com/reporting/2009/01/19/090119fa_fact_lepore?currentPage=all<br />http://linnaeus.c18.net/Doc/lbio.php<br />http://faculty.fmcc.suny.edu/mcdarby/animals&amp;plantsbook/History/02-Explaining-Life-Classification.htm<br />http://hyperphysics.phy-astr.gsu.edu/hbase/biology/autotroph.html<br />http://tolweb.org/Eukaryotes/3<br />http://www.livescience.com/4593-greatest-mysteries-species-exist-earth.html<br />http://faculty.ccbcmd.edu/courses/bio141/lecguide/unit1/3domain/3domain.html<br /><br />Table of Contents<br />1) Taxonomy 0:00<br />2) Phylogenetic Tree 1:24<br />3) Biolography 2:26<br />4) Analogous/Homoplasic Traits 3:48<br />5) Homologous Traits 4:03<br />6) Taxa &amp; Binomial Nomenclature 4:56<br />7) Domains 5:48<br />a) Bateria 6:04<br />b) Archaea 6:44<br />c) Eukarya / 4 Kingdoms 6:54<br />-Plantae 7:56<br />-Protista 8:23<br />-Fungi 8:56<br />-Animalia 9:31<br /><br />Crash Course is on Patreon! You can support us directly by signing up at http://www.patreon.com/crashcourse<br /><br />Want to find Crash Course elsewhere on the internet?<br />Facebook - http://www.facebook.com/YouTubeCrashCourse<br />Twitter - http://www.twitter.com/TheCrashCourse<br />Instagram - https://www.instagram.com/thecrashcourse/<br /><br />CC Kids: http://www.youtube.com/crashcoursekids',
        'biology', 3, 2869757),
       ('ruj9A88lT9UI8sZI95knTlkXnVezidKHLKsgIJNbp89FNA979TDFvr16tK917ZRk', 'Evolution: It\'s a Thing', 0,
        'Hank gets real with us in a discussion of evolution - it&#x27;s a thing, not a debate. Gene distribution changes over time, across successive generations, to give rise to diversity at every level of biological organization.<br /><br />Table of Contents<br />1) The Theory of Evolution 1:49<br />2) Fossils 2:42<br />3) Homologous Structures 4:36<br />4) Biogeography 7:02<br />5) Direct Observation 8:52<br /><br />References:<br />http://www.hisl.ent.msu.edu/discussion/Miller_et_al_2006.pdf<br />http://www-personal.umich.edu/~gingeric/PDGwhales/Whales.htm<br />http://evolution.berkeley.edu/evolibrary/article/history_16<br />http://www.thomsonedu.com/community/russell/Russell_19_401-418%2012.pdf<br />http://articles.latimes.com/2010/jul/28/science/la-sci-marsupial-20100728<br />http://www.ncbi.nlm.nih.gov/pmc/articles/PMC2555653/pdf/bullwho00311-0137.pdf<br />http://news.nationalgeographic.com/news/2008/04/080421-lizard-evolution.html<br /><br />Crash Course is on Patreon! You can support us directly by signing up at http://www.patreon.com/crashcourse<br /><br />Want to find Crash Course elsewhere on the internet?<br />Facebook - http://www.facebook.com/YouTubeCrashCourse<br />Twitter - http://www.twitter.com/TheCrashCourse<br />Instagram - https://www.instagram.com/thecrashcourse/<br /><br />CC Kids: http://www.youtube.com/crashcoursekids',
        'biology', 3, 2514150),
       ('a0vaIXctkj0dPkj1WRXrpl8qGpIHi9sI1OJTpp1bfBaPd0U7nO1ALEa3QPMe1Gqe',
        'Comparative Anatomy: What Makes Us Animals', 0,
        'Hank introduces us to comparative anatomy, which studies the similarities and differences in animal anatomy to support the theory of evolution and the shared ancestry of living things.<br /><br />References:<br />Campbell Biology, 9th ed.<br />CliffsAP Biology, 3rd ed.<br />Thomas Henry Huxley: http://www.strangescience.net/huxley.htm<br />Tissues: http://web.jjay.cuny.edu/~acarpi/NSC/14-anatomy.htm<br />Divergence time estimates for the early history of animal phyla...<br />http://www.ncbi.nlm.nih.gov/pmc/articles/PMC1689654/<br /><br />Table of Contents:<br />1) Comparative Anatomy 0:00<br />2) Locomotion 1:19<br />3) Heterotophy 1:41<br />4) Convergent Evolution 2:40<br />5) Biolography 3:40<br />6) Tissues 6:00<br />a) Epithelial Tissue 6:11<br />b) Connective Tissue 6:33<br />c) Muscle Tissue 7:01<br />d) Nerve Tissue 7:14<br />7) Organs 7:32<br />8) Organ Systems 7:39<br /><br /><br />Crash Course is on Patreon! You can support us directly by signing up at http://www.patreon.com/crashcourse<br /><br />Want to find Crash Course elsewhere on the internet?<br />Facebook - http://www.facebook.com/YouTubeCrashCourse<br />Twitter - http://www.twitter.com/TheCrashCourse<br />Instagram - https://www.instagram.com/thecrashcourse/<br /><br />CC Kids: http://www.youtube.com/crashcoursekids',
        'biology', 3, 674259),
       ('Bpqzq7GA3P9SykGahMI82r8K7YMH5xQMSDlOztHSB16oaFwsjqsBvHC6Rk2Rzgn7',
        'Simple Animals: Sponges, Jellies, & Octopuses', 0,
        'Hank introduces us to the &quot;simplest&quot; of the animals, complexity-wise: beginning with sponges (whose very inclusion in the list as &quot;animals&quot; has been called into question because they are so simple) and finishing with the most complex molluscs, octopuses and squid. We differentiate them by the number of tissue layers they have, and by the complexity of those layers.<br /><br />Table of Contents:<br />1) Porifera 1:33<br />2) Cnidaria 2:36<br />a) Diploblasts 2:48<br />3) Platyhelminthes 3:33<br />a) Triploblasts 3:56<br />b) Coelom 4:36<br />4) Biolography 5:36<br />5) Nematoda 7:26<br />6) Rotifera 7:57<br />7) Molusca 8:33<br /><br />References:<br />http://www.ucmp.berkeley.edu/cnidaria/cnidaria.html http://www.slate.com/articles/health_and_science/science/2008/06/how_smart_is_the_octopus.html<br />http://en.wikipedia.org/wiki/File:Dicrocoelium_LifeCycle.gif<br />http://entnemdept.ufl.edu/creatures/nematode/soil_nematode.htm<br />http://soils.usda.gov/sqi/concepts/soil_biology/nematodes.html<br />http://www.eurekalert.org/pub_releases/2010-08/uoc--goa080410.php<br />http://www.ucmp.berkeley.edu/cambrian/cambrian.php<br />http://www.insidescience.org/news-service/1-2615<br />http://www.wormbook.org/chapters/www_genomevol/genomevol.pdf<br />http://www.cartage.org.lb/en/themes/sciences/zoology/animalclassification/Polygenetic/phylogenetictree/phylogenetictree.htm<br />http://www.esu.edu/~milewski/intro_biol_two/lab_9_porifera_cnidaria/Cnidaria.html<br />http://comenius.susqu.edu/biol/202/animals/protostomes/default.htm<br /><br />Crash Course is on Patreon! You can support us directly by signing up at http://www.patreon.com/crashcourse<br /><br />Want to find Crash Course elsewhere on the internet?<br />Facebook - http://www.facebook.com/YouTubeCrashCourse<br />Twitter - http://www.twitter.com/TheCrashCourse<br />Instagram - https://www.instagram.com/thecrashcourse/<br /><br />CC Kids: http://www.youtube.com/crashcoursekids',
        'biology', 3, 992782),
       ('M5YLW4Lm5rZUNcwq904vTztfO5aYzqy0NKzZIdOfuHIS1EVX85YTQis0Fz96cx4v', 'Complex Animals: Annelids & Arthropods', 0,
        'Hank continues our exploration of animal phyla with the more complexly organized annelida and arthropoda, and a biolography on insects.<br /><br />References:<br />http://www.sciencedaily.com/releases/2010/07/100726222316.htm<br />http://tlc.howstuffworks.com/home/earthworm-appreciation-day.htm<br />http://annelidsf.blogspot.com/<br />http://www.bukisa.com/articles/41743_amazing-facts-about-arthropods#ixzz1sXW1Jigp<br />http://www.ehow.com/about_6292974_interesting-crustaceans.html<br /><br />Crash Course is on Patreon! You can support us directly by signing up at http://www.patreon.com/crashcourse<br /><br />Want to find Crash Course elsewhere on the internet?<br />Facebook - http://www.facebook.com/YouTubeCrashCourse<br />Twitter - http://www.twitter.com/TheCrashCourse<br />Instagram - https://www.instagram.com/thecrashcourse/<br /><br />CC Kids: http://www.youtube.com/crashcoursekids',
        'biology', 3, 722564),
       ('HkmCRNbcB93nm08Mk3NAKsiAisKsGrC5ISsLVkt69YxBc1DoPJlOOX85pg1mjxdb', 'Chordates', 0,
        'Hank introduces us to ourselves by taking us on a journey through the fascinatingly diverse phyla known as chordata. And the next time someone asks you who you are, you can give them the facts: you&#x27;re a mammalian amniotic tetrapodal sarcopterygian osteichthyen gnathostomal vertebrate cranial chordate.<br /><br />Table of Contents:<br />1) Chordate Synapomorphies 1:04<br />2) Cephalachordata 1:20<br />3) Urochordata 3:16<br />4) Vertebrata 3:49<br />a) Myxini 4:30<br />b) Petromyzontida 4:51<br />c) Chondrichthyes 5:32<br />d) Osteichthyes 6:05<br />5) Biolography 7:29<br />6) Amphibia 9:02<br />7) Reptilia 9:47<br />8) Mammalia 10:57<br /><br />References:<br />http://www.pbs.org/kcet/shapeoflife/animals/chordates.html<br />http://faculty.fmcc.suny.edu/mcdarby/animals&amp;plantsbook/animals/09-Basic-Chordates.htm<br />http://prezi.com/8fhckoykznls/ap-bio-biodiversity-4-the-chordates/<br />http://www.mansfield.ohio-state.edu/~sabedon/campbl34.htm<br />http://www.ebiomedia.com/prod/BOchordates.html<br />http://animals.nationalgeographic.com/animals/fish/coelacanth/<br />http://www.pbs.org/wgbh/nova/nature/anatomy-coelacanth.html<br />http://au.ibtimes.com/articles/252869/20111120/latest-study-reveals-teeth-evolving-ancient-scales.htm<br /><br />This video contains the following sounds from Freesound.org:<br />&quot;Moog_woodenBlocks.aiff&quot; by Feenixx<br /><br />Crash Course is on Patreon! You can support us directly by signing up at http://www.patreon.com/crashcourse<br /><br />Want to find Crash Course elsewhere on the internet?<br />Facebook - http://www.facebook.com/YouTubeCrashCourse<br />Twitter - http://www.twitter.com/TheCrashCourse<br />Instagram - https://www.instagram.com/thecrashcourse/<br /><br />CC Kids: http://www.youtube.com/crashcoursekids',
        'biology', 3, 895738),
       ('IuEcbJg3yQO6Q0wttjN8RrWJOImudVhwxBRKRHCmqupBcnTzANhK4TSAIdWfbsh0', 'Animal Behavior', 0,
        'Hank and his cat Cameo help teach us about animal behavior and how we can discover why animals do the things they do.<br /><br />References: <br />http://webspace.ship.edu/cgboer/actionpot.html<br />http://brainconnection.positscience.com/topics/?main=fa/zebras<br />http://en.wikipedia.org/wiki/Myelin_sheath_gap<br />http://www.bbc.co.uk/science/humanbody/body/factfiles/nervecellsandnerves/nerve_cells_and_nerves.shtml<br /><br />Crash Course is on Patreon! You can support us directly by signing up at http://www.patreon.com/crashcourse<br /><br />Want to find Crash Course elsewhere on the internet?<br />Facebook - http://www.facebook.com/YouTubeCrashCourse<br />Twitter - http://www.twitter.com/TheCrashCourse<br />Instagram - https://www.instagram.com/thecrashcourse/<br /><br />CC Kids: http://www.youtube.com/crashcoursekids',
        'biology', 3, 783220),
       ('9XO63w0uKKKir0WvfDoHkC061SDJMfDJH1lvMiF1FFMsyoYbtp6TQSiN3IaD17X7', 'The Nervous System', 0,
        'Hank begins a series of videos on organ systems with a look at the nervous system and all of the things that it is responsible for in the body. <br /><br />References:<br />http://webspace.ship.edu/cgboer/actionpot.html<br />http://brainconnection.positscience.com/topics/?main=fa/zebras<br />http://en.wikipedia.org/wiki/Myelin_sheath_gap<br />http://www.bbc.co.uk/science/humanbody/body/factfiles/nervecellsandnerves/nerve_cells_and_nerves.shtml<br /><br />Crash Course is on Patreon! You can support us directly by signing up at http://www.patreon.com/crashcourse<br /><br />Want to find Crash Course elsewhere on the internet?<br />Facebook - http://www.facebook.com/YouTubeCrashCourse<br />Twitter - http://www.twitter.com/TheCrashCourse<br />Instagram - https://www.instagram.com/thecrashcourse/<br /><br />CC Kids: http://www.youtube.com/crashcoursekids',
        'biology', 3, 2651734),
       ('HajciL3i5EFwqrXlwyFxXHFQcWfWncCKK2CYlzV1j6wTkzg7pyplnXdHLkgtX7SG', 'Circulatory & Respiratory Systems', 0,
        'Hank takes us on a trip around the body - we follow the circulatory and respiratory systems as they deliver oxygen and remove carbon dioxide from cells, and help make it possible for our bodies to function.<br /><br />Table of Contents<br />1) Respiratory System 00:48<br />2) Simple Diffusion 00:55<br />3) Respiratory Anatomy 02:35<br />a) Trachea to Capillaries 03:10<br />4) Lung Function &amp; Thoracic Diaphragm 04:37<br />5) Circulatory System 05:35<br />6) Circulatory Anatomy 05:54<br />a) Left Ventricle to Capillary Beds 06:50<br />b) Veins to Left Atrium 08:46<br />7) Endotherms &amp; Ectotherms 09:20<br /><br />References:<br />http://www.khanacademy.org/science/biology/v/circulatory-system-and-the-heart<br />http://www.khanacademy.org/science/biology/v/the-lungs-and-pulmonary-system<br />http://www.ideacenter.org/stuff/contentmgr/files/38ed8a0c6db7a4f1a37e405922c364bd/miscdocs/vertebratehearts.pdf<br /><br />This video uses the following sounds from Freesound.org:<br />&quot;00559 deep breathing 1.wav&quot; by Robinhood76<br /><br />Crash Course is on Patreon! You can support us directly by signing up at http://www.patreon.com/crashcourse<br /><br />Want to find Crash Course elsewhere on the internet?<br />Facebook - http://www.facebook.com/YouTubeCrashCourse<br />Twitter - http://www.twitter.com/TheCrashCourse<br />Instagram - https://www.instagram.com/thecrashcourse/<br /><br />CC Kids: http://www.youtube.com/crashcoursekids',
        'biology', 3, 2486934),
       ('oNMj6y6Ml2l64Cx1tXrpgnID3BKDpFmwJSpnHwKMexJHQi1p0i5vhHwgzgojZXxU', 'The Digestive System', 0,
        'Hank takes us through the bowels of the human digestive system and explains why it&#x27;s all about surface area.<br /><br />Table of Contents<br />1) Surface Area to the Max! 3:21<br />2) Mouth to Esophagus 5:23<br />3) Stomach 6:38<br />4) Small Intestine 7:55<br />5) Large Intestine 9:44<br /><br />References<br />Campbell Biology, 9th ed.<br />http://www.sciencedaily.com/releases/2007/10/071008102334.htm<br /><br />Crash Course is on Patreon! You can support us directly by signing up at http://www.patreon.com/crashcourse<br /><br />Want to find Crash Course elsewhere on the internet?<br />Facebook - http://www.facebook.com/YouTubeCrashCourse<br />Twitter - http://www.twitter.com/TheCrashCourse<br />Instagram - https://www.instagram.com/thecrashcourse/<br /><br />CC Kids: http://www.youtube.com/crashcoursekids',
        'biology', 3, 2337560),
       ('R39fihT8xWyEvuXd0NLeYON8WQ9nnECR1eo9QxOC6dUEhJXTp65ZL4N0Do1jOaZz',
        'The Excretory System: From Your Heart to the Toilet', 0,
        'Hank takes us on a fascinating journey through our excretory system to learn how our kidneys make pee.  <br /><br />References<br />http://www.emc.maricopa.edu/faculty/farabee/biobk/biobookexcret.html<br />http://www.khanacademy.org/science/biology/v/the-kidney-and-nephron<br />Campbell Biology, 9th ed. <br /><br />Table of Contents<br />1) Homeostasis &amp; Osmoregulation 00:00<br />2) Urea &amp; Uric Acid 01:30<br />3) Kidneys 02:49<br />4) Nephron 03:40<br />5) Glomerulus 4:15<br />6) Bowman&#x27;s Capsule 04:25<br />7) Proximal Convoluted Tubule 04:49<br />8) Biolography 06:16<br />9) Loop of Henle 07:36<br />10) Distal Convoluted Tubule 09:23<br />11) Collecting Ducts 09:57<br />12) Ureters, Bladder &amp; Urethra 10:45<br /><br />Crash Course is on Patreon! You can support us directly by signing up at http://www.patreon.com/crashcourse<br /><br />Want to find Crash Course elsewhere on the internet?<br />Facebook - http://www.facebook.com/YouTubeCrashCourse<br />Twitter - http://www.twitter.com/TheCrashCourse<br />Instagram - https://www.instagram.com/thecrashcourse/<br /><br />CC Kids: http://www.youtube.com/crashcoursekids',
        'biology', 3, 1737924),
       ('pAQx4oo56Byg597qqecCAgGd0sYbEOzE9U4jC6GJmt9tHX1rer1EvnOKHqxBG5yD', 'The Skeletal System: It\'s ALIVE!', 0,
        'Hank introduces us to the framework of our bodies, our skeleton, which apart from being the support and protection for all our fleshy parts, is involved in many other vital processes that help our bodies to function properly. <br /><br />Table of Contents<br />1) Endoskeleton 2:03<br />2) Biolography 3:27<br />3) New Bone Formation 6:36<br />4) Bone Structure 8:00<br />5) Bone Remodeling 9:48<br /><br />References:<br />Campbell Biology, 9th ed.<br />http://faculty.fmcc.suny.edu/mcdarby/animals&amp;plantsbook/animals/07-Arthropods.htm<br />http://www.cod.edu/people/faculty/fancher/Size.htm<br />http://www.ncbi.nlm.nih.gov/pubmed/17308163<br />http://www.shwachmandiamondamerica.org/blood_and_Marrow.htm<br />http://www.ncbi.nlm.nih.gov/pmc/articles/PMC3001285/l<br />http://en.wikipedia.org/wiki/Andreas_Vesalius<br />http://projectskeletal.tripod.com/Scientists.htm<br /><br /><br />Crash Course is on Patreon! You can support us directly by signing up at http://www.patreon.com/crashcourse<br /><br />Want to find Crash Course elsewhere on the internet?<br />Facebook - http://www.facebook.com/YouTubeCrashCourse<br />Twitter - http://www.twitter.com/TheCrashCourse<br />Instagram - https://www.instagram.com/thecrashcourse/<br /><br />CC Kids: http://www.youtube.com/crashcoursekids',
        'biology', 3, 1020624),
       ('DjjstYOmwEfYmUGRZOXay6R0F8R7s5k8lIxswbQuIHZW4dxlGovOvIlopqIq748r', 'Big Guns: The Muscular System', 0,
        'Hank tells us the story of the complicated chemical dance that allows our skeletal muscles to contract and relax.<br /><br />Table of Contents<br />1) Cardiac, Smooth, &amp; Skeletal Muscles 01:09<br />2) Muscle Anatomy 02:03<br />a) Muscle Fibers 03:07<br />b) Myofibrils 04:15:1<br />c) Sarcomeres 04:19:1<br />d) Myofilaments 04:37:2<br />3) Biolography 05:37:1<br />4) Sliding Filament Model 07:47<br /><br />Crash Course is on Patreon! You can support us directly by signing up at http://www.patreon.com/crashcourse<br /><br />Want to find Crash Course elsewhere on the internet?<br />Facebook - http://www.facebook.com/YouTubeCrashCourse<br />Twitter - http://www.twitter.com/TheCrashCourse<br />Instagram - https://www.instagram.com/thecrashcourse/<br /><br />CC Kids: http://www.youtube.com/crashcoursekids',
        'biology', 3, 1569745),
       ('BoFHSLR57WTURt1m0IVL23qsj6h14xDOXWgbqaifKK9Ok0DCT5GJTmQs2jvOmg4X', 'Your Immune System: Natural Born Killer',
        0,
        'Hank tells us about the team of deadly ninja assassins that is tasked with protecting our bodies from all the bad guys that want to kill us - also known as our immune system.  <br /><br />Table of Contents<br />1) Innate Immune System 1:45<br />a) Mucous Membranes 2:54<br />b) Inflammatory Response 3:44<br />c) Leukocytes 4:45<br /><br />2) Open Letter 6:33<br />a) Natural Killer Cells 6:56<br />b) Dendritic Cells 7:57<br /><br />3) Acquired Immune System 8:36<br />a) Antibodies 9:08<br />b) Lymphocytes 9:48<br />c) Cell-Mediated Response 10:17<br />d) Humoral Response 13:00<br /><br />References<br />Campbell Biology, 9th ed. <br />http://faculty.stcc.edu/AandP/AP/AP2pages/Units18to20/blood/white.htm<br />http://highered.mcgraw-hill.com/sites/0072495855/student_view0/chapter24/animation__the_immune_response.html<br /><br />This video uses the following sounds from Freesound.org:<br />&quot;Pigs-01.flac&quot; by Erdie<br />&quot;straw slurp.wav&quot; by dparke4<br />&quot;Disgusting Slop.wav&quot; by Ighuaran<br />&quot;Sonar Ping.wav&quot; by digifishmusic<br />&quot;Swishes.wav&quot; by Pogotron<br />&quot;swing.mp3&quot; by morgantj<br /><br />Crash Course is on Patreon! You can support us directly by signing up at http://www.patreon.com/crashcourse<br /><br />Want to find Crash Course elsewhere on the internet?<br />Facebook - http://www.facebook.com/YouTubeCrashCourse<br />Twitter - http://www.twitter.com/TheCrashCourse<br />Instagram - https://www.instagram.com/thecrashcourse/<br /><br />CC Kids: http://www.youtube.com/crashcoursekids',
        'biology', 3, 2194471),
       ('HqQf48yQZxIv56uvgiJURfvTz4AXwFwuGjegHU4hcafgWDLKgKsapgh0mS06WuZy', 'Great Glands - Your Endocrine System', 0,
        'Hank fills us in on the endocrine system - the system of glands that produce and secrete different types of hormones directly into the bloodstream to regulate the body&#x27;s growth, metabolism, and sexual development &amp; function.<br /><br />References:<br />http://www.vivo.colostate.edu/hbooks/pathphys/endocrine/hypopit/anatomy.html<br />http://www.vivo.colostate.edu/hbooks/pathphys/endocrine/index.html<br />http://www.khanacademy.org/science/healthcare-and-medicine/v/intro-to-the-endocrine-system<br />http://www.ncbi.nlm.nih.gov/pubmed/21540080<br />http://www.ncbi.nlm.nih.gov/pubmed/9807636<br />http://www.biologicalpsychiatryjournal.com/article/S0006-3223(98)00169-3/abstract<br /><br />Table of Contents<br />1) Signalling Systems 2:07:0<br />2) Pituitary 3:19:1<br />3) Hypothalamus 4:17:1<br />4) Thyroid 4:52:1<br />5) Adrenal 5:38:1<br />6) Pancreas 6:51:1<br />7) Biolography 8:49:2<br /><br />Crash Course is on Patreon! You can support us directly by signing up at http://www.patreon.com/crashcourse<br /><br />Want to find Crash Course elsewhere on the internet?<br />Facebook - http://www.facebook.com/YouTubeCrashCourse<br />Twitter - http://www.twitter.com/TheCrashCourse<br />Instagram - https://www.instagram.com/thecrashcourse/<br /><br />CC Kids: http://www.youtube.com/crashcoursekids',
        'biology', 3, 1834913),
       ('vRHPMxad8VKEZicI1m30Gbg6p9D3y9CrjH2gCFdD9anDm2Rg94LVOHf6VTCHK5Eu', 'The Reproductive System: How Gonads Go', 0,
        'Hank lets us in on the meaning of life, at least from a biological perspective - it&#x27;s reproduction, which answers the essential question of all organisms: how do I make more of myself? So, sex, how does it work? <br /><br />Table of Contents<br />1) Gametes: Ova and Sperm 2:27<br />2) Sex Determination 4:59<br />3) Secondary Sexual Characteristics 6:48<br />4) Female Reproductive Structures 7:25<br />a) Uterus &amp; Oviducts 7:40<br />b) Endometrium (Menstruation) 7:57<br />c) Cervix &amp; Vagina 8:32<br />5) Male Reproductive Structures 8:45<br />a) Scrotum, Sminferous Tubules &amp; Epididymas 8:59<br />b) Penis 9:37<br />c) Vas Deferens to Eurethra (Emission) 10:13 <br /><br />References<br />http://www.sciencemag.org/content/281/5385/1979<br />http://www.medicinenet.com/miscarriage/article.htm<br />http://www.ncbi.nlm.nih.gov/pmc/articles/PMC1559814/)<br />Campbell Biology, 9th ed. <br /><br />Crash Course is on Patreon! You can support us directly by signing up at http://www.patreon.com/crashcourse<br /><br />Want to find Crash Course elsewhere on the internet?<br />Facebook - http://www.facebook.com/YouTubeCrashCourse<br />Twitter - http://www.twitter.com/TheCrashCourse<br />Instagram - https://www.instagram.com/thecrashcourse/<br /><br />CC Kids: http://www.youtube.com/crashcoursekids',
        'biology', 3, 1026534),
       ('7DXfq7TxhJuVRTasQncmYEGdZ12UC99af9NNBznebMJRlRZya1ueHF4faMaATyym', 'Old & Odd: Archaea, Bacteria & Protists',
        0,
        'Hank veers away from human anatomy to teach us about the (mostly) single-celled organisms that make up two of the three taxonomic domains of life, and one of the four kingdoms: Archaea, Bacteria, and Protists. They are by far the most abundant organisms on Earth and are our oldest, oddest relatives.<br /><br />References: <br />http://users.rcn.com/jkimball.ma.ultranet/BiologyPages/P/Protists.html<br />http://www.cod.edu/people/faculty/fancher/prokeuk.htm<br />http://www.genomenewsnetwork.org/articles/03_00/gandg_quickswitch_3_24.shtml<br />http://biology.clc.uc.edu/courses/bio106/protista.htm<br />:http://www.ucmp.berkeley.edu/protista/basalprotists.html<br />http://www.ucmp.berkeley.edu/protista/testaceafilosea.html<br />http://www.ucmp.berkeley.edu/protista/slimemolds.html<br />http://www.ucmp.berkeley.edu/protista/alveolates.html<br />http://www.ucmp.berkeley.edu/protista/rhodophyta.html<br /><br />Table of Contents<br />1) Archaea 03:23<br />a) Methanogens 04:02<br />b) Extremophiles 04:24<br /><br />2) Bacteria 05:24:2<br />3) Gram Positive 06:50<br />a) Proteobacteria 07:15<br />b) Cyanobacteria 07:30<br />c) Spirochetes 07:42<br />d) Chlamydias 07:52<br /><br />4) Protists 08:12<br />a) Protozoa 09:03<br />b) Algae 09:54<br />c) Slime Molds 11:13<br /><br /><br />Crash Course is on Patreon! You can support us directly by signing up at http://www.patreon.com/crashcourse<br /><br />Want to find Crash Course elsewhere on the internet?<br />Facebook - http://www.facebook.com/YouTubeCrashCourse<br />Twitter - http://www.twitter.com/TheCrashCourse<br />Instagram - https://www.instagram.com/thecrashcourse/<br /><br />CC Kids: http://www.youtube.com/crashcoursekids',
        'biology', 3, 1742949),
       ('SZEXRs2IrmmOUAuoexG99bcqpYd4wEEv0rQZpvNgofr2MOuXLhCx5lIUUTvgU7or',
        'The Reproductive Lives of Nonvascular Plants: Alternation of Generations', 0,
        'Hank introduces us to nonvascular plants - liverworts, hornworts &amp; mosses - which have bizarre features, kooky habits, and strange sex lives. Nonvascular plants inherited their reproductive cycle from algae, but have perfected it to the point where it is now used by all plants in one way or another and has even left traces in our own reproductive systems.<br /><br />Table of Contents<br />1) Key Traits of Nonvascular Plants 01:42<br />2) 3 Phyla of Bryophytes 02:52<br />3) Alternation of Generations 04:33<br />a) Gametophyte Generation 05:04<br />b) Sporophyte Generation 05:25<br />c) In Vascular Plants 07:48<br /><br />References:<br />http://news.nationalgeographic.com/news/2001/06/0604_wirealgae.html<br />http://kidsresearchexpress.blogspot.com/2008/07/alternation-of-generations.html<br />http://facultyweb.wcjc.edu/biology/BIOL1407/Lab%20Handouts/Lab_4_land_plants_I.pdf<br />http://www.sumanasinc.com/webcontent/animations/content/moss.html<br />http://en.wikipedia.org/wiki/Alternation_of_generations<br />http://www.bio.miami.edu/dana/dox/altgen_new.html<br /><br />Crash Course is on Patreon! You can support us directly by signing up at http://www.patreon.com/crashcourse<br /><br />Want to find Crash Course elsewhere on the internet?<br />Facebook - http://www.facebook.com/YouTubeCrashCourse<br />Twitter - http://www.twitter.com/TheCrashCourse<br />Instagram - https://www.instagram.com/thecrashcourse/<br /><br />CC Kids: http://www.youtube.com/crashcoursekids',
        'biology', 3, 987532),
       ('mk2uQ7dEuEtEjtMraHbPci565R8LxUX0pSf9OBJdSoi6o5Dwx98M3pTVftZdGkfs', 'Vascular Plants = Winning!', 0,
        'Hank introduces us to one of the most diverse and important families in the tree of life - the vascular plants. These plants have found tremendous success and their secret is also their defining trait: conductive tissues that can take food and water from one part of a plant to another part. Though it sounds simple, the ability to move nutrients and water from one part of an organism to another was an evolutionary breakthrough for vascular plants, allowing them to grow exponentially larger, store food for lean times, and develop features that allowed them to spread farther and faster. Plants dominated the earth long before animals even showed up, and even today hold the world records for the largest, most massive, and oldest organisms on the planet.<br /><br />Table of Contents<br />1) 3 Tissue Types 02:37<br />2) Primary Growth 03:04<br />3) Secondary Growth 03:28<br />4) Dermal Tissue 04:47<br />a) Epidermis 04:54<br />5) Parenchyma Cells 05:39<br />6) Vascular Tissue 05:58<br />7) Xylem 05:58<br />8) Collenchyma 07:10<br />9) Sclerenchyma 07:35<br />10) Ground Tissue 08:25<br />a) Mesophyll 08:17<br />b) Photosynthesis 08:47<br />11) Phloem 09:54<br /><br />References<br />http://www.uic.edu/classes/bios/bios100/lecturesf04am/lect17.htm<br />http://www.deseretnews.com/article/700071982/Central-Utahs-Pando-worlds-largest-living-thing-is-threatened-scientists-say.html?pg=all<br />http://www.popsci.com/science/article/2012-02/200000-year-old-patch-seagrass-worlds-oldest-living-organism<br /><br />Crash Course is on Patreon! You can support us directly by signing up at http://www.patreon.com/crashcourse<br /><br />Want to find Crash Course elsewhere on the internet?<br />Facebook - http://www.facebook.com/YouTubeCrashCourse<br />Twitter - http://www.twitter.com/TheCrashCourse<br />Instagram - https://www.instagram.com/thecrashcourse/<br /><br />CC Kids: http://www.youtube.com/crashcoursekids',
        'biology', 3, 1449964),
       ('7XJDLoqzYp3HXYe41R25XeAftQs81S2xPExpsa45GhyH8qtwCdmJDxhjmRxKmnkx', 'The Plants & The Bees: Plant Reproduction',
        0,
        'Hank gets into the dirty details about vascular plant reproduction: they use the basic alternation of generations developed by nonvascular plants 470 million years ago, but they&#x27;ve tricked it out so that it works a whole lot different compared to the way it did back in the Ordovician swamps where it got its start. Here&#x27;s how the vascular plants (ferns, gymnosperms, and angiosperms) do it.<br /><br />Table of Contents<br />1) Sporophyte Dominance 01:55<br />2) Ferns 02:14<br />3) Gymnosperms 03:35<br />4) Angiosperms 05:33<br />5) Truth or Fail: Fruit Edition! 08:28<br /><br />References:<br />http://www.home.aone.net.au/~byzantium/ferns/about.html<br />http://hcs.osu.edu/hcs300/gymno.htm<br />http://www.msnucleus.org/membership/html/k-6/lc/plants/5/lcp5_5a.html<br />http://faculty.unlv.edu/landau/gymnosperms.htm<br />http://www.youtube.com/watch?v=AykzPemLs7Q&amp;feature=relmfu<br />http://extension.oregonstate.edu/mg/botany/flower2.html<br /><br />Crash Course is on Patreon! You can support us directly by signing up at http://www.patreon.com/crashcourse<br /><br />Want to find Crash Course elsewhere on the internet?<br />Facebook - http://www.facebook.com/YouTubeCrashCourse<br />Twitter - http://www.twitter.com/TheCrashCourse<br />Instagram - https://www.instagram.com/thecrashcourse/<br /><br />CC Kids: http://www.youtube.com/crashcoursekids',
        'biology', 3, 983181),
       ('c7AJpKe6GErJo46f3O3HJ62775Zn7kCvYFjS3ewWREkb0FSbFaROr969Db3XgXDD', 'Fungi: Death Becomes Them', 0,
        'Death is what fungi are all about. By feasting on the deceased remains of almost all organisms on the planet, converting the organic matter back into soil from which new life will spring, they perform perhaps the most vital function in the global food web.  Fungi, which thrive on death, make all life possible.<br /><br />Table of Contents<br />1) Biolography 02:07<br />2) Structure 04:53<br />3) The Decomposers 06:10<br />4) The Mutualists 06:38<br />5) The Predators 07:23<br />6) The Parasites 07:35<br />7) Reproduction 08:24<br /><br />References <br />http://www.pearsonhighered.com/campbell/ <br />http://www.oup.com/us/catalog/general/subject/Reference/Subjectareareference/?view=usa&amp;ci=9780195367133<br />http://aftol.org/index.php<br />http://www.ucmp.berkeley.edu/fungi/fungi.html<br />http://www.scientificamerican.com/article.cfm?id=strange-but-true-largest-organism-is-fungus<br />http://live.psu.edu/story/59556<br />http://www.npr.org/blogs/health/2012/01/24/145731952/your-brain-on-psilocybin-might-be-less-depressed<br /><br />Crash Course is on Patreon! You can support us directly by signing up at http://www.patreon.com/crashcourse<br /><br />Want to find Crash Course elsewhere on the internet?<br />Facebook - http://www.facebook.com/YouTubeCrashCourse<br />Twitter - http://www.twitter.com/TheCrashCourse<br />Instagram - https://www.instagram.com/thecrashcourse/<br /><br />CC Kids: http://www.youtube.com/crashcoursekids',
        'biology', 3, 1552331),
       ('XdpKbWirXAHb0B4viZ1PZqJ5YAKBZGbeazLIKOXpK7UYTD2rJwVt4ufegYOzbUvZ', 'Ecology - Rules for Living on Earth', 0,
        'Hank introduces us to ecology - the study of the rules of engagement for all of us earthlings - which seeks to explain why the world looks and acts the way it does. The world is crammed with things, both animate and not, that have been interacting with each other all the time, every day, since life on this planet began, and these interactions depend mostly on just two things... Learn what they are as Crash Course Biology takes its final voyage outside the body and into the entire world. <br /><br />Can&#x27;t wait to learn more about ecology? Good news! Crash Course Ecology has 12 episodes you can watch right here:<br />https://www.youtube.com/watch?v=P3wP8v84uqs&amp;list=PL8dPuuaLjXtNdTKZkV_GiIYXpV9w4WxbX<br /><br />Table of Contents<br />1) Ecological Hierarchy 02:01:2<br />a) Population 02:12<br />b) Community 02:26:1<br />c) Ecosystem 02:50<br />d) Biome 03:22:1<br />e) Biosphere 03:51<br /><br />2) Key Ecological Factors 04:07<br />a) Temperature 05:06:1<br />b) Water 05:37<br /><br />3) Biome Type 06:03:1<br /><br />Crash Course is on Patreon! You can support us directly by signing up at http://www.patreon.com/crashcourse<br /><br />Want to find Crash Course elsewhere on the internet?<br />Facebook - http://www.facebook.com/YouTubeCrashCourse<br />Twitter - http://www.twitter.com/TheCrashCourse<br />Instagram - https://www.instagram.com/thecrashcourse/<br /><br />CC Kids: http://www.youtube.com/crashcoursekids',
        'biology', 3, 1627649);

INSERT INTO db.course_videos
    (video_tag, course_tag, `order`)
VALUES ('EjMYnIR5Eod5oSKJvqDVoWTbiinzYMcRrDmP2jdWJSZ00II69u0wxjqyYeVk6bdg',
        'YynM9nGauMCD3Zc9FGSbKNOqGndes6FlnKLO7kiy39ojJliTB5Af3Qi5698bRrvm', 0),
       ('71yHBAEVyK2Pz4GfDdtqUih0DagN00ZuE40mnhPhwHRLCYVyHF6mbD01K9VAn3Bk',
        'YynM9nGauMCD3Zc9FGSbKNOqGndes6FlnKLO7kiy39ojJliTB5Af3Qi5698bRrvm', 1),
       ('0cS2UeLy3XWNwgLADo2UlyhOwjZ5uiikzLU93BK1phw4U5GlRPYXjNjEWX85BU82',
        'YynM9nGauMCD3Zc9FGSbKNOqGndes6FlnKLO7kiy39ojJliTB5Af3Qi5698bRrvm', 2),
       ('9NvaugYtGoRDSVp0PlYosGvBjsDgBiQK7ICN12Ga7CCy5PgEv4PF3x0o4z0PuNn6',
        'YynM9nGauMCD3Zc9FGSbKNOqGndes6FlnKLO7kiy39ojJliTB5Af3Qi5698bRrvm', 3),
       ('cZBdtB65h6xEb3nr7t0VliYHyCY50ewbM5A0Mw0DJQsOuwGpNnQ11KToDjuhGkep',
        'YynM9nGauMCD3Zc9FGSbKNOqGndes6FlnKLO7kiy39ojJliTB5Af3Qi5698bRrvm', 4),
       ('np2zHRc9pbW70S0Vtj9GKCtteKNN59NbmsXtM7UAKfWmcFaQmoBIgpYeIGgkSxZq',
        'YynM9nGauMCD3Zc9FGSbKNOqGndes6FlnKLO7kiy39ojJliTB5Af3Qi5698bRrvm', 5),
       ('ZDTzCLxyxXHdIp4DHKmhBkykxj0dRObgBx0u6Pwc9J7zkZq7ebujnMzxXDkt7Puy',
        'YynM9nGauMCD3Zc9FGSbKNOqGndes6FlnKLO7kiy39ojJliTB5Af3Qi5698bRrvm', 6),
       ('QQgQQxcWltOM438SPd4ZFTUapPmKRvoIeIOu9VGFjZEeJKcSiqEqPIa4xtRI6LlY',
        'YynM9nGauMCD3Zc9FGSbKNOqGndes6FlnKLO7kiy39ojJliTB5Af3Qi5698bRrvm', 7),
       ('erm0hLBBkJKmMaXBKkQt0r82u0qEWRYlivcYQ8gkwXjzwhYV2ymWUK6ewl864w7b',
        'YynM9nGauMCD3Zc9FGSbKNOqGndes6FlnKLO7kiy39ojJliTB5Af3Qi5698bRrvm', 8),
       ('BdmpvsLk37MbOmKNXGJbk8kq6btH1SsuPiivnH01I0BZWgllLHAnn3pctQOFSebj',
        'YynM9nGauMCD3Zc9FGSbKNOqGndes6FlnKLO7kiy39ojJliTB5Af3Qi5698bRrvm', 9),
       ('H8UFvoesuVZ14zWf4USSmVDgtv9cC2UatHO53GgACoipuD0aThcefsJAk8e4ThXe',
        'YynM9nGauMCD3Zc9FGSbKNOqGndes6FlnKLO7kiy39ojJliTB5Af3Qi5698bRrvm', 10),
       ('JRp4NnF9V5gu7oqJK4sNxxflm7xPwXdPAYPHJukqr0kr3bfReyMgiTDW0qpqCZIu',
        'YynM9nGauMCD3Zc9FGSbKNOqGndes6FlnKLO7kiy39ojJliTB5Af3Qi5698bRrvm', 11),
       ('WUp49K9dWYyHsUGQSVxG1tlKofHthyyeGGKMEvQZmqwIYyeaG4Ssgc0nQpMajU3x',
        'YynM9nGauMCD3Zc9FGSbKNOqGndes6FlnKLO7kiy39ojJliTB5Af3Qi5698bRrvm', 12),
       ('mo84DBMPSMGFINlKVjwSFVu84cg7kfya2UhTvVgQoUjDVUnqWaxCOk2DHWDHxL9j',
        'YynM9nGauMCD3Zc9FGSbKNOqGndes6FlnKLO7kiy39ojJliTB5Af3Qi5698bRrvm', 13),
       ('P6QXxHshiudsaQtoAPENk8RWVYPeDrM0vC37ojkuEtvDWgBolZdOtPGqe8hreoHg',
        'YynM9nGauMCD3Zc9FGSbKNOqGndes6FlnKLO7kiy39ojJliTB5Af3Qi5698bRrvm', 14),
       ('KyjC75RndJHQ0QRQOxRASLGfwSnVpRbZhrX7ZjvOXnTNYnimZiFhxG0K83F3AEoE',
        'YynM9nGauMCD3Zc9FGSbKNOqGndes6FlnKLO7kiy39ojJliTB5Af3Qi5698bRrvm', 15),
       ('HkgCmfkpnYCYkXDqS2530IekkALedNTUzPhTfY4qgYfC9L3CkCxXBbM3PKE0l4pM',
        'YynM9nGauMCD3Zc9FGSbKNOqGndes6FlnKLO7kiy39ojJliTB5Af3Qi5698bRrvm', 16),
       ('e85GVjcyybnZZR9wFERjrabTYO2bP9Z1X9mgCDOTBXRnxUnMrxfpDXM3S03GxhoG',
        'YynM9nGauMCD3Zc9FGSbKNOqGndes6FlnKLO7kiy39ojJliTB5Af3Qi5698bRrvm', 17),
       ('NJ9ChxVpzrcX1YQulNZYSvT1AHwf65hbqkQeHwj2NnRTy4S2jXF2GT866MtDFY3q',
        'YynM9nGauMCD3Zc9FGSbKNOqGndes6FlnKLO7kiy39ojJliTB5Af3Qi5698bRrvm', 18),
       ('QpeCjwLAdAZ6RP5UPdg0UPFQDlyIltvFPz3t2k7Cz40u9pDePNijyYn9iyXxh6aC',
        'YynM9nGauMCD3Zc9FGSbKNOqGndes6FlnKLO7kiy39ojJliTB5Af3Qi5698bRrvm', 19),
       ('ruj9A88lT9UI8sZI95knTlkXnVezidKHLKsgIJNbp89FNA979TDFvr16tK917ZRk',
        'YynM9nGauMCD3Zc9FGSbKNOqGndes6FlnKLO7kiy39ojJliTB5Af3Qi5698bRrvm', 20),
       ('a0vaIXctkj0dPkj1WRXrpl8qGpIHi9sI1OJTpp1bfBaPd0U7nO1ALEa3QPMe1Gqe',
        'YynM9nGauMCD3Zc9FGSbKNOqGndes6FlnKLO7kiy39ojJliTB5Af3Qi5698bRrvm', 21),
       ('Bpqzq7GA3P9SykGahMI82r8K7YMH5xQMSDlOztHSB16oaFwsjqsBvHC6Rk2Rzgn7',
        'YynM9nGauMCD3Zc9FGSbKNOqGndes6FlnKLO7kiy39ojJliTB5Af3Qi5698bRrvm', 22),
       ('M5YLW4Lm5rZUNcwq904vTztfO5aYzqy0NKzZIdOfuHIS1EVX85YTQis0Fz96cx4v',
        'YynM9nGauMCD3Zc9FGSbKNOqGndes6FlnKLO7kiy39ojJliTB5Af3Qi5698bRrvm', 23),
       ('HkmCRNbcB93nm08Mk3NAKsiAisKsGrC5ISsLVkt69YxBc1DoPJlOOX85pg1mjxdb',
        'YynM9nGauMCD3Zc9FGSbKNOqGndes6FlnKLO7kiy39ojJliTB5Af3Qi5698bRrvm', 24),
       ('IuEcbJg3yQO6Q0wttjN8RrWJOImudVhwxBRKRHCmqupBcnTzANhK4TSAIdWfbsh0',
        'YynM9nGauMCD3Zc9FGSbKNOqGndes6FlnKLO7kiy39ojJliTB5Af3Qi5698bRrvm', 25),
       ('9XO63w0uKKKir0WvfDoHkC061SDJMfDJH1lvMiF1FFMsyoYbtp6TQSiN3IaD17X7',
        'YynM9nGauMCD3Zc9FGSbKNOqGndes6FlnKLO7kiy39ojJliTB5Af3Qi5698bRrvm', 26),
       ('HajciL3i5EFwqrXlwyFxXHFQcWfWncCKK2CYlzV1j6wTkzg7pyplnXdHLkgtX7SG',
        'YynM9nGauMCD3Zc9FGSbKNOqGndes6FlnKLO7kiy39ojJliTB5Af3Qi5698bRrvm', 27),
       ('oNMj6y6Ml2l64Cx1tXrpgnID3BKDpFmwJSpnHwKMexJHQi1p0i5vhHwgzgojZXxU',
        'YynM9nGauMCD3Zc9FGSbKNOqGndes6FlnKLO7kiy39ojJliTB5Af3Qi5698bRrvm', 28),
       ('R39fihT8xWyEvuXd0NLeYON8WQ9nnECR1eo9QxOC6dUEhJXTp65ZL4N0Do1jOaZz',
        'YynM9nGauMCD3Zc9FGSbKNOqGndes6FlnKLO7kiy39ojJliTB5Af3Qi5698bRrvm', 29),
       ('pAQx4oo56Byg597qqecCAgGd0sYbEOzE9U4jC6GJmt9tHX1rer1EvnOKHqxBG5yD',
        'YynM9nGauMCD3Zc9FGSbKNOqGndes6FlnKLO7kiy39ojJliTB5Af3Qi5698bRrvm', 30),
       ('DjjstYOmwEfYmUGRZOXay6R0F8R7s5k8lIxswbQuIHZW4dxlGovOvIlopqIq748r',
        'YynM9nGauMCD3Zc9FGSbKNOqGndes6FlnKLO7kiy39ojJliTB5Af3Qi5698bRrvm', 31),
       ('BoFHSLR57WTURt1m0IVL23qsj6h14xDOXWgbqaifKK9Ok0DCT5GJTmQs2jvOmg4X',
        'YynM9nGauMCD3Zc9FGSbKNOqGndes6FlnKLO7kiy39ojJliTB5Af3Qi5698bRrvm', 32),
       ('HqQf48yQZxIv56uvgiJURfvTz4AXwFwuGjegHU4hcafgWDLKgKsapgh0mS06WuZy',
        'YynM9nGauMCD3Zc9FGSbKNOqGndes6FlnKLO7kiy39ojJliTB5Af3Qi5698bRrvm', 33),
       ('vRHPMxad8VKEZicI1m30Gbg6p9D3y9CrjH2gCFdD9anDm2Rg94LVOHf6VTCHK5Eu',
        'YynM9nGauMCD3Zc9FGSbKNOqGndes6FlnKLO7kiy39ojJliTB5Af3Qi5698bRrvm', 34),
       ('7DXfq7TxhJuVRTasQncmYEGdZ12UC99af9NNBznebMJRlRZya1ueHF4faMaATyym',
        'YynM9nGauMCD3Zc9FGSbKNOqGndes6FlnKLO7kiy39ojJliTB5Af3Qi5698bRrvm', 35),
       ('SZEXRs2IrmmOUAuoexG99bcqpYd4wEEv0rQZpvNgofr2MOuXLhCx5lIUUTvgU7or',
        'YynM9nGauMCD3Zc9FGSbKNOqGndes6FlnKLO7kiy39ojJliTB5Af3Qi5698bRrvm', 36),
       ('mk2uQ7dEuEtEjtMraHbPci565R8LxUX0pSf9OBJdSoi6o5Dwx98M3pTVftZdGkfs',
        'YynM9nGauMCD3Zc9FGSbKNOqGndes6FlnKLO7kiy39ojJliTB5Af3Qi5698bRrvm', 37),
       ('7XJDLoqzYp3HXYe41R25XeAftQs81S2xPExpsa45GhyH8qtwCdmJDxhjmRxKmnkx',
        'YynM9nGauMCD3Zc9FGSbKNOqGndes6FlnKLO7kiy39ojJliTB5Af3Qi5698bRrvm', 38),
       ('c7AJpKe6GErJo46f3O3HJ62775Zn7kCvYFjS3ewWREkb0FSbFaROr969Db3XgXDD',
        'YynM9nGauMCD3Zc9FGSbKNOqGndes6FlnKLO7kiy39ojJliTB5Af3Qi5698bRrvm', 39),
       ('XdpKbWirXAHb0B4viZ1PZqJ5YAKBZGbeazLIKOXpK7UYTD2rJwVt4ufegYOzbUvZ',
        'YynM9nGauMCD3Zc9FGSbKNOqGndes6FlnKLO7kiy39ojJliTB5Af3Qi5698bRrvm', 40);

INSERT INTO db.items
    (tag, type, price)
VALUES ('mcNaYbZF3GHRgytY8GXNyWXmpcJXLhvW38vxyyz2qvZq3nmXFGQcXUOMChuPBLdG', 'course', 45.00),
       ('DfyfGaM4cDxQiwE9z5KxiWyHNhVyJamR7iB4GdwJl0O6sPRq4bOOqlgWm38iduEs', 'video', 0.00),
       ('dLYkuUHUjVeGoY4VdaWxj7reDQIchD34Odj2kYrL1cSJOxfhTgoBZlF23WwFTFgm', 'video', 0.87),
       ('ke6sLjGXHNWNoBRonyGVZhNG1kwKNrlxrh7SPluUrgsylT8SijSbAhFmlKUH3FZ8', 'video', 1.12),
       ('tC0LAP4mMPUsDNQO4r6lVMQAQU2Tu7YQp7ckLY7G4b3wyMXQImno08niTRaoRuw0', 'video', 2.92),
       ('Gvl5u8aAgXSabM9P0qdc0Ox2yNvS36iaUOjsWAkLrDu5eQItLVRKUKKnJeNQoWFc', 'video', 0.88),
       ('PddBf4Y4U1ZB0c5d9kvo9GYah3tAwpXIiuTd76JUlLauDbHK2RZtO2tnLi3tdMlz', 'video', 2.07),
       ('0dYDHfnBTKIVEokGSKuuoZJ3Gh0qvJLBthCwbOihKGdYgd9p7Nk0YCh7gSp0SBCx', 'video', 2.94),
       ('4tPVtD3sA8c9W27t86eY6QR1wz7i5judXyKaXkNH7YVc4jUu5FaMPSeCmRbKnWju', 'video', 2.21),
       ('1tl0szhWoCsQqDCuFEgy9BCA7GXwz2bidqvwsz2Pb1cvUqEFeNM08uAwyNEZsK2p', 'video', 2.48),
       ('Nfvl5JN6FNzJbweEYOsHFAsFJuPIipnDOtO00WjYfAJ3OjPKmvh6mmEpedpSPvR6', 'video', 2.99),
       ('kk8aZ46g33JiT9bJZu5AmI3HjaGIhtISPWV5R4cqIpo8mlfriQRLLfBBZUDg3lXh', 'video', 2.12),
       ('Y1AO1H4FVcexvzFXFDk1DVHXKKPDAnU3h52aGPPkJG568LwmzqlBKfFijY9W1YNa', 'video', 2.12),
       ('RvGvLL34BMq604KyOwtLy3cBx4YANTvgXSKocFNJAngGNZ2dbD9Eu9rutuGZBesa', 'video', 2.47),
       ('6jlddJc5VveXN0MLaJKdObpzNqHZyNJaUWpqgJukGw5C1DmBENelbBbMhWKL2qv5', 'video', 1.14),
       ('7bkq0PtR3zUooZoQGooAkFIwmxkLtcWjj0OyfyIITFAL81MBRyVdF21LIdmiQ3Cj', 'video', 2.54),
       ('1zx2FeXLbHvOLvG75a1aQGg2RzXEIWJ3RwkklLX6opBqPouQ3Zc4woGoX2CGDgga', 'video', 2.59),
       ('D74xFL9N5dadoQspGV2xPqTxguLvpgoo9b2TwNeVfSvRLbxkBbSqL4s8xI0tZA55', 'video', 0.65),
       ('UM91LTOUsJGb1dUA8NkjoqsB4z5PkesAN4O2GjbZZ1vKrJhMwYdMInkb0ndIKq0S', 'video', 1.17),
       ('RWOLxjM07z9j8ChYJUunJOUVnMMMtOn8F3f5fTcNAARwzkiGEBLrRrGmhI5sfGt4', 'video', 1.79),
       ('QlfiMgr6eMDoLDxLoko9Cei00oSMIb9ggdbyY9TPFiEV4aL9g8db7aBITod2NtNa', 'video', 1.77),
       ('o3oJ7JoU9belipa33hul6Xr0OaWsUQYa3OlGLE1UeAlnxqCsphdtXWxxUHeRYRYF', 'video', 1.03),
       ('9tUFCybnmDG9gYK2VUAegxdDVrlv1BrRtghJTchbtetpyAsD1cMao6OvK5Ugv88l', 'video', 0.61),
       ('141nvNDpTstBjBjI58UVvn7gUfAlnsHRdO2JWFWIch4E61BD0tqmbCmXHAxCKFPs', 'video', 1.66),
       ('2UpgZiZ3GBLO82NKN7DIUmj4k7blR4RfNUOwbvyUPwwjv0zu2m1bFB5ljzCX4pmg', 'video', 2.63),
       ('r7MT1H86USqi4BW8I2ohXJfRjg60JYoPZJIDwYreekXd8DC2H3UsWclLQcGMkbif', 'video', 0.60),
       ('fsbC6l2sO7l20CRsuAd4vZZfoIUT7TqHznePKpse3D0KUx0LDfclViXLcpCbXKw8', 'video', 1.62),
       ('8DtITDnsEltOthO271SzDiBhdHQAbRNyOXcC2D2qm3HbxoMTAdSOIlsZKlgegjsb', 'video', 2.51),
       ('pqdyhiDhPVqflQIlKGdIdPVTtkSTEaY1nIYHVqMpB20xkGwNZIbnd0jdQR2N8AKN', 'video', 1.37),
       ('EkoHm5drcfMCraKcVGNLIeVR5ZoCWGreMJxC6guaASdi6nOUDA0Xuqa0stuWLJFC', 'video', 0.52),
       ('Exui3JzFfwWuGvjwTcpmQPfZ5mPo1P3th6v87HJYb2DwSpcKqj6VVXaRSJ3IunHh', 'video', 0.51),
       ('8N8bcsOsa6hbekSlm2yWteikmYZznleHdeMhURrbByBcTxygTpp4Uy2ykkILJdHc', 'video', 1.46),
       ('W0aduzGxdpW6CzT4aHlpaNNfjWmHpNj3xse3qKHwKbB3jJ6AB46CTGVpkp5pPgIt', 'video', 2.88),
       ('oNGX8fVv5qo6P87T7f1fImXMfti8yHVXdilaQvnAmDSMuKlKHOQFdxTFGtt3c5C0', 'video', 1.46),
       ('FXteA9ddRgjdAbErUQaS6msqFohLgkxUkyKU8seJ5OEKt3cRLmRee49kweVVA1iC', 'video', 0.54),
       ('f7ZNota65YbcrB7vjWIxTh7APuMAPmJ9xfayBd8YySmYH9q7Bxy95Q5RtJ1iMe5G', 'video', 1.36),
       ('eshuXoMtpjLrYvksoZLNX5G4Lzdyq4GJB9IKRfgQgjjg3RlDKvBWtMb7tjZY0YUG', 'video', 0.58),
       ('AMMkGT9v3ZsFLQyeYGE0j4egWx2LCsvv1VrVztdkTIXZIycj7YdJoPpiLsMs5Jpg', 'video', 2.72),
       ('vOZU0lzWs0gdsppX3XmMNxS7EYS2xx4azZ2NwMdCICPl9eSJoaqp0v2rxrugZFlB', 'video', 1.91),
       ('RP0S5gFYTUnvoy0Huec2kpjQJevfmmsfMj5jv6m7udXyavejaxM1VxA82C8WdKpk', 'video', 0.63),
       ('BWaab4mGZycJmbEo2Sjw8fbq4YpFQvpsbcQh9X6XYJsdmgGlAiDTuAC6gM5fiwPl', 'video', 1.41),
       ('BQBTcdjHVQUDcThlFQI5vlgs3rCPEGPXJgKFr90xQHH0t53diK0gNmZDIdB116uC', 'video', 2.77),
       ('wH2lQzpGitWoVD5SBllqzmfUyGK3CH4xnv6HEYvlbntYA5JAXCVHN1qiFFsH4QcR', 'video', 2.79),
       ('cwKMB6bsITytbdcXIq3hFved8fMw4SaxtseGEF6y2ksqV2pTaallUFDIRoycRa98', 'video', 1.96),
       ('I2vv2UrDHPAg3tKzReiSyiDapaBDVrrZHugdoZcUFpvTiAdaMld9o25I2dFjx5Uk', 'video', 2.91),
       ('1q1gVgCyWl7FmGmKQkqdqQVGYySiA7eTAVHgbxxGqDkH4sk0oIVsZbpV54uxjWk0', 'video', 1.04),
       ('TrzJUBgFEescm98xFnlOsdxPLidHmK53nRcps6hgGbrgccUdzjD3sPdqOctTHAEI', 'video', 1.08),
       ('3kN7YK8xGBbWv6SnpVrJRqOYdK1CNb791zruH6B8dC4dLe3HMLoyx4kk3EpqjV7F', 'video', 2.89);

INSERT INTO db.courses
    (tag, name, description, subject, creator, views)
VALUES ('mcNaYbZF3GHRgytY8GXNyWXmpcJXLhvW38vxyyz2qvZq3nmXFGQcXUOMChuPBLdG', 'Crash Course Chemistry',
        'Want to learn more about the fascinating world of atoms and molecules, as well as the interactions between them? Buy this course!',
        'chemistry', 3, 93345542);


INSERT INTO db.videos
    (tag, name, free, description, subject, uploader, views)
VALUES ('DfyfGaM4cDxQiwE9z5KxiWyHNhVyJamR7iB4GdwJl0O6sPRq4bOOqlgWm38iduEs', 'Crash Course Chemistry Preview', 1,
        'Hank gives you a preview of things to come on Crash Course Chemistry! <br /><br />We also made flashcards to help you review the content in this course. Find them on the free Crash Course App! <br />Download it here for Apple Devices: https://apple.co/3d4eyZo<br />Download it here for Android Devices: https://bit.ly/2SrDulJ<br /><br />Crash Course is on Patreon! You can support us directly by signing up at http://www.patreon.com/crashcourse<br /><br />Want to find Crash Course elsewhere on the internet?<br />Facebook - http://www.facebook.com/YouTubeCrashCourse<br />Twitter - http://www.twitter.com/TheCrashCourse<br />Instagram - https://www.instagram.com/thecrashcourse/<br /><br />CC Kids: http://www.youtube.com/crashcoursekids',
        'chemistry', 3, 850533),
       ('dLYkuUHUjVeGoY4VdaWxj7reDQIchD34Odj2kYrL1cSJOxfhTgoBZlF23WwFTFgm', 'The Nucleus', 0,
        'Hank does his best to convince us that chemistry is not torture, but is instead the amazing and beautiful science of stuff. Chemistry can tell us how three tiny particles - the proton, neutron, and electron - come together in trillions of combinations to form ... everything. In this inaugural episode of Crash Course Chemistry, we start out with one of the biggest ideas in chemistry ever - stuff is made from atoms. More specifically, we learn about the properties of the nucleus and why they are important to defining what an atom actually is.<br /><br />Pssst... we made flashcards to help you review the content in this episode! Find them on the free Crash Course App! <br />Download it here for Apple Devices: https://apple.co/3d4eyZo<br />Download it here for Android Devices: https://bit.ly/2SrDulJ<br /><br />Table of Contents<br />Einstein &amp; Atoms 02:05<br />Composition of Atoms 03:18<br />Atomic Number 04:20<br />Isotopes 08:04<br />Relative Atomic Mass 07:26<br />Mass Number 07:44<br /><br />Watch the SciShow episodes on the Strong Nuclear Force here: <br />http://www.youtube.com/watch?v=Yv3EMq2Dgq8<br />http://www.youtube.com/watch?v=BNDOSMqGLlg<br /><br />Crash Course is on Patreon! You can support us directly by signing up at http://www.patreon.com/crashcourse<br /><br />Want to find Crash Course elsewhere on the internet?<br />Facebook - http://www.facebook.com/YouTubeCrashCourse<br />Twitter - http://www.twitter.com/TheCrashCourse<br />Instagram - https://www.instagram.com/thecrashcourse/<br /><br />CC Kids: http://www.youtube.com/crashcoursekids',
        'chemistry', 3, 6837173),
       ('ke6sLjGXHNWNoBRonyGVZhNG1kwKNrlxrh7SPluUrgsylT8SijSbAhFmlKUH3FZ8', 'Unit Conversion & Significant Figures', 0,
        'A unit is a frequently arbitrary designation we have given to something to convey a definite magnitude of a physical quantity and every quantity can be expressed in terms of the seven base units that are contained in the international system of units. Hank thinks this is a thrilling subject, and while you may not agree, it is a subject that is very important if you want to be a scientist and communicate with accuracy and precision with other scientists.  So listen up and learn something or Hank might have to kill you! (NOT REALLY!)<br /><br />Pssst... we made flashcards to help you review the content in this episode! Find them on the free Crash Course App! <br />Download it here for Apple Devices: https://apple.co/3d4eyZo<br />Download it here for Android Devices: https://bit.ly/2SrDulJ<br /><br />Table of Contents<br />Unit Conversion 02:27<br />Scientific Notation 03:26<br />Sig Figs 07:40 <br /><br />Crash Course is on Patreon! You can support us directly by signing up at http://www.patreon.com/crashcourse<br /><br />Want to find Crash Course elsewhere on the internet?<br />Facebook - http://www.facebook.com/YouTubeCrashCourse<br />Twitter - http://www.twitter.com/TheCrashCourse<br />Instagram - https://www.instagram.com/thecrashcourse/<br /><br />CC Kids: http://www.youtube.com/crashcoursekids',
        'chemistry', 3, 3860161),
       ('tC0LAP4mMPUsDNQO4r6lVMQAQU2Tu7YQp7ckLY7G4b3wyMXQImno08niTRaoRuw0',
        'The Creation of Chemistry - The Fundamental Laws', 0,
        'Today&#x27;s Crash Course Chemistry takes a historical perspective on the creation of the science, which didn&#x27;t really exist until a super-smart, super-wealthy Frenchman put the puzzle pieces together - Hank tells the story of how we went from alchemists to chemists, who understood the law of conservation of mass as proposed by a decapitated aristocrat, and explains how we came to have a greater understanding of how chemical compounds work and eventually a complete understanding of what atoms and molecules are.  <br /><br />Pssst... we made flashcards to help you review the content in this episode! Find them on the free Crash Course App! <br />Download it here for Apple Devices: https://apple.co/3d4eyZo<br />Download it here for Android Devices: https://bit.ly/2SrDulJ<br /><br />Table of Contents<br />Alchemists to Chemists 01:07<br />Law of Conservation of Mass 03:25<br />Decapitated Aristocrat 04:11<br />Chemical Compounds 05:44<br />Atoms and Molecules 06:07:1<br /><br />Crash Course is on Patreon! You can support us directly by signing up at http://www.patreon.com/crashcourse<br /><br />Want to find Crash Course elsewhere on the internet?<br />Facebook - http://www.facebook.com/YouTubeCrashCourse<br />Twitter - http://www.twitter.com/TheCrashCourse<br />Instagram - https://www.instagram.com/thecrashcourse/<br /><br />CC Kids: http://www.youtube.com/crashcoursekids',
        'chemistry', 3, 2499879),
       ('Gvl5u8aAgXSabM9P0qdc0Ox2yNvS36iaUOjsWAkLrDu5eQItLVRKUKKnJeNQoWFc', 'The Periodic Table', 0,
        'Hank gives us a tour of the most important table ever, including the life story of the obsessive man who championed it, Dmitri Mendeleev.  The periodic table of elements is a concise, information-dense catalog of all of the different sorts of atoms in the universe, and it has a wealth of information to tell us if we can learn to read it.<br /><br />Pssst... we made flashcards to help you review the content in this episode! Find them on the free Crash Course App! <br />Download it here for Apple Devices: https://apple.co/3d4eyZo<br />Download it here for Android Devices: https://bit.ly/2SrDulJ<br /><br />Table of Contents<br />Dmitri Mendeleev - 0:45<br />Mendeleev&#x27;s Organization of the Periodic Table - 2:31<br />Relationships in the Periodic Table - 5:03<br />Why Mendeleev Stood Out from his Colleagues - 7:09<br />How the Periodic Table Could be Improved - 8:28<br /><br />More info about the cylindrical periodic table of elements: http://www.av8n.com/physics/periodic-table.htm<br /><br />Crash Course is on Patreon! You can support us directly by signing up at http://www.patreon.com/crashcourse<br /><br />Want to find Crash Course elsewhere on the internet?<br />Facebook - http://www.facebook.com/YouTubeCrashCourse<br />Twitter - http://www.twitter.com/TheCrashCourse<br />Instagram - https://www.instagram.com/thecrashcourse/<br /><br />CC Kids: http://www.youtube.com/crashcoursekids',
        'chemistry', 3, 6819141),
       ('PddBf4Y4U1ZB0c5d9kvo9GYah3tAwpXIiuTd76JUlLauDbHK2RZtO2tnLi3tdMlz', 'The Electron', 0,
        'Hank brings us the story of the electron and describes how reality is a kind of music, discussing electron shells and orbitals, electron configurations, ionization and electron affinities, and how all these things can be understood via the periodic table. <br /><br />Pssst... we made flashcards to help you review the content in this episode! Find them on the free Crash Course App! <br />Download it here for Apple Devices: https://apple.co/3d4eyZo<br />Download it here for Android Devices: https://bit.ly/2SrDulJ<br /><br />Table of Contents<br />Snobby Scientists 00:43<br />Great Dane/Bohr Model 01:57<br />Electrons as Music 04:13<br />Electron Shells and Orbitals 04:44<br />Electron Configurations 05:54<br />Ionization and Electron Affinities 08:17<br />Periodic Table 10:18 <br /><br />Crash Course is on Patreon! You can support us directly by signing up at http://www.patreon.com/crashcourse<br /><br />Want to find Crash Course elsewhere on the internet?<br />Facebook - http://www.facebook.com/YouTubeCrashCourse<br />Twitter - http://www.twitter.com/TheCrashCourse<br />Instagram - https://www.instagram.com/thecrashcourse/<br /><br />CC Kids: http://www.youtube.com/crashcoursekids',
        'chemistry', 3, 3400898),
       ('0dYDHfnBTKIVEokGSKuuoZJ3Gh0qvJLBthCwbOihKGdYgd9p7Nk0YCh7gSp0SBCx',
        'Stoichiometry - Chemistry for Massive Creatures', 0,
        'Chemists need stoichiometry to make the scale of chemistry more understandable - Hank is here to explain why and to teach us how to use it. <br /><br />Pssst... we made flashcards to help you review the content in this episode! Find them on the free Crash Course App! <br />Download it here for Apple Devices: https://apple.co/3d4eyZo<br />Download it here for Android Devices: https://bit.ly/2SrDulJ<br /><br />Table of Contents<br />Atomic Mass Units 2:24<br />Moles 5:12<br />Molar Mass 5:59<br />Equation Balancing 8:45<br />Molar Ratios 11:11<br /><br />Resources:<br />http://www.chemistry.oregonstate.edu/courses/ch121-3s/ch121/Answers%20to%20interesting%20questions/history_of_the_atomic_mass_unit.htm<br />http://www.iupac.org/publications/ci/2004/2601/1_holden.html<br /><br />Crash Course is on Patreon! You can support us directly by signing up at http://www.patreon.com/crashcourse<br /><br />Want to find Crash Course elsewhere on the internet?<br />Facebook - http://www.facebook.com/YouTubeCrashCourse<br />Twitter - http://www.twitter.com/TheCrashCourse<br />Instagram - https://www.instagram.com/thecrashcourse/<br /><br />CC Kids: http://www.youtube.com/crashcoursekids',
        'chemistry', 3, 3420846),
       ('4tPVtD3sA8c9W27t86eY6QR1wz7i5judXyKaXkNH7YVc4jUu5FaMPSeCmRbKnWju', 'Water & Solutions - for Dirty Laundry', 0,
        'Dihydrogen monoxide (better know as water) is the key to nearly everything. It falls from the sky, makes up 60% of our bodies, and just about every chemical process related to life takes place with it or in it. Without it, none of the chemical reactions that keep us alive would happen - none of the reactions that sustain any life form on earth would happen - and the majority of inorganic chemical reactions that shape the surface of the earth would not happen either.  Every one of us uses water for all kinds of chemistry every day - our body chemistry, our food chemistry, and our laundry chemistry all take place in water. <br /><br />In today&#x27;s Crash Course Chemistry, we use Hank&#x27;s actual dirty laundry (ew) to learn about some of the properties of water that make it so special - its polarity and dielectric property; how electrolytes can be used to classify solutions; and we discover how to calculate a solution&#x27;s molarity as well as how to dilute a solution using the dilution equation.<br /><br />Pssst... we made flashcards to help you review the content in this episode! Find them on the free Crash Course App! <br />Download it here for Apple Devices: https://apple.co/3d4eyZo<br />Download it here for Android Devices: https://bit.ly/2SrDulJ<br /><br />Table of Contents<br />Polarity 02:40<br />Dielectric Property 04:13<br />Electrolytes 04:29<br />Molarity 08:46<br />Dilution 10:56<br /><br />Crash Course is on Patreon! You can support us directly by signing up at http://www.patreon.com/crashcourse<br /><br />Want to find Crash Course elsewhere on the internet?<br />Facebook - http://www.facebook.com/YouTubeCrashCourse<br />Twitter - http://www.twitter.com/TheCrashCourse<br />Instagram - https://www.instagram.com/thecrashcourse/<br /><br />CC Kids: http://www.youtube.com/crashcoursekids',
        'chemistry', 3, 1927348),
       ('1tl0szhWoCsQqDCuFEgy9BCA7GXwz2bidqvwsz2Pb1cvUqEFeNM08uAwyNEZsK2p', 'Acid-Base Reactions in Solution', 0,
        'Last week, Hank talked about how stuff mixes together in solutions. Today, and for the next few weeks, he will talk about the actual reactions happening in those solutions - atoms reorganizing themselves to create whole new substances in the processes that make our world the one we know and love.  This week, we focus on acids and bases and their proton-exchanging ways. <br /><br />Pssst... we made flashcards to help you review the content in this episode! Find them on the free Crash Course App! <br />Download it here for Apple Devices: https://apple.co/3d4eyZo<br />Download it here for Android Devices: https://bit.ly/2SrDulJ <br /><br />Table of Contents<br />Chemistry Can Cause Death 00:00<br />Acids and Bases are Complicated 02:25<br />Conjugate Bases 05:37<br />Conjugate Acids 04:48<br />Acid-Base Stoichiometry 06:49<br /><br />Crash Course is on Patreon! You can support us directly by signing up at http://www.patreon.com/crashcourse<br /><br />Want to find Crash Course elsewhere on the internet?<br />Facebook - http://www.facebook.com/YouTubeCrashCourse<br />Twitter - http://www.twitter.com/TheCrashCourse<br />Instagram - https://www.instagram.com/thecrashcourse/<br /><br />CC Kids: http://www.youtube.com/crashcoursekids',
        'chemistry', 3, 3077633),
       ('Nfvl5JN6FNzJbweEYOsHFAsFJuPIipnDOtO00WjYfAJ3OjPKmvh6mmEpedpSPvR6', 'Precipitation Reactions', 0,
        'A lot of ionic compounds dissolve in water, dissociating into individual ions. But when two ions find each other and form an insoluble compound, they suddenly fall out of the solution in what&#x27;s called a precipitation reaction. In this episode of Crash Course Chemistry, we learn about precipitation, precipitates, anions, cations, and how to describe and discuss ionic reactions.<br /><br />Pssst... we made flashcards to help you review the content in this episode! Find them on the free Crash Course App! <br />Download it here for Apple Devices: https://apple.co/3d4eyZo<br />Download it here for Android Devices: https://bit.ly/2SrDulJ<br /><br />Table of Contents<br />Precipitate Reactions 0:34<br />Determining Precipitates 1:35<br />Writing Precipitate Reactions 6:31<br />Calculating Molar Mass Equation 8:52<br /><br />Crash Course is on Patreon! You can support us directly by signing up at http://www.patreon.com/crashcourse<br /><br />Want to find Crash Course elsewhere on the internet?<br />Facebook - http://www.facebook.com/YouTubeCrashCourse<br />Twitter - http://www.twitter.com/TheCrashCourse<br />Instagram - https://www.instagram.com/thecrashcourse/<br /><br />CC Kids: http://www.youtube.com/crashcoursekids',
        'chemistry', 3, 1981665),
       ('kk8aZ46g33JiT9bJZu5AmI3HjaGIhtISPWV5R4cqIpo8mlfriQRLLfBBZUDg3lXh', 'Redox Reactions', 0,
        'All the magic that we know is in the transfer of electrons. Reduction (gaining electrons) and oxidation (the loss of electrons) combine to form Redox chemistry, which contains the majority of chemical reactions. As electrons jump from atom to atom, they carry energy with them, and that transfer of energy is what makes all life on earth possible. <br /><br />Oxidation 1:42<br />Reduction 1:03<br />Oxidation Numbers 3:29<br />Redox Reactions 5:59<br />Oxidation Reactions 6:28<br />Balancing Oxidation Reactions 7:18<br /><br />Thank you to the following chemistry teachers for their assistance:<br />James Sarbinoff<br />Rachel Wentz<br />Edi Gonz?lez<br />Lucas Moore<br />Chris Conley<br />Addie Clark<br />Julia Rosinski<br /><br />Special Thanks to Matt Young at the University of Montana (Geosciences Department, Environmental Biogeochemistry Lab) who helped with the chemical demonstrations.<br /><br />Pssst... we made flashcards to help you review the content in this episode! Find them on the free Crash Course App! <br />Download it here for Apple Devices: https://apple.co/3d4eyZo<br />Download it here for Android Devices: https://bit.ly/2SrDulJ<br /><br />Crash Course is on Patreon! You can support us directly by signing up at http://www.patreon.com/crashcourse<br /><br />Want to find Crash Course elsewhere on the internet?<br />Facebook - http://www.facebook.com/YouTubeCrashCourse<br />Twitter - http://www.twitter.com/TheCrashCourse<br />Instagram - https://www.instagram.com/thecrashcourse/<br /><br />CC Kids: http://www.youtube.com/crashcoursekids',
        'chemistry', 3, 3008952),
       ('Y1AO1H4FVcexvzFXFDk1DVHXKKPDAnU3h52aGPPkJG568LwmzqlBKfFijY9W1YNa', 'How to Speak Chemistrian', 0,
        'Learning to talk about chemistry can be like learning a foreign language, but Hank is here to help with some straightforward and simple rules to help you learn to speak Chemistrian like a native. <br /><br />Pssst... we made flashcards to help you review the content in this episode! Find them on the free Crash Course App! <br />Download it here for Apple Devices: https://apple.co/3d4eyZo<br />Download it here for Android Devices: https://bit.ly/2SrDulJ<br /><br />Table of Contents<br />Determining Formulas and Names of Monatomic Ions 2:06<br />Finding Cation-and Anion Forming Elements on the Periodic Table 3:29<br />Writing Formulas and Naming Transition Metals 4:02<br />Naming Acids and their Anions 5:35<br /><br />Crash Course is on Patreon! You can support us directly by signing up at http://www.patreon.com/crashcourse<br /><br />Want to find Crash Course elsewhere on the internet?<br />Facebook - http://www.facebook.com/YouTubeCrashCourse<br />Twitter - http://www.twitter.com/TheCrashCourse<br />Instagram - https://www.instagram.com/thecrashcourse/<br /><br />CC Kids: http://www.youtube.com/crashcoursekids',
        'chemistry', 3, 1542920),
       ('RvGvLL34BMq604KyOwtLy3cBx4YANTvgXSKocFNJAngGNZ2dbD9Eu9rutuGZBesa', 'The Ideal Gas Law', 0,
        'Gases are everywhere, and this is good news and bad news for chemists. The good news: when they are behaving themselves, it&#x27;s extremely easy to describe their behavior theoretically, experimentally, and mathematically.  The bad news is they almost never behave themselves.  <br />In this episode of Crash Course Chemistry, Hank tells how the work of some amazing thinkers combined to produce the Ideal Gas Law, how none of those people were Robert Boyle, and how the ideal gas equation allows you to find out pressure, volume, temperature, or number of moles.  You&#x27;ll also get a quick introduction to a few jargon-y phrases to help you sound like you know what you&#x27;re talking about.  <br /><br />Pssst... we made flashcards to help you review the content in this episode! Find them on the free Crash Course App! <br /><br />Download it here for Apple Devices: https://apple.co/3d4eyZo<br />Download it here for Android Devices: https://bit.ly/2SrDulJ<br /><br />Table of Contents<br />Ideal Gas Law Equation 0:50<br />Everyone But Robert Boyle 1:35<br />Ideal Gas Law to Figure Out Things 6:16<br />Jargon Fun Time 7:46<br /><br />Crash Course is on Patreon! You can support us directly by signing up at http://www.patreon.com/crashcourse<br /><br />Want to find Crash Course elsewhere on the internet?<br />Facebook - http://www.facebook.com/YouTubeCrashCourse<br />Twitter - http://www.twitter.com/TheCrashCourse<br />Instagram - https://www.instagram.com/thecrashcourse/<br /><br />CC Kids: http://www.youtube.com/crashcoursekids',
        'chemistry', 3, 2571827),
       ('6jlddJc5VveXN0MLaJKdObpzNqHZyNJaUWpqgJukGw5C1DmBENelbBbMhWKL2qv5', 'Ideal Gas Problems', 0,
        'We don&#x27;t live in a perfect world, and neither do gases - it would be great if their particles always fulfilled the assumptions of the ideal gas law, and we could use PV=nRT to get the right answer every time. Unfortunately, the ideal gas law (like our culture) has unrealistic expectations when it comes to size and attraction: it assumes that particles do not have size at all and that they never attract each other.  So the ideal gas &quot;law&quot; often becomes little more than the ideal gas estimate when it comes to what gases do naturally. But it&#x27;s a close enough estimate in enough situations that it&#x27;s very valuable to know. In this episode, Hank goes through a bunch of calculations according to the ideal gas law so you can get familiar with it. <br /><br />Pssst... we made flashcards to help you review the content in this episode! Find them on the free Crash Course App! <br /><br />Download it here for Apple Devices: https://apple.co/3d4eyZo<br />Download it here for Android Devices: https://bit.ly/2SrDulJ<br /><br />Table of Contents<br />Large Size + Attraction to Others 3:36<br />Mendeleev to the Rescue 2:30<br />The Hindenburg Disaster 6:19<br />Helium vs. Hydrogen 7:33<br />Making Fire with Cotton and Your Fist 10:15<br /><br />Crash Course is on Patreon! You can support us directly by signing up at http://www.patreon.com/crashcourse<br /><br />Want to find Crash Course elsewhere on the internet?<br />Facebook - http://www.facebook.com/YouTubeCrashCourse<br />Twitter - http://www.twitter.com/TheCrashCourse<br />Instagram - https://www.instagram.com/thecrashcourse/<br /><br />CC Kids: http://www.youtube.com/crashcoursekids',
        'chemistry', 3, 1022615),
       ('7bkq0PtR3zUooZoQGooAkFIwmxkLtcWjj0OyfyIITFAL81MBRyVdF21LIdmiQ3Cj', 'Real Gases', 0,
        'Hank bursts our ideal gas law bubble, er, balloon, and brings us back to reality, explaining how the constants in the gas law aren&#x27;t all that constant; how the ideal gas law we&#x27;ve spent the past two weeks with has to be corrected for volume because atoms and molecules take up space and for pressure because they&#x27;re attracted to each other; that Einstein was behind a lot more of what we know today than most people realize; and how a Dutch scientist named Johannes van der Waals figured out those correction factors in the late 19th century and earned a Nobel Prize for his efforts. <br /><br />Pssst... we made flashcards to help you review the content in this episode! Find them on the free Crash Course App! <br />Download it here for Apple Devices: https://apple.co/3d4eyZo<br />Download it here for Android Devices: https://bit.ly/2SrDulJ<br /><br />Table of Contents<br />Constants in the Gas Laws Aren&#x27;t all that Constant 1:20<br />The Ideal Gas Law has to be Corrected for Volume and Pressure 3:26<br />Einstein was the Bomb 5:02<br />Van Der Waals Equation 9:38<br />Never Give Up! 10:08<br /><br />Crash Course is on Patreon! You can support us directly by signing up at http://www.patreon.com/crashcourse<br /><br />Want to find Crash Course elsewhere on the internet?<br />Facebook - http://www.facebook.com/YouTubeCrashCourse<br />Twitter - http://www.twitter.com/TheCrashCourse<br />Instagram - https://www.instagram.com/thecrashcourse/<br /><br />CC Kids: http://www.youtube.com/crashcoursekids',
        'chemistry', 3, 846848),
       ('1zx2FeXLbHvOLvG75a1aQGg2RzXEIWJ3RwkklLX6opBqPouQ3Zc4woGoX2CGDgga', 'Partial Pressures & Vapor Pressure', 0,
        'This week we continue to spend quality time with gases, more deeply investigating some principles regarding pressure - including John Dalton&#x27;s Law of Partial Pressures, vapor pressure - and demonstrating the method for collecting gas over water.  <br /><br />Pssst... we made flashcards to help you review the content in this episode! Find them on the free Crash Course App! <br /><br />Download it here for Apple Devices: https://apple.co/3d4eyZo<br />Download it here for Android Devices: https://bit.ly/2SrDulJ<br /><br />Table of Contents<br />Theory of the Atom 1:48<br />Adding up the Pressures 2:34<br />Mixing Vinegar &amp; Baking Soda 7:15<br />Collecting Gas Over Water 8:54<br /><br />Crash Course is on Patreon! You can support us directly by signing up at http://www.patreon.com/crashcourse<br /><br />Want to find Crash Course elsewhere on the internet?<br />Facebook - http://www.facebook.com/YouTubeCrashCourse<br />Twitter - http://www.twitter.com/TheCrashCourse<br />Instagram - https://www.instagram.com/thecrashcourse/<br /><br />CC Kids: http://www.youtube.com/crashcoursekids',
        'chemistry', 3, 1088564),
       ('D74xFL9N5dadoQspGV2xPqTxguLvpgoo9b2TwNeVfSvRLbxkBbSqL4s8xI0tZA55',
        'Passing Gases: Effusion, Diffusion, and the Velocity of a Gas', 0,
        'We have learned over the past few weeks that gases have real-life constraints on how they move here in the non-ideal world. As with most things in chemistry (and also in life), how a gas moves is more complex than it seems at first. In this episode, Hank describes what it means when we talk about the velocity of a gas - to understand gas velocity, we have to know what factors affect it, and how. Hank also teaches you about effusion, diffusion, and concentration gradients, before showing off a cool experiment that physically demonstrates the things you have just learned. Sound exciting enough for you? Let&#x27;s get started.<br /><br />*Special Thanks to Matt Young at the University of Montana (Geosciences Department, Environmental Biogeochemistry Lab) who helped with the chemical demonstrations.*<br /><br />Pssst... we made flashcards to help you review the content in this episode! Find them on the free Crash Course App! <br /><br />Download it here for Apple Devices: https://apple.co/3d4eyZo<br />Download it here for Android Devices: https://bit.ly/2SrDulJ<br /><br />Table of Contents<br />Net Velocity vs. Average Velocity 1:17<br />Effusion 4:47<br />Graham&#x27;s Law 5:52<br />Diffusion 7:22<br />Concentration Gradients 7:08<br />Precipitation Reaction with Gases 8:21<br /><br />Crash Course is on Patreon! You can support us directly by signing up at http://www.patreon.com/crashcourse<br /><br />Want to find Crash Course elsewhere on the internet?<br />Facebook - http://www.facebook.com/YouTubeCrashCourse<br />Twitter - http://www.twitter.com/TheCrashCourse<br />Instagram - https://www.instagram.com/thecrashcourse/<br /><br />CC Kids: http://www.youtube.com/crashcoursekids',
        'chemistry', 3, 593668),
       ('UM91LTOUsJGb1dUA8NkjoqsB4z5PkesAN4O2GjbZZ1vKrJhMwYdMInkb0ndIKq0S', 'Energy & Chemistry', 0,
        'Grumpy Professor Hank admits to being wrong about how everything is chemicals. But he now wants you to listen as he blows your mind with a new sweeping statement: everything (yes, really everything this time) is energy. What?! <br /><br />This week, Hank takes us on a quick tour of how thermodynamics is applied in chemistry using his toy trebuchet as an example because he is a proud nerd.  <br /><br />Pssst... we made flashcards to help you review the content in this episode! Find them on the free Crash Course App! <br /><br />Download it here for Apple Devices: https://apple.co/3d4eyZo<br />Download it here for Android Devices: https://bit.ly/2SrDulJ<br /><br />--<br />Table of Contents<br />Everything Is Energy 0:00<br />Forms of Energy 1:07<br />Potential Energy 2:11<br />Chemical Energy 1:55<br />Energy Is Constant &amp; Law of Thermodynamics 2:49<br />System &amp; Surroundings 5:03<br />Energy Transfer 4:57<br />Work 3:25<br />Heat 4:05<br />Trebuchets 0:48<br /><br />Crash Course is on Patreon! You can support us directly by signing up at http://www.patreon.com/crashcourse<br /><br />Want to find Crash Course elsewhere on the internet?<br />Facebook - http://www.facebook.com/YouTubeCrashCourse<br />Twitter - http://www.twitter.com/TheCrashCourse<br />Instagram - https://www.instagram.com/thecrashcourse/<br /><br />CC Kids: http://www.youtube.com/crashcoursekids',
        'chemistry', 3, 1419891),
       ('RWOLxjM07z9j8ChYJUunJOUVnMMMtOn8F3f5fTcNAARwzkiGEBLrRrGmhI5sfGt4', 'Enthalpy', 0,
        'Energy is like the bestest best friend ever and yet, most of the time we take it for granted. Hank feels bad for our friend and wants us to learn more about it so that we can understand what it&#x27;s trying to tell us - like that any bond between two atoms contains energy. How much energy? That&#x27;s not the simplest question to answer, but today Hank will answer it (kinda), by teaching us about a nifty little thing called enthalpy.<br /><br />If you are paying attention to this episode you&#x27;ll learn what the state function is, and how it varies from a path-dependent function; why enthalpy change is different from heat; that bonds are energy and to form and break them they release and absorb heat to and from their environment. You&#x27;ll get the quickest introduction to calorimetry ever (more on that in upcoming episodes) and learn the power of Hess&#x27;s Law and how to use Germain Hess&#x27;s concept of the standard enthalpy of formation to calculate exactly how much heat is produced by any chemical reaction. <br /><br />Pssst... we made flashcards to help you review the content in this episode! Find them on the free Crash Course App! <br /><br />Download it here for Apple Devices: https://apple.co/3d4eyZo<br />Download it here for Android Devices: https://bit.ly/2SrDulJ<br /><br />--<br />Table of Contents<br />State Function 1:50<br />Path-Dependent Function 1:15<br />Enthalpy 2:58<br />Bonds are Energy 5:10<br />Colorimetry 5:36<br />Hess&#x27; Law 6:19<br />Standard Enthalpy of Formation 7:24<br /><br />Crash Course is on Patreon! You can support us directly by signing up at http://www.patreon.com/crashcourse<br /><br />Want to find Crash Course elsewhere on the internet?<br />Facebook - http://www.facebook.com/YouTubeCrashCourse<br />Twitter - http://www.twitter.com/TheCrashCourse<br />Instagram - https://www.instagram.com/thecrashcourse/<br /><br />CC Kids: http://www.youtube.com/crashcoursekids',
        'chemistry', 3, 2467744),
       ('QlfiMgr6eMDoLDxLoko9Cei00oSMIb9ggdbyY9TPFiEV4aL9g8db7aBITod2NtNa', 'Calorimetry', 0,
        'Today&#x27;s episode dives into the HOW of enthalpy. How we calculate it, and how we determine it experimentally...even if our determinations here at Crash Course Chemistry are somewhat shoddy.<br /><br />Pssst... we made flashcards to help you review the content in this episode! Find them on the free Crash Course App! <br /><br />Download it here for Apple Devices: https://apple.co/3d4eyZo<br />Download it here for Android Devices: https://bit.ly/2SrDulJ<br /><br />--<br />Table of Contents<br />Hess&#x27; Law 2:30<br />Calorimeter 3:12<br />Calorimetry 3:07<br />Specific Heat Capacity 5:08<br />Calorimetry Sources of Error 10:21<br /><br />Crash Course is on Patreon! You can support us directly by signing up at http://www.patreon.com/crashcourse<br /><br />Want to find Crash Course elsewhere on the internet?<br />Facebook - http://www.facebook.com/YouTubeCrashCourse<br />Twitter - http://www.twitter.com/TheCrashCourse<br />Instagram - https://www.instagram.com/thecrashcourse/<br /><br />CC Kids: http://www.youtube.com/crashcoursekids',
        'chemistry', 3, 1340876),
       ('o3oJ7JoU9belipa33hul6Xr0OaWsUQYa3OlGLE1UeAlnxqCsphdtXWxxUHeRYRYF', 'Entropy: Embrace the Chaos!', 0,
        'Life is chaos and the universe tends toward disorder. But why? If you think about it, there are only a few ways for things to be arranged in an organized manner, but there are nearly infinite other ways for those same things to be arranged. Simple rules of probability dictate that it&#x27;s much more likely for stuff to be in one of the many disorganized states than in one of the few organized states. This tendency is so unavoidable that it&#x27;s known as the 2nd Law of Thermodynamics. Obviously, disorder is a pretty big deal in the universe and that makes it a pretty big deal in chemistry - it&#x27;s such a big deal that scientists have a special name for it: entropy. In chemistry, entropy is the measure of molecular randomness or disorder. For the next thirteen minutes, Hank hopes you will embrace the chaos as he teaches you about entropy.<br /><br />Pssst... we made flashcards to help you review the content in this episode! Find them on the free Crash Course App! <br /><br />Download it here for Apple Devices: https://apple.co/3d4eyZo<br />Download it here for Android Devices: https://bit.ly/2SrDulJ<br /><br />--<br />Table of Contents<br />Second Law of Thermodynamics 0:45<br />Entropy 2:01<br />DEMONSTRATION! 4:28<br />BA(OH)2?8H2O+NH4Ci 10:25<br />J.W. Gibbs &amp; Gibbs Free Energy 7:23<br /><br />Crash Course is on Patreon! You can support us directly by signing up at http://www.patreon.com/crashcourse<br /><br />Want to find Crash Course elsewhere on the internet?<br />Facebook - http://www.facebook.com/YouTubeCrashCourse<br />Twitter - http://www.twitter.com/TheCrashCourse<br />Instagram - https://www.instagram.com/thecrashcourse/<br /><br />CC Kids: http://www.youtube.com/crashcoursekids',
        'chemistry', 3, 1735198),
       ('9tUFCybnmDG9gYK2VUAegxdDVrlv1BrRtghJTchbtetpyAsD1cMao6OvK5Ugv88l', 'Lab Techniques & Safety', 0,
        'Hank takes a break from the desk to bring you to the lab in order to demonstrate some important points about the practical side of chemistry - experimentation in the laboratory. You&#x27;ll learn what to wear in the lab, how to dispose of chemicals safely, how to avoid the most common accidents, how to pour solutions properly, what the HazMat diamond means, what an MSDS is, and how to use a fume hood. And as a reward for sticking with him through this maybe less-than-thrilling lecture, you&#x27;ll see Hank subject himself to an exciting piece of safety apparatus.  <br /><br />Pssst... we made flashcards to help you review the content in this episode! Find them on the free Crash Course App! <br /><br />Download it here for Apple Devices: https://apple.co/3d4eyZo<br />Download it here for Android Devices: https://bit.ly/2SrDulJ<br /><br />--<br />Table of Contents<br />Proper Lab Attire 0:51<br />Disposing Chemicals Safely 6:30<br />Avoiding Common Lab Accidents 5:40<br />Proper Pouring 5:19<br />Hazmat Diamond 2:26<br />MSDS 3:05<br />How to use Fume Hoods 3:38<br /><br />Crash Course is on Patreon! You can support us directly by signing up at http://www.patreon.com/crashcourse<br /><br />Want to find Crash Course elsewhere on the internet?<br />Facebook - http://www.facebook.com/YouTubeCrashCourse<br />Twitter - http://www.twitter.com/TheCrashCourse<br />Instagram - https://www.instagram.com/thecrashcourse/<br /><br />CC Kids: http://www.youtube.com/crashcoursekids',
        'chemistry', 3, 2139831),
       ('141nvNDpTstBjBjI58UVvn7gUfAlnsHRdO2JWFWIch4E61BD0tqmbCmXHAxCKFPs', 'Atomic Hook-Ups - Types of Chemical Bonds',
        0,
        'Atoms are a lot like us - we call their relationships &quot;bonds,&quot; and there are many different types. Each kind of atomic relationship requires a different type of energy, but they all do best when they settle into the lowest stress situation possible. The nature of the bond between atoms is related to the distance between them and, like people, it also depends on how positive or negative they are. Unlike human relationships, we can analyze exactly what makes chemical relationships work, and that&#x27;s what this episode is all about. <br /><br />If you are paying attention, you will learn that chemical bonds form in order to minimize the energy difference between two atoms or ions; that those chemical bonds may be covalent if atoms share electrons, and that covalent bonds can share those electrons evenly or unevenly; that bonds can also be ionic if the electrons are transferred instead of shared: and how to calculate the energy transferred in an ionic bond using Coulomb&#x27;s Law. <br /><br />Pssst... we made flashcards to help you review the content in this episode! Find them on the free Crash Course App! <br /><br />Download it here for Apple Devices: https://apple.co/3d4eyZo<br />Download it here for Android Devices: https://bit.ly/2SrDulJ<br /><br />--<br />Table of Contents<br />Bonds Minimize Energy 01:38<br />Covalent Bonds 03:18<br />Ionic Bonds 05:37<br />Coulomb&#x27;s Law 05:51<br /><br />Crash Course is on Patreon! You can support us directly by signing up at http://www.patreon.com/crashcourse<br /><br />Want to find Crash Course elsewhere on the internet?<br />Facebook - http://www.facebook.com/YouTubeCrashCourse<br />Twitter - http://www.twitter.com/TheCrashCourse<br />Instagram - https://www.instagram.com/thecrashcourse/<br /><br />CC Kids: http://www.youtube.com/crashcoursekids',
        'chemistry', 3, 3011562),
       ('2UpgZiZ3GBLO82NKN7DIUmj4k7blR4RfNUOwbvyUPwwjv0zu2m1bFB5ljzCX4pmg', 'Polar & Non-Polar Molecules', 0,
        'Molecules come in infinite varieties, so in order to help the complicated chemical world make a little more sense, we classify and categorize them. One of the most important of those classifications is whether a molecule is polar or non-polar, which describes a kind of symmetry - not just of the molecule, but of the charge. In this edition of Crash Course Chemistry, Hank comes out for Team Polar and describes why these molecules are so interesting to him. <br /><br />You&#x27;ll learn that molecules need to have both charge asymmetry and geometric asymmetry to be polar, and that charge asymmetry is caused by a difference in electronegativities. You&#x27;ll also learn how to notate a dipole moment (or charge separation) of a molecule, the physical mechanism behind like dissolves like, and why water is so dang good at fostering life on Earth. <br /><br />Pssst... we made flashcards to help you review the content in this episode! Find them on the free Crash Course App! <br /><br />Download it here for Apple Devices: https://apple.co/3d4eyZo<br />Download it here for Android Devices: https://bit.ly/2SrDulJ<br /><br />--<br />Table of Contents<br />Charge Asymmetry &amp; Geometric Asymmetry 01:33<br />Difference in Electronegatives 01:49<br />Hank is Team Polar 00:33<br />Dipole Moment 03:49<br />Charge Separation of a Molecule 04:12<br />Like Dissolves Like 04:41<br />Water is Awesome 05:10<br /><br />Crash Course is on Patreon! You can support us directly by signing up at http://www.patreon.com/crashcourse<br /><br />Want to find Crash Course elsewhere on the internet?<br />Facebook - http://www.facebook.com/YouTubeCrashCourse<br />Twitter - http://www.twitter.com/TheCrashCourse<br />Instagram - https://www.instagram.com/thecrashcourse/<br /><br />CC Kids: http://www.youtube.com/crashcoursekids',
        'chemistry', 3, 3784785),
       ('r7MT1H86USqi4BW8I2ohXJfRjg60JYoPZJIDwYreekXd8DC2H3UsWclLQcGMkbif', 'Bonding Models and Lewis Structures', 0,
        'Models are great, except they&#x27;re also usually inaccurate. In this episode of Crash Course Chemistry, Hank discusses why we need models in the world and how we can learn from them... even when they&#x27;re almost completely wrong. Plus, Lewis Structures!<br /><br />Pssst... we made flashcards to help you review the content in this episode! Find them on the free Crash Course App! <br />Download it here for Apple Devices: https://apple.co/3d4eyZo<br />Download it here for Android Devices: https://bit.ly/2SrDulJ<br /><br />--<br />Table of Contents<br />Models 0:06<br />Linus Pauling &amp; The Bonding Model 9:16<br />Lewis Dot Structures 4:27<br />Ionic Bonds 5:30<br />Covalent Bonds 6:10<br />Double Bonds 7:17<br />Triple Bonds 8:14<br /><br />Crash Course is on Patreon! You can support us directly by signing up at http://www.patreon.com/crashcourse<br /><br />Want to find Crash Course elsewhere on the internet?<br />Facebook - http://www.facebook.com/YouTubeCrashCourse<br />Twitter - http://www.twitter.com/TheCrashCourse<br />Instagram - https://www.instagram.com/thecrashcourse/<br /><br />CC Kids: http://www.youtube.com/crashcoursekids',
        'chemistry', 3, 2127747),
       ('fsbC6l2sO7l20CRsuAd4vZZfoIUT7TqHznePKpse3D0KUx0LDfclViXLcpCbXKw8', 'Orbitals', 0,
        'In this episode of Crash Course Chemistry, Hank discusses what molecules actually look like and why, some quantum-mechanical three-dimensional wave functions are explored, he touches on hybridization, and delves into sigma and pi bonds. <br /><br />Pssst... we made flashcards to help you review the content in this episode! Find them on the free Crash Course App! <br />Download it here for Apple Devices: https://apple.co/3d4eyZo<br />Download it here for Android Devices: https://bit.ly/2SrDulJ<br />--<br />Table of Contents<br />Molecules: Clumpy Globs... 0:18<br />Quantum-Mechanical Three-Dimensional Wave Functions 3:06<br />S &amp; P Orbital Hybridization 5:27<br />Sigma &amp; Pi Bonds 7:32<br />Hybridized Orbitals 5:52<br /><br />Crash Course is on Patreon! You can support us directly by signing up at http://www.patreon.com/crashcourse<br /><br />Want to find Crash Course elsewhere on the internet?<br />Facebook - http://www.facebook.com/YouTubeCrashCourse<br />Twitter - http://www.twitter.com/TheCrashCourse<br />Instagram - https://www.instagram.com/thecrashcourse/<br /><br />CC Kids: http://www.youtube.com/crashcoursekids',
        'chemistry', 3, 2910336),
       ('8DtITDnsEltOthO271SzDiBhdHQAbRNyOXcC2D2qm3HbxoMTAdSOIlsZKlgegjsb', 'Liquids', 0,
        'In this episode of Crash Course Chemistry, Hank gives you the low down on things like London Dispersion Forces, Hydrogen Bonds, Cohesion, Adhesion, Viscosity, Capillary Action, Surface Tension, and why liquids are just... WEIRD!<br /><br />Pssst... we made flashcards to help you review the content in this episode! Find them on the free Crash Course App! <br />Download it here for Apple Devices: https://apple.co/3d4eyZo<br />Download it here for Android Devices: https://bit.ly/2SrDulJ<br />--<br />TABLE OF CONTENTS<br />London Dispersion Forces 3:18<br />Dipole-Dipole Forces 4:45<br />Hydrogen Bonds 5:29<br />Cohesion 7:57<br />Adhesion 9:24<br />Viscosity 8:41<br />Capillary Action 9:03<br />Surface Tension 8:10<br /><br />Crash Course is on Patreon! You can support us directly by signing up at http://www.patreon.com/crashcourse<br /><br />Want to find Crash Course elsewhere on the internet?<br />Facebook - http://www.facebook.com/YouTubeCrashCourse<br />Twitter - http://www.twitter.com/TheCrashCourse<br />Instagram - https://www.instagram.com/thecrashcourse/<br /><br />CC Kids: http://www.youtube.com/crashcoursekids',
        'chemistry', 3, 701426),
       ('pqdyhiDhPVqflQIlKGdIdPVTtkSTEaY1nIYHVqMpB20xkGwNZIbnd0jdQR2N8AKN', 'Solutions', 0,
        'This week, Hank elaborates on why Fugu can kill you by illustrating the ideas of solutions and discussing molarity, molality, and mass percent. Also, why polar solvents dissolve polar solutes, and nonpolar solvents dissolve nonpolar solutes. All that plus Henry&#x27;s Law and why Coke = Burps. <br /><br />Pssst... we made flashcards to help you review the content in this episode! Find them on the free Crash Course App! <br /><br />Download it here for Apple Devices: https://apple.co/3d4eyZo<br />Download it here for Android Devices: https://bit.ly/2SrDulJ<br />--<br />TABLE OF CONTENTS<br />Molarity, Molality, and Mass Percent 1:34<br />Polar Solvents Dissolve Polar Solutes 2:21<br />Nonpolar Solvents Dissolve Nonpolar Solutes 2:21<br />Henry&#x27;s Law 5:15<br />Coke=Burps 4:00<br />--<br />Crash Course is on Patreon! You can support us directly by signing up at http://www.patreon.com/crashcourse<br /><br />Want to find Crash Course elsewhere on the internet?<br />Facebook - http://www.facebook.com/YouTubeCrashCourse<br />Twitter - http://www.twitter.com/TheCrashCourse<br />Instagram - https://www.instagram.com/thecrashcourse/<br /><br />CC Kids: http://www.youtube.com/crashcoursekids',
        'chemistry', 3, 1259717),
       ('EkoHm5drcfMCraKcVGNLIeVR5ZoCWGreMJxC6guaASdi6nOUDA0Xuqa0stuWLJFC', 'Equilibrium', 0,
        'In this episode of Crash Course Chemistry, Hank goes over the ideas of keeping your life balance... well, your chemical life. Equilibrium is all about balance and today Hank discusses Chemical Equilibrium, Concentration, Temperature, and Pressure. Also, he&#x27;ll chat about Le Chatalier&#x27;s Principle and Fritz Haber.<br /><br />Pssst... we made flashcards to help you review the content in this episode! Find them on the free Crash Course App! <br />Download it here for Apple Devices: https://apple.co/3d4eyZo<br />Download it here for Android Devices: https://bit.ly/2SrDulJ<br />--<br />TABLE OF CONTENTS<br /><br />Equilibrium = Balance: 0:19<br />Chemical Equilibrium: 1:25<br />Le Chatalier&#x27;s Principle 4:37<br />Fritz Haber 5:31<br />--<br /><br />Crash Course is on Patreon! You can support us directly by signing up at http://www.patreon.com/crashcourse<br /><br />Want to find Crash Course elsewhere on the internet?<br />Facebook - http://www.facebook.com/YouTubeCrashCourse<br />Twitter - http://www.twitter.com/TheCrashCourse<br />Instagram - https://www.instagram.com/thecrashcourse/<br /><br />CC Kids: http://www.youtube.com/crashcoursekids',
        'chemistry', 3, 2150216),
       ('Exui3JzFfwWuGvjwTcpmQPfZ5mPo1P3th6v87HJYb2DwSpcKqj6VVXaRSJ3IunHh', 'Equilibrium Equations', 0,
        'In which Hank shows you that, while it may seem like the Universe is messing with us, equilibrium isn&#x27;t a cosmic trick. Here, he shows you how to calculate equilibrium constant &amp; conditions of reactions and use RICE tables all with some very easy, not-so-scary math. <br /><br />Pssst... we made flashcards to help you review the content in this episode! Find them on the free Crash Course App! <br />Download it here for Apple Devices: https://apple.co/3d4eyZo<br />Download it here for Android Devices: https://bit.ly/2SrDulJ<br /><br />--<br />Table of Contents<br />Calculating an Equilibrium Constant 1:21<br />Calculating Conditions of Reactions 3:00<br />RICE Tables 4:26<br />Quadratic Equations 6:43<br /><br />Crash Course is on Patreon! You can support us directly by signing up at http://www.patreon.com/crashcourse<br /><br />Want to find Crash Course elsewhere on the internet?<br />Facebook - http://www.facebook.com/YouTubeCrashCourse<br />Twitter - http://www.twitter.com/TheCrashCourse<br />Instagram - https://www.instagram.com/thecrashcourse/<br /><br />CC Kids: http://www.youtube.com/crashcoursekids',
        'chemistry', 3, 1165643),
       ('8N8bcsOsa6hbekSlm2yWteikmYZznleHdeMhURrbByBcTxygTpp4Uy2ykkILJdHc', 'pH and pOH', 0,
        'In this episode, Hank goes over Reversible Reactions, the water dissociation constant, what pH and pOH actually mean, Acids, Bases, and Neutral Substances as well as the not-so-terrifying Logarithms, strong acids, weak acids, and how to calculate pH and pOH. Oh, and litmus paper!<br /><br />Pssst... we made flashcards to help you review the content in this episode! Find them on the free Crash Course App! <br />Download it here for Apple Devices: https://apple.co/3d4eyZo<br />Download it here for Android Devices: https://bit.ly/2SrDulJ<br /><br />--<br />Table of Contents<br />Reversible Reactions 3:40<br />Water Dissociation Constant 5:00<br />Acids, Bases, &amp; Neutral Substances 6:38<br />Strong and Weak Acids 7:43<br />Logarithms 1:46<br />Calculating pH and pOH 8:45<br />Cool Mathematical Connections 9:54<br /><br />Crash Course is on Patreon! You can support us directly by signing up at http://www.patreon.com/crashcourse<br /><br />Want to find Crash Course elsewhere on the internet?<br />Facebook - http://www.facebook.com/YouTubeCrashCourse<br />Twitter - http://www.twitter.com/TheCrashCourse<br />Instagram - https://www.instagram.com/thecrashcourse/<br /><br />CC Kids: http://www.youtube.com/crashcoursekids',
        'chemistry', 3, 1934031),
       ('W0aduzGxdpW6CzT4aHlpaNNfjWmHpNj3xse3qKHwKbB3jJ6AB46CTGVpkp5pPgIt', 'Buffers, the Acid Rain Slayer', 0,
        'In this episode, Hank talks about how nutty our world is via Buffers! He defines buffers and their compositions and talks about carbonate buffering systems in nature, acid rain, pH of buffers, and titration. Plus, a really cool experiment using indicators to showcase just how awesome buffers are.<br /><br />Pssst... we made flashcards to help you review the content in this episode! Find them on the free Crash Course App! <br /><br />Download it here for Apple Devices: https://apple.co/3d4eyZo<br />Download it here for Android Devices: https://bit.ly/2SrDulJ<br /><br />--<br />Table of Contents<br />Nature is Nutty 0:00<br />Carbonate Buffering and Acid Rain 0:35<br />Definition of Buffers 1:47<br />Composition of Buffers 2:26<br />pH of Buffers 3:33<br />Titration 7:43<br />Carbonate Buffering in Nature 7:12<br /><br />-<br />Crash Course is on Patreon! You can support us directly by signing up at http://www.patreon.com/crashcourse<br /><br />Want to find Crash Course elsewhere on the internet?<br />Facebook - http://www.facebook.com/YouTubeCrashCourse<br />Twitter - http://www.twitter.com/TheCrashCourse<br />Instagram - https://www.instagram.com/thecrashcourse/<br /><br />CC Kids: http://www.youtube.com/crashcoursekids',
        'chemistry', 3, 1069235),
       ('oNGX8fVv5qo6P87T7f1fImXMfti8yHVXdilaQvnAmDSMuKlKHOQFdxTFGtt3c5C0',
        'Kinetics: Chemistry\'s Demolition Derby - Crash Course Chemistry', 0,
        'Have you ever been to a Demolition Derby? Then you have an idea of how molecular collisions happen. In this episode, Hank talks about collisions between molecules and atoms, activation energy, writing rate laws, equilibrium expressions, reactions mechanics, and rate-determining steps. And funnel cakes are AWESOME!<br /><br />Pssst... we made flashcards to help you review the content in this episode! Find them on the free Crash Course App! <br /><br />Download it here for Apple Devices: https://apple.co/3d4eyZo<br />Download it here for Android Devices: https://bit.ly/2SrDulJ<br /><br />--<br />Table of Contents <br />Collisions Between Molecules and Atoms 0:00<br />Activation Energy 1:32<br />Writing Rate Laws 3:28<br />Rate Laws and Equilibrium Expressions 5:30<br />Reaction Mechanisms 8:06<br />Rate-Determining Steps 7:04<br /><br />Crash Course is on Patreon! You can support us directly by signing up at http://www.patreon.com/crashcourse<br /><br />Want to find Crash Course elsewhere on the internet?<br />Facebook - http://www.facebook.com/YouTubeCrashCourse<br />Twitter - http://www.twitter.com/TheCrashCourse<br />Instagram - https://www.instagram.com/thecrashcourse/<br /><br />CC Kids: http://www.youtube.com/crashcoursekids',
        'chemistry', 3, 878609),
       ('FXteA9ddRgjdAbErUQaS6msqFohLgkxUkyKU8seJ5OEKt3cRLmRee49kweVVA1iC', 'Doing Solids', 0,
        'In which Hank blows our minds with the different kinds of solids out there and talks about why they&#x27;re all different and have different properties. Today, you&#x27;ll learn about amorphous and crystalline solids, types of crystalline solids, types of crystalline atomic solids, properties of each type of solid, and that the properties depend on the bond types. <br /><br />Pssst... we made flashcards to help you review the content in this episode! Find them on the free Crash Course App! <br /><br />Download it here for Apple Devices: https://apple.co/3d4eyZo<br />Download it here for Android Devices: https://bit.ly/2SrDulJ<br /><br />--<br />Table of Contents<br /><br />Amorphous and Crystalline Solids 1:27<br />Types of Crystalline Solids 4:07<br />Types of Crystalline Atomic Solids 5:17<br />Properties of Each Type of Solid 4:16<br />Properties Depend on Bond Types 6:17<br />--<br /><br />Crash Course is on Patreon! You can support us directly by signing up at http://www.patreon.com/crashcourse<br /><br />Want to find Crash Course elsewhere on the internet?<br />Facebook - http://www.facebook.com/YouTubeCrashCourse<br />Twitter - http://www.twitter.com/TheCrashCourse<br />Instagram - https://www.instagram.com/thecrashcourse/<br /><br />CC Kids: http://www.youtube.com/crashcoursekids',
        'chemistry', 3, 792576),
       ('f7ZNota65YbcrB7vjWIxTh7APuMAPmJ9xfayBd8YySmYH9q7Bxy95Q5RtJ1iMe5G', 'Network Solids and Carbon', 0,
        'In this episode, Hank talks about Network solids and Carbon and how you can actually create a Diamond from plain old Carbon... well, YOU probably can&#x27;t unless you own a bunch of elephants. It&#x27;s a long story. BUT, within you will learn about Solid Networks, Diamond and Graphite Network Structures, as well as Sheet and 3D Networks. It&#x27;s not making diamonds from scratch, but it&#x27;s still pretty cool!<br /><br />Pssst... we made flashcards to help you review the content in this episode! Find them on the free Crash Course App! <br /><br />Download it here for Apple Devices: https://apple.co/3d4eyZo<br />Download it here for Android Devices: https://bit.ly/2SrDulJ<br /><br />--<br />Table of Contents<br /><br />Solid Networks 1:54<br />Diamond and Graphite Network Structures 3:03<br />Sheet and 3D Networks 0:48<br /><br /><br />Crash Course is on Patreon! You can support us directly by signing up at http://www.patreon.com/crashcourse<br /><br />Want to find Crash Course elsewhere on the internet?<br />Facebook - http://www.facebook.com/YouTubeCrashCourse<br />Twitter - http://www.twitter.com/TheCrashCourse<br />Instagram - https://www.instagram.com/thecrashcourse/<br /><br />CC Kids: http://www.youtube.com/crashcoursekids',
        'chemistry', 3, 311615),
       ('eshuXoMtpjLrYvksoZLNX5G4Lzdyq4GJB9IKRfgQgjjg3RlDKvBWtMb7tjZY0YUG',
        'Silicon - The Internet\'s Favorite Element', 0,
        'In this episode, we talk about Silicon Valley&#x27;s namesake and how network solids are at the heart of it all. Hank also discusses Solid-State Semiconductors, N-Type and P-Type Semiconductors, Diodes, Transistors, Computer Chips, and Binary Code. All from the same thing that makes up sand!<br /><br />Pssst... we made flashcards to help you review the content in this episode! Find them on the free Crash Course App! <br />Download it here for Apple Devices: https://apple.co/3d4eyZo<br />Download it here for Android Devices: https://bit.ly/2SrDulJ<br />--<br />Table of Contents<br /><br />Silicon Network Solids 1:25<br />Network Arrangements 1:52<br />Solid-State Semiconductors 5:08<br />N-Type and P-Type Semiconductors 5:11<br />Diodes and Transistors 6:10<br />Computer Chips and Binary Code 7:43<br />--<br /><br />Crash Course is on Patreon! You can support us directly by signing up at http://www.patreon.com/crashcourse<br /><br />Want to find Crash Course elsewhere on the internet?<br />Facebook - http://www.facebook.com/YouTubeCrashCourse<br />Twitter - http://www.twitter.com/TheCrashCourse<br />Instagram - https://www.instagram.com/thecrashcourse/<br /><br />CC Kids: http://www.youtube.com/crashcoursekids',
        'chemistry', 3, 352400),
       ('AMMkGT9v3ZsFLQyeYGE0j4egWx2LCsvv1VrVztdkTIXZIycj7YdJoPpiLsMs5Jpg', 'Electrochemistry', 0,
        'Chemistry raised to the power of AWESOME! That&#x27;s what Hank is talking about today with Electrochemistry. Contained within, Hank discusses electrochemical reactions, half-reactions, how batteries work, galvanic cells, voltage, standard reduction potential, cell potential, electrolysis, electroplating, and the things that go into making it possible for you to watch this episode of Crash Course Chemistry!<br /><br />Pssst... we made flashcards to help you review the content in this episode! Find them on the free Crash Course App! <br />Download it here for Apple Devices: https://apple.co/3d4eyZo<br />Download it here for Android Devices: https://bit.ly/2SrDulJ<br /><br />--<br />Table of Contents<br /><br />Electro-Chemical Reactions 0:13<br />Half Reactions 1:42<br />How Batteries Work 1:47<br />Galvanic Cells 3:18<br />Calculating Voltage 4:12<br />Standard Reduction Potential 4:42<br />Standard Cell Potential 6:03<br />Electrolysis 7:24<br />Electroplating 7:02<br />--<br /><br />Crash Course is on Patreon! You can support us directly by signing up at http://www.patreon.com/crashcourse<br /><br />Want to find Crash Course elsewhere on the internet?<br />Facebook - http://www.facebook.com/YouTubeCrashCourse<br />Twitter - http://www.twitter.com/TheCrashCourse<br />Instagram - https://www.instagram.com/thecrashcourse/<br /><br />CC Kids: http://www.youtube.com/crashcoursekids',
        'chemistry', 3, 2005651),
       ('vOZU0lzWs0gdsppX3XmMNxS7EYS2xx4azZ2NwMdCICPl9eSJoaqp0v2rxrugZFlB', 'The History of Atomic Chemistry', 0,
        'How did we get here? Well, in terms of Atomic Chemistry, Hank takes us on a tour of the folks that were part of the long chain of other folks who helped us get to these deeper understandings of the world. From Leucippus to Heisenberg to you - yes, YOU - the story of Atomic Chemistry is all wibbly-wobbly... and amazing.<br /><br />Pssst... we made flashcards to help you review the content in this episode! Find them on the free Crash Course App! <br />Download it here for Apple Devices: https://apple.co/3d4eyZo<br />Download it here for Android Devices: https://bit.ly/2SrDulJ<br /><br />--<br />Table of Contents<br /><br />Leucippus, Democritus &amp; Atomic Theory 0:09<br />Discharge Tubes 1:52<br />Ernest Rutherford &amp; The Nucleus 4:22<br />Chemistry = Math 7:22<br />Niels Bohr Model 5:32<br />Heisenburg &amp; Quantum Theory 6:35<br />--<br /><br />Crash Course is on Patreon! You can support us directly by signing up at http://www.patreon.com/crashcourse<br /><br />Want to find Crash Course elsewhere on the internet?<br />Facebook - http://www.facebook.com/YouTubeCrashCourse<br />Twitter - http://www.twitter.com/TheCrashCourse<br />Instagram - https://www.instagram.com/thecrashcourse/<br /><br />CC Kids: http://www.youtube.com/crashcoursekids',
        'chemistry', 3, 2419410),
       ('RP0S5gFYTUnvoy0Huec2kpjQJevfmmsfMj5jv6m7udXyavejaxM1VxA82C8WdKpk', 'Nuclear Chemistry', 0,
        'In this episode, Hank welcomes you to the new age, to the new age, welcome to the new age. Here he&#x27;ll talk about transmutation among elements, isotopes, calculating half-life, radioactive decay, and spontaneous fission. <br /><br />Pssst... we made flashcards to help you review the content in this episode! Find them on the free Crash Course App! <br />Download it here for Apple Devices: https://apple.co/3d4eyZo<br />Download it here for Android Devices: https://bit.ly/2SrDulJ<br /><br />--<br />Table of Contents<br /><br />Radioactivity<br />Transmutation Among Elements and Isotopes<br />Calculating Half-Life<br />Radioactive Decay<br />Spontaneous Fission<br />--<br /><br />Crash Course is on Patreon! You can support us directly by signing up at http://www.patreon.com/crashcourse<br /><br />Want to find Crash Course elsewhere on the internet?<br />Facebook - http://www.facebook.com/YouTubeCrashCourse<br />Twitter - http://www.twitter.com/TheCrashCourse<br />Instagram - https://www.instagram.com/thecrashcourse/<br /><br />CC Kids: http://www.youtube.com/crashcoursekids',
        'chemistry', 3, 1797617),
       ('BWaab4mGZycJmbEo2Sjw8fbq4YpFQvpsbcQh9X6XYJsdmgGlAiDTuAC6gM5fiwPl',
        'Nuclear Chemistry Part 2 - Fusion and Fission', 0,
        'Continuing our look at Nuclear Chemistry, Hank takes this episode to talk about Fusion and Fission. What they mean, how they work, their positives, negatives, and dangers. Plus, E=mc2, Mass Defect, and Applications of Fission and Fusion in the real world!<br /><br />Pssst... we made flashcards to help you review the content in this episode! Find them on the free Crash Course App! <br />Download it here for Apple Devices: https://apple.co/3d4eyZo<br />Download it here for Android Devices: https://bit.ly/2SrDulJ<br /><br />--<br />Table of Contents<br /><br />E=mc2<br />Mass Defect<br />Fission vs. Fusion<br />Applications in the Real World<br /><br />--<br /><br />Crash Course is on Patreon! You can support us directly by signing up at http://www.patreon.com/crashcourse<br /><br />Want to find Crash Course elsewhere on the internet?<br />Facebook - http://www.facebook.com/YouTubeCrashCourse<br />Twitter - http://www.twitter.com/TheCrashCourse<br />Instagram - https://www.instagram.com/thecrashcourse/<br /><br />CC Kids: http://www.youtube.com/crashcoursekids',
        'chemistry', 3, 1092812),
       ('BQBTcdjHVQUDcThlFQI5vlgs3rCPEGPXJgKFr90xQHH0t53diK0gNmZDIdB116uC', 'Hydrocarbon Power!', 0,
        'In which Hank introduces us to the world of Organic Chemistry and, more specifically, the power of hydrocarbon. He talks about the classifications of organic compounds, the structures &amp; properties of alkanes, isomers, and naming an alkane all by observing its structure.<br /><br />Can&#x27;t get enough OChem? Check out our 50-episode series on Crash Course Organic Chemistry in this playlist: https://www.youtube.com/watch?v=bSMx0NS0XfY&amp;list=PL8dPuuaLjXtONguuhLdVmq0HTKS0jksS4<br /><br />Pssst... we made flashcards to help you review the content in this episode! Find them on the free Crash Course App! <br />Download it here for Apple Devices: https://apple.co/3d4eyZo<br />Download it here for Android Devices: https://bit.ly/2SrDulJ<br /><br />--<br />Table of Contents<br /><br />Classifications of Organic Compounds 2:25<br />Structures &amp; Properties of Alkanes 3:12<br />Isomers 3:49<br />Naming an Alkane Based on its Structure 5:03<br /><br />--<br />Crash Course is on Patreon! You can support us directly by signing up at http://www.patreon.com/crashcourse<br /><br />Want to find Crash Course elsewhere on the internet?<br />Facebook - http://www.facebook.com/YouTubeCrashCourse<br />Twitter - http://www.twitter.com/TheCrashCourse<br />Instagram - https://www.instagram.com/thecrashcourse/<br /><br />CC Kids: http://www.youtube.com/crashcoursekids',
        'chemistry', 3, 2041406),
       ('wH2lQzpGitWoVD5SBllqzmfUyGK3CH4xnv6HEYvlbntYA5JAXCVHN1qiFFsH4QcR', 'Alkenes & Alkynes', 0,
        'Today Hank talks about the deliciousness of alkenes &amp; alkynes, their structures, and how to remember which is which by simply knowing the alphabet. Also, he breaks down hydrogenation, halogenation, polymerization, and triglycerides all while helping us figure out the meaning of different names for fats. <br /><br />Pssst... we made flashcards to help you review the content in this episode! Find them on the free Crash Course App! <br />Download it here for Apple Devices: https://apple.co/3d4eyZo<br />Download it here for Android Devices: https://bit.ly/2SrDulJ<br /><br />--<br />Table of Contents<br /><br />Alkenes &amp; Alkynes 1:14<br />Naming Rules 1:39<br />Cis-Trans Isomerism 3:29<br />Hydrogenation, Halogenation, Polymerization, and Triglycerides 4:40<br />Meanings of Fat Names 5:50<br /><br />--<br />Crash Course is on Patreon! You can support us directly by signing up at http://www.patreon.com/crashcourse<br /><br />Want to find Crash Course elsewhere on the internet?<br />Facebook - http://www.facebook.com/YouTubeCrashCourse<br />Twitter - http://www.twitter.com/TheCrashCourse<br />Instagram - https://www.instagram.com/thecrashcourse/<br /><br />CC Kids: http://www.youtube.com/crashcoursekids',
        'chemistry', 3, 1200066),
       ('cwKMB6bsITytbdcXIq3hFved8fMw4SaxtseGEF6y2ksqV2pTaallUFDIRoycRa98', 'Aromatics & Cyclic Compounds', 0,
        'What&#x27;s that smell? Smell&#x27;s like Organic Chemistry! This week Hank talks about Aromatics and Cyclic Compounds, naming their substituents, resonance, and common reactions &amp; uses. <br /><br />Pssst... we made flashcards to help you review the content in this episode! Find them on the free Crash Course App! <br />Download it here for Apple Devices: https://apple.co/3d4eyZo<br />Download it here for Android Devices: https://bit.ly/2SrDulJ<br /><br />--<br />Table of Contents<br /><br />Cyclic Organic Compounds &amp; Naming Their Constituents 1:06<br />Aromatic Compounds 3:02<br />Resonance 3:18<br />Naming Aromatic Compounds 5:05<br />Common Reactions &amp; Uses 7:24<br /><br />--<br /><br />Crash Course is on Patreon! You can support us directly by signing up at http://www.patreon.com/crashcourse<br /><br />Want to find Crash Course elsewhere on the internet?<br />Facebook - http://www.facebook.com/YouTubeCrashCourse<br />Twitter - http://www.twitter.com/TheCrashCourse<br />Instagram - https://www.instagram.com/thecrashcourse/<br /><br />CC Kids: http://www.youtube.com/crashcoursekids',
        'chemistry', 3, 835216),
       ('I2vv2UrDHPAg3tKzReiSyiDapaBDVrrZHugdoZcUFpvTiAdaMld9o25I2dFjx5Uk', 'Hydrocarbon Derivatives', 0,
        'Functional groups? Functional groups within functional groups? Hank takes today&#x27;s Crash Course video to discuss some confusing ideas about Hydrocarbon Derivatives but then makes it all make more sense.<br /><br />Pssst... we made flashcards to help you review the content in this episode! Find them on the free Crash Course App! <br />Download it here for Apple Devices: https://apple.co/3d4eyZo<br />Download it here for Android Devices: https://bit.ly/2SrDulJ<br /><br />--<br />Table of Contents<br /><br />Alcohols 1:53<br />Hydroxyl Groups 3:51<br />Aldehydes 2:47<br />Carboxylic Acid 4:06<br />Acetone is a Ketone 4:43<br />Ethers and Esters 5:49<br />Amines 6:39<br /><br />--<br /><br />Crash Course is on Patreon! You can support us directly by signing up at http://www.patreon.com/crashcourse<br /><br />Want to find Crash Course elsewhere on the internet?<br />Facebook - http://www.facebook.com/YouTubeCrashCourse<br />Twitter - http://www.twitter.com/TheCrashCourse<br />Instagram - https://www.instagram.com/thecrashcourse/<br /><br />CC Kids: http://www.youtube.com/crashcoursekids',
        'chemistry', 3, 755333),
       ('1q1gVgCyWl7FmGmKQkqdqQVGYySiA7eTAVHgbxxGqDkH4sk0oIVsZbpV54uxjWk0', 'Nomenclature', 0,
        'Ever feel like there&#x27;s an international team of bad guys changing all of the easily remembered chemical names and turning them into test-failing, number-infused, pain-in-the-neck names? Well... you&#x27;re not wrong. IUPAC exists, but try to keep in mind that they&#x27;re doing it for the greater good. In this episode, Hank talks about IUPAC, prefixes, suffixes, ranking, numbers for carbon chains, and cis or trans double bonds. <br /><br />Pssst... we made flashcards to help you review the content in this episode! Find them on the free Crash Course App! <br />Download it here for Apple Devices: https://apple.co/3d4eyZo<br />Download it here for Android Devices: https://bit.ly/2SrDulJ<br /><br />Common Functional Groups: http://en.wikipedia.org/wiki/Functional_group#Table_of_common_functional_groups<br />--<br />Table of Contents<br /><br />IUPAC 0:00<br />Every Organic Compound Has Only One Name 1:02<br />Prefixes 2:16<br />Suffixes 2:47<br />Ranking Functional Groups 4:18<br />Lowest Possible Numbers for Carbon Chains 1:54<br />Cis or Trans for Double Bonds 6:35<br />--<br /><br />Crash Course is on Patreon! You can support us directly by signing up at http://www.patreon.com/crashcourse<br /><br />Want to find Crash Course elsewhere on the internet?<br />Facebook - http://www.facebook.com/YouTubeCrashCourse<br />Twitter - http://www.twitter.com/TheCrashCourse<br />Instagram - https://www.instagram.com/thecrashcourse/<br /><br />CC Kids: http://www.youtube.com/crashcoursekids',
        'chemistry', 3, 1554331),
       ('TrzJUBgFEescm98xFnlOsdxPLidHmK53nRcps6hgGbrgccUdzjD3sPdqOctTHAEI', 'Polymers', 0,
        'Did you know that Polymers save the lives of Elephants? Well, now you do! The world of Polymers is so amazingly integrated into our daily lives that we sometimes forget how amazing they are. Here, Hank talks about how they were developed, and the different types of Polymers that are common in the world today, including some that may surprise you.<br /><br />Pssst... we made flashcards to help you review the content in this episode! Find them on the free Crash Course App! <br />Download it here for Apple Devices: https://apple.co/3d4eyZo<br />Download it here for Android Devices: https://bit.ly/2SrDulJ<br /><br />--<br />Table of Contents<br /><br />Commercial Polymers &amp; Saved Elephants 0:00<br />Ethene AKA Ethylene 2:29<br />Addition Reactions 3:08<br />Ethene Based Polymers 4:44<br />Addition Polymerization &amp; Condensation Reactions 6:32<br />Proteins &amp; Other Natural Polymers 8:33<br />--<br /><br />Crash Course is on Patreon! You can support us directly by signing up at http://www.patreon.com/crashcourse<br /><br />Want to find Crash Course elsewhere on the internet?<br />Facebook - http://www.facebook.com/YouTubeCrashCourse<br />Twitter - http://www.twitter.com/TheCrashCourse<br />Instagram - https://www.instagram.com/thecrashcourse/<br /><br />CC Kids: http://www.youtube.com/crashcoursekids',
        'chemistry', 3, 1600968),
       ('3kN7YK8xGBbWv6SnpVrJRqOYdK1CNb791zruH6B8dC4dLe3HMLoyx4kk3EpqjV7F', 'The Global Carbon Cycle', 0,
        'In this final episode of Crash Course Chemistry, Hank takes us on a tour of The Global Carbon Cycle and how it all works. From Carbon Fixation to Redox Reactions, it&#x27;s all contained within!<br /><br />Pssst... we made flashcards to help you review the content in this episode! Find them on the free Crash Course App! <br />Download it here for Apple Devices: https://apple.co/3d4eyZo<br />Download it here for Android Devices: https://bit.ly/2SrDulJ<br />--<br />Table of Contents<br /><br />The Carbon Cycle 0:51<br />Carbon Fixation 2:55<br />Cellular &amp; Macroscopic Respiration in Living Things 4:59<br />Deposition in Limestone &amp; Fossil Fuels 6:27<br />Redox Reactions Everywhere 4:27<br />Excessive Use of Fossil Fuels = Possible End of Humanity 7:45<br />--<br /><br />Crash Course is on Patreon! You can support us directly by signing up at http://www.patreon.com/crashcourse<br /><br />Want to find Crash Course elsewhere on the internet?<br />Facebook - http://www.facebook.com/YouTubeCrashCourse<br />Twitter - http://www.twitter.com/TheCrashCourse<br />Instagram - https://www.instagram.com/thecrashcourse/<br /><br />CC Kids: http://www.youtube.com/crashcoursekids',
        'chemistry', 3, 1138623);

INSERT INTO db.course_videos
    (video_tag, course_tag, `order`)
VALUES ('DfyfGaM4cDxQiwE9z5KxiWyHNhVyJamR7iB4GdwJl0O6sPRq4bOOqlgWm38iduEs',
        'mcNaYbZF3GHRgytY8GXNyWXmpcJXLhvW38vxyyz2qvZq3nmXFGQcXUOMChuPBLdG', 0),
       ('dLYkuUHUjVeGoY4VdaWxj7reDQIchD34Odj2kYrL1cSJOxfhTgoBZlF23WwFTFgm',
        'mcNaYbZF3GHRgytY8GXNyWXmpcJXLhvW38vxyyz2qvZq3nmXFGQcXUOMChuPBLdG', 1),
       ('ke6sLjGXHNWNoBRonyGVZhNG1kwKNrlxrh7SPluUrgsylT8SijSbAhFmlKUH3FZ8',
        'mcNaYbZF3GHRgytY8GXNyWXmpcJXLhvW38vxyyz2qvZq3nmXFGQcXUOMChuPBLdG', 2),
       ('tC0LAP4mMPUsDNQO4r6lVMQAQU2Tu7YQp7ckLY7G4b3wyMXQImno08niTRaoRuw0',
        'mcNaYbZF3GHRgytY8GXNyWXmpcJXLhvW38vxyyz2qvZq3nmXFGQcXUOMChuPBLdG', 3),
       ('Gvl5u8aAgXSabM9P0qdc0Ox2yNvS36iaUOjsWAkLrDu5eQItLVRKUKKnJeNQoWFc',
        'mcNaYbZF3GHRgytY8GXNyWXmpcJXLhvW38vxyyz2qvZq3nmXFGQcXUOMChuPBLdG', 4),
       ('PddBf4Y4U1ZB0c5d9kvo9GYah3tAwpXIiuTd76JUlLauDbHK2RZtO2tnLi3tdMlz',
        'mcNaYbZF3GHRgytY8GXNyWXmpcJXLhvW38vxyyz2qvZq3nmXFGQcXUOMChuPBLdG', 5),
       ('0dYDHfnBTKIVEokGSKuuoZJ3Gh0qvJLBthCwbOihKGdYgd9p7Nk0YCh7gSp0SBCx',
        'mcNaYbZF3GHRgytY8GXNyWXmpcJXLhvW38vxyyz2qvZq3nmXFGQcXUOMChuPBLdG', 6),
       ('4tPVtD3sA8c9W27t86eY6QR1wz7i5judXyKaXkNH7YVc4jUu5FaMPSeCmRbKnWju',
        'mcNaYbZF3GHRgytY8GXNyWXmpcJXLhvW38vxyyz2qvZq3nmXFGQcXUOMChuPBLdG', 7),
       ('1tl0szhWoCsQqDCuFEgy9BCA7GXwz2bidqvwsz2Pb1cvUqEFeNM08uAwyNEZsK2p',
        'mcNaYbZF3GHRgytY8GXNyWXmpcJXLhvW38vxyyz2qvZq3nmXFGQcXUOMChuPBLdG', 8),
       ('Nfvl5JN6FNzJbweEYOsHFAsFJuPIipnDOtO00WjYfAJ3OjPKmvh6mmEpedpSPvR6',
        'mcNaYbZF3GHRgytY8GXNyWXmpcJXLhvW38vxyyz2qvZq3nmXFGQcXUOMChuPBLdG', 9),
       ('kk8aZ46g33JiT9bJZu5AmI3HjaGIhtISPWV5R4cqIpo8mlfriQRLLfBBZUDg3lXh',
        'mcNaYbZF3GHRgytY8GXNyWXmpcJXLhvW38vxyyz2qvZq3nmXFGQcXUOMChuPBLdG', 10),
       ('Y1AO1H4FVcexvzFXFDk1DVHXKKPDAnU3h52aGPPkJG568LwmzqlBKfFijY9W1YNa',
        'mcNaYbZF3GHRgytY8GXNyWXmpcJXLhvW38vxyyz2qvZq3nmXFGQcXUOMChuPBLdG', 11),
       ('RvGvLL34BMq604KyOwtLy3cBx4YANTvgXSKocFNJAngGNZ2dbD9Eu9rutuGZBesa',
        'mcNaYbZF3GHRgytY8GXNyWXmpcJXLhvW38vxyyz2qvZq3nmXFGQcXUOMChuPBLdG', 12),
       ('6jlddJc5VveXN0MLaJKdObpzNqHZyNJaUWpqgJukGw5C1DmBENelbBbMhWKL2qv5',
        'mcNaYbZF3GHRgytY8GXNyWXmpcJXLhvW38vxyyz2qvZq3nmXFGQcXUOMChuPBLdG', 13),
       ('7bkq0PtR3zUooZoQGooAkFIwmxkLtcWjj0OyfyIITFAL81MBRyVdF21LIdmiQ3Cj',
        'mcNaYbZF3GHRgytY8GXNyWXmpcJXLhvW38vxyyz2qvZq3nmXFGQcXUOMChuPBLdG', 14),
       ('1zx2FeXLbHvOLvG75a1aQGg2RzXEIWJ3RwkklLX6opBqPouQ3Zc4woGoX2CGDgga',
        'mcNaYbZF3GHRgytY8GXNyWXmpcJXLhvW38vxyyz2qvZq3nmXFGQcXUOMChuPBLdG', 15),
       ('D74xFL9N5dadoQspGV2xPqTxguLvpgoo9b2TwNeVfSvRLbxkBbSqL4s8xI0tZA55',
        'mcNaYbZF3GHRgytY8GXNyWXmpcJXLhvW38vxyyz2qvZq3nmXFGQcXUOMChuPBLdG', 16),
       ('UM91LTOUsJGb1dUA8NkjoqsB4z5PkesAN4O2GjbZZ1vKrJhMwYdMInkb0ndIKq0S',
        'mcNaYbZF3GHRgytY8GXNyWXmpcJXLhvW38vxyyz2qvZq3nmXFGQcXUOMChuPBLdG', 17),
       ('RWOLxjM07z9j8ChYJUunJOUVnMMMtOn8F3f5fTcNAARwzkiGEBLrRrGmhI5sfGt4',
        'mcNaYbZF3GHRgytY8GXNyWXmpcJXLhvW38vxyyz2qvZq3nmXFGQcXUOMChuPBLdG', 18),
       ('QlfiMgr6eMDoLDxLoko9Cei00oSMIb9ggdbyY9TPFiEV4aL9g8db7aBITod2NtNa',
        'mcNaYbZF3GHRgytY8GXNyWXmpcJXLhvW38vxyyz2qvZq3nmXFGQcXUOMChuPBLdG', 19),
       ('o3oJ7JoU9belipa33hul6Xr0OaWsUQYa3OlGLE1UeAlnxqCsphdtXWxxUHeRYRYF',
        'mcNaYbZF3GHRgytY8GXNyWXmpcJXLhvW38vxyyz2qvZq3nmXFGQcXUOMChuPBLdG', 20),
       ('9tUFCybnmDG9gYK2VUAegxdDVrlv1BrRtghJTchbtetpyAsD1cMao6OvK5Ugv88l',
        'mcNaYbZF3GHRgytY8GXNyWXmpcJXLhvW38vxyyz2qvZq3nmXFGQcXUOMChuPBLdG', 21),
       ('141nvNDpTstBjBjI58UVvn7gUfAlnsHRdO2JWFWIch4E61BD0tqmbCmXHAxCKFPs',
        'mcNaYbZF3GHRgytY8GXNyWXmpcJXLhvW38vxyyz2qvZq3nmXFGQcXUOMChuPBLdG', 22),
       ('2UpgZiZ3GBLO82NKN7DIUmj4k7blR4RfNUOwbvyUPwwjv0zu2m1bFB5ljzCX4pmg',
        'mcNaYbZF3GHRgytY8GXNyWXmpcJXLhvW38vxyyz2qvZq3nmXFGQcXUOMChuPBLdG', 23),
       ('r7MT1H86USqi4BW8I2ohXJfRjg60JYoPZJIDwYreekXd8DC2H3UsWclLQcGMkbif',
        'mcNaYbZF3GHRgytY8GXNyWXmpcJXLhvW38vxyyz2qvZq3nmXFGQcXUOMChuPBLdG', 24),
       ('fsbC6l2sO7l20CRsuAd4vZZfoIUT7TqHznePKpse3D0KUx0LDfclViXLcpCbXKw8',
        'mcNaYbZF3GHRgytY8GXNyWXmpcJXLhvW38vxyyz2qvZq3nmXFGQcXUOMChuPBLdG', 25),
       ('8DtITDnsEltOthO271SzDiBhdHQAbRNyOXcC2D2qm3HbxoMTAdSOIlsZKlgegjsb',
        'mcNaYbZF3GHRgytY8GXNyWXmpcJXLhvW38vxyyz2qvZq3nmXFGQcXUOMChuPBLdG', 26),
       ('pqdyhiDhPVqflQIlKGdIdPVTtkSTEaY1nIYHVqMpB20xkGwNZIbnd0jdQR2N8AKN',
        'mcNaYbZF3GHRgytY8GXNyWXmpcJXLhvW38vxyyz2qvZq3nmXFGQcXUOMChuPBLdG', 27),
       ('EkoHm5drcfMCraKcVGNLIeVR5ZoCWGreMJxC6guaASdi6nOUDA0Xuqa0stuWLJFC',
        'mcNaYbZF3GHRgytY8GXNyWXmpcJXLhvW38vxyyz2qvZq3nmXFGQcXUOMChuPBLdG', 28),
       ('Exui3JzFfwWuGvjwTcpmQPfZ5mPo1P3th6v87HJYb2DwSpcKqj6VVXaRSJ3IunHh',
        'mcNaYbZF3GHRgytY8GXNyWXmpcJXLhvW38vxyyz2qvZq3nmXFGQcXUOMChuPBLdG', 29),
       ('8N8bcsOsa6hbekSlm2yWteikmYZznleHdeMhURrbByBcTxygTpp4Uy2ykkILJdHc',
        'mcNaYbZF3GHRgytY8GXNyWXmpcJXLhvW38vxyyz2qvZq3nmXFGQcXUOMChuPBLdG', 30),
       ('W0aduzGxdpW6CzT4aHlpaNNfjWmHpNj3xse3qKHwKbB3jJ6AB46CTGVpkp5pPgIt',
        'mcNaYbZF3GHRgytY8GXNyWXmpcJXLhvW38vxyyz2qvZq3nmXFGQcXUOMChuPBLdG', 31),
       ('oNGX8fVv5qo6P87T7f1fImXMfti8yHVXdilaQvnAmDSMuKlKHOQFdxTFGtt3c5C0',
        'mcNaYbZF3GHRgytY8GXNyWXmpcJXLhvW38vxyyz2qvZq3nmXFGQcXUOMChuPBLdG', 32),
       ('FXteA9ddRgjdAbErUQaS6msqFohLgkxUkyKU8seJ5OEKt3cRLmRee49kweVVA1iC',
        'mcNaYbZF3GHRgytY8GXNyWXmpcJXLhvW38vxyyz2qvZq3nmXFGQcXUOMChuPBLdG', 33),
       ('f7ZNota65YbcrB7vjWIxTh7APuMAPmJ9xfayBd8YySmYH9q7Bxy95Q5RtJ1iMe5G',
        'mcNaYbZF3GHRgytY8GXNyWXmpcJXLhvW38vxyyz2qvZq3nmXFGQcXUOMChuPBLdG', 34),
       ('eshuXoMtpjLrYvksoZLNX5G4Lzdyq4GJB9IKRfgQgjjg3RlDKvBWtMb7tjZY0YUG',
        'mcNaYbZF3GHRgytY8GXNyWXmpcJXLhvW38vxyyz2qvZq3nmXFGQcXUOMChuPBLdG', 35),
       ('AMMkGT9v3ZsFLQyeYGE0j4egWx2LCsvv1VrVztdkTIXZIycj7YdJoPpiLsMs5Jpg',
        'mcNaYbZF3GHRgytY8GXNyWXmpcJXLhvW38vxyyz2qvZq3nmXFGQcXUOMChuPBLdG', 36),
       ('vOZU0lzWs0gdsppX3XmMNxS7EYS2xx4azZ2NwMdCICPl9eSJoaqp0v2rxrugZFlB',
        'mcNaYbZF3GHRgytY8GXNyWXmpcJXLhvW38vxyyz2qvZq3nmXFGQcXUOMChuPBLdG', 37),
       ('RP0S5gFYTUnvoy0Huec2kpjQJevfmmsfMj5jv6m7udXyavejaxM1VxA82C8WdKpk',
        'mcNaYbZF3GHRgytY8GXNyWXmpcJXLhvW38vxyyz2qvZq3nmXFGQcXUOMChuPBLdG', 38),
       ('BWaab4mGZycJmbEo2Sjw8fbq4YpFQvpsbcQh9X6XYJsdmgGlAiDTuAC6gM5fiwPl',
        'mcNaYbZF3GHRgytY8GXNyWXmpcJXLhvW38vxyyz2qvZq3nmXFGQcXUOMChuPBLdG', 39),
       ('BQBTcdjHVQUDcThlFQI5vlgs3rCPEGPXJgKFr90xQHH0t53diK0gNmZDIdB116uC',
        'mcNaYbZF3GHRgytY8GXNyWXmpcJXLhvW38vxyyz2qvZq3nmXFGQcXUOMChuPBLdG', 40),
       ('wH2lQzpGitWoVD5SBllqzmfUyGK3CH4xnv6HEYvlbntYA5JAXCVHN1qiFFsH4QcR',
        'mcNaYbZF3GHRgytY8GXNyWXmpcJXLhvW38vxyyz2qvZq3nmXFGQcXUOMChuPBLdG', 41),
       ('cwKMB6bsITytbdcXIq3hFved8fMw4SaxtseGEF6y2ksqV2pTaallUFDIRoycRa98',
        'mcNaYbZF3GHRgytY8GXNyWXmpcJXLhvW38vxyyz2qvZq3nmXFGQcXUOMChuPBLdG', 42),
       ('I2vv2UrDHPAg3tKzReiSyiDapaBDVrrZHugdoZcUFpvTiAdaMld9o25I2dFjx5Uk',
        'mcNaYbZF3GHRgytY8GXNyWXmpcJXLhvW38vxyyz2qvZq3nmXFGQcXUOMChuPBLdG', 43),
       ('1q1gVgCyWl7FmGmKQkqdqQVGYySiA7eTAVHgbxxGqDkH4sk0oIVsZbpV54uxjWk0',
        'mcNaYbZF3GHRgytY8GXNyWXmpcJXLhvW38vxyyz2qvZq3nmXFGQcXUOMChuPBLdG', 44),
       ('TrzJUBgFEescm98xFnlOsdxPLidHmK53nRcps6hgGbrgccUdzjD3sPdqOctTHAEI',
        'mcNaYbZF3GHRgytY8GXNyWXmpcJXLhvW38vxyyz2qvZq3nmXFGQcXUOMChuPBLdG', 45),
       ('3kN7YK8xGBbWv6SnpVrJRqOYdK1CNb791zruH6B8dC4dLe3HMLoyx4kk3EpqjV7F',
        'mcNaYbZF3GHRgytY8GXNyWXmpcJXLhvW38vxyyz2qvZq3nmXFGQcXUOMChuPBLdG', 46);

INSERT INTO db.items
    (tag, type, price)
VALUES ('mficlXEqrgO5ktzHymyny591G1EKJvtx4JPcQXX8Wk1zjGiyWy80t1GVlZob2FWV', 'course', 8.00),
       ('i1mICFUFBZvhzzYtqMdaaUyCt66hvVzywvFaEE0VMtG9lOgws9Cuspt9yYy3hIu1', 'video', 0.00),
       ('HcY2FcpEeX2yflglWSmezJQvMReCz1xVQXGaoYwIDbnOUDE5kOxu1AZADkgOuq84', 'video', 1.97),
       ('NhEK9rwR3d7HwTRiuT3XuBMQAvF4mVnHQ3Kda8iHorhnmAacgBMh93KiKzVJpByy', 'video', 1.12),
       ('jiv6OQeyshhTfbFnulS1KFaDJKsaar8S8ioVnWt0rrdHZ3mqu7WhasIBpOhww5NU', 'video', 2.39),
       ('SlNbGU7cFk1qpSbsUieBKOuZtIjupmFnTV41n6QpnrJdvbezHjz9gCEi8VDvSW9u', 'video', 2.95),
       ('f6jOfbSpkkLBdcwNvuA3uucj20WELbWTKLK5RVHu6BJsGekxA9yvRgjGPo4vCqZh', 'video', 2.32);

INSERT INTO db.courses
    (tag, name, description, subject, creator, views)
VALUES ('mficlXEqrgO5ktzHymyny591G1EKJvtx4JPcQXX8Wk1zjGiyWy80t1GVlZob2FWV', 'Crash Course Climate',
        'Want to learn more about the changing climate on planet Earth, and what we can do about it? Buy this course!',
        'geography', 3, 323883);


INSERT INTO db.videos
    (tag, name, free, description, subject, uploader, views)
VALUES ('i1mICFUFBZvhzzYtqMdaaUyCt66hvVzywvFaEE0VMtG9lOgws9Cuspt9yYy3hIu1', 'Crash Course Climate & Energy Preview', 1,
        'Welcome to Crash Course Climate and Energy! Over the next 12 episodes, we?re going to take a look at the ways climate change is affecting our planet, untangle the evolving energy landscape, and learn to think critically about how we, as individuals and as a society, can affect the outcomes. Navigating the politics of climate science is challenging, and such a daunting global issue can feel overwhelming. But there is hope! We?re going to help you understand some of the solutions we can employ to help decarbonize our energy sources and address global climate issues. Episode 1 premieres on 12/7/2022<br /><br />Sources: <br />https://docs.google.com/document/d/1rRJ-L9TLNfPwPfzn3LdjDEw-wHtThwTfDUe2rDtFXQQ/edit?usp=sharing<br /><br />Watch our videos and review your learning with the Crash Course App! <br />Download here for Apple Devices: https://apple.co/3d4eyZo<br />Download here for Android Devices: https://bit.ly/2SrDulJ<br /><br />Crash Course is on Patreon! You can support us directly by signing up at http://www.patreon.com/crashcourse<br /><br />Thanks to the following patrons for their generous monthly contributions that help keep Crash Course free for everyone forever:<br />Katie, Hilary Sturges, Austin Zielman, Tori Thomas, Justin Snyder, DL Singfield, Amelia Ryczek, Ken Davidian, Stephen Akuffo, Toni Miles, Steve Segreto, Kyle &amp; Katherine Callahan, Laurel Stevens, Stacey Gillespie (Stacey J), Burt Humburg, Allyson Martin, Aziz Y, DAVID MORTON HUDSON, Perry Joyce, Scott Harrison, Mark &amp; Susan Billian, Alan Bridgeman, Rachel Creager, Breanna Bosso, Matt Curls, Jonathan Zbikowski, Jennifer Killen, Sarah &amp; Nathan Catchings, team dorsey, Trevin Beattie, Eric Koslow, Jennifer Dineen, Indika Siriwardena, Jason Rostoker, Shawn Arnold, Siobh?n, Ken Penttinen, Nathan Taylor, Les Aker, William McGraw, ClareG, Rizwan Kassim, Constance Urist, Alex Hackman, Jirat, Pineapples of Solidarity ,Katie Dean, Thomas Greinert, Wai Jack Sin, Ian Dundore, Justin, Mark, Caleb Weeks<br /><br />__<br /><br />Want to find Crash Course elsewhere on the internet?<br />Facebook - http://www.facebook.com/YouTubeCrashCourse<br />Twitter - http://www.twitter.com/TheCrashCourse<br />Instagram - https://www.instagram.com/thecrashcourse/<br /><br />CC Kids: http://www.youtube.com/crashcoursekids',
        'geography', 3, 44836),
       ('HcY2FcpEeX2yflglWSmezJQvMReCz1xVQXGaoYwIDbnOUDE5kOxu1AZADkgOuq84', 'What is Climate Change?', 0,
        'We know that temperatures on Earth have fluctuated dramatically in the past, but we also know that by burning fossil fuels we are causing temperatures to rise faster than ever. In this episode of Crash Course Climate and Energy, we?ll introduce some core concepts that will help us throughout the series, like the difference between climate and weather, and take a look back through the Earth?s history at other periods of significant climate change.  <br /><br />Chapters:<br />Introduction: Climate Change 00:00<br />The Greenhouse Effect 2:16<br />Earth&#x27;s Climate Record 4:54<br />Fossil Fuels &amp; The Industrial Revolution 7:58<br />Climate vs. Weather 9:40<br />Climate Change&#x27;s Effects 10:34<br />Review &amp; Credits 11:36<br /><br />Transcript: https://docs.google.com/document/d/1g6uL8W5LOmNBA0lk15ekPDUQVFut1wpEDGMqrwgR400/edit?usp=sharing <br /><br />Sources: <br />https://docs.google.com/document/d/1rRJ-L9TLNfPwPfzn3LdjDEw-wHtThwTfDUe2rDtFXQQ/edit?usp=sharing<br /><br />Watch our videos and review your learning with the Crash Course App! <br />Download here for Apple Devices: https://apple.co/3d4eyZo<br />Download here for Android Devices: https://bit.ly/2SrDulJ<br /><br />Crash Course is on Patreon! You can support us directly by signing up at http://www.patreon.com/crashcourse<br /><br />Thanks to the following patrons for their generous monthly contributions that help keep Crash Course free for everyone forever:<br />Katie, Hilary Sturges, Austin Zielman, Tori Thomas, Justin Snyder, DL Singfield, Amelia Ryczek, Ken Davidian, Stephen Akuffo ,Toni Miles, Steve Segreto, Kyle &amp; Katherine Callahan, Laurel Stevens, Stacey Gillespie (Stacey J), Burt Humburg, Allyson Martin, Aziz Y, DAVID MORTON HUDSON, Perry Joyce, Scott Harrison, Mark &amp; Susan Billian, Alan Bridgeman, Rachel Creager, Breanna Bosso, Matt Curls, Jonathan Zbikowski, Jennifer Killen, Sarah &amp; Nathan Catchings, team dorsey, Trevin Beattie, Eric Koslow, Jennifer Dineen, Indika Siriwardena, Jason Rostoker, Shawn Arnold, Siobh?n, Ken Penttinen, Nathan Taylor, Les Aker, William McGraw, ClareG, Rizwan Kassim, Constance Urist, Alex Hackman, Jirat, kelsey warren, Katie Dean, Thomas Greinert, Wai Jack Sin, Ian Dundore, Justin, Mark, Caleb Weeks<br />__<br /><br />Want to find Crash Course elsewhere on the internet?<br />Facebook - http://www.facebook.com/YouTubeCrashCourse<br />Twitter - http://www.twitter.com/TheCrashCourse<br />Instagram - https://www.instagram.com/thecrashcourse/<br /><br />CC Kids: http://www.youtube.com/crashcoursekids',
        'geography', 3, 94447),
       ('NhEK9rwR3d7HwTRiuT3XuBMQAvF4mVnHQ3Kda8iHorhnmAacgBMh93KiKzVJpByy', 'Why Do We Release So Much Gas?', 0,
        'The carbon dioxide we?re pumping into the air every day is causing unprecedented global warming and climate change. In this episode of Crash Course Climate and Energy, we?ll give you a better understanding of the types of energy that cause carbon emissions, and discuss the disparities between the countries with the most emissions and those already facing the worst effects of climate change. <br /><br />Chapters:<br />Introduction: Why We Release Carbon Dioxide 00:00<br />Fossil Fuels &amp; The Industrial Revolution 1:06<br />Greenhouse Gas Emissions By Sector 4:49<br />The Challenge of Decarbonization 9:32<br />Review &amp; Credits 13:14<br /><br />Transcript: https://docs.google.com/document/d/1aEO6jz0NbdQzt2H3lO-lGUUjnt2fjB4DgE87KKvuY54/edit?usp=sharing<br /><br />Sources: https://docs.google.com/document/d/1rRJ-L9TLNfPwPfzn3LdjDEw-wHtThwTfDUe2rDtFXQQ/edit?usp=sharing<br /><br />Watch our videos and review your learning with the Crash Course App! <br />Download here for Apple Devices: https://apple.co/3d4eyZo<br />Download here for Android Devices: https://bit.ly/2SrDulJ<br /><br />Crash Course is on Patreon! You can support us directly by signing up at http://www.patreon.com/crashcourse<br /><br />Thanks to the following patrons for their generous monthly contributions that help keep Crash Course free for everyone forever:<br />Katie, Hilary Sturges, Austin Zielman, Tori Thomas, Justin Snyder, DL Singfield, Amelia Ryczek, Ken Davidian, Stephen Akuffo ,Toni Miles, Steve Segreto, Kyle &amp; Katherine Callahan, Laurel Stevens, Stacey Gillespie (Stacey J), Burt Humburg, Allyson Martin, Aziz Y, DAVID MORTON HUDSON, Perry Joyce, Scott Harrison, Mark &amp; Susan Billian, Alan Bridgeman, Rachel Creager, Breanna Bosso, Matt Curls, Jonathan Zbikowski, Jennifer Killen, Sarah &amp; Nathan Catchings, team dorsey, Trevin Beattie, Eric Koslow, Jennifer Dineen, Indika Siriwardena, Jason Rostoker, Shawn Arnold, Siobh?n, Ken Penttinen, Nathan Taylor, Les Aker, William McGraw, ClareG, Rizwan Kassim, Constance Urist, Alex Hackman, Jirat, kelsey warren, Katie Dean, Thomas Greinert, Wai Jack Sin, Ian Dundore, Justin, Mark, Caleb Weeks<br />__<br /><br />Want to find Crash Course elsewhere on the internet?<br />Facebook - http://www.facebook.com/YouTubeCrashCourse<br />Twitter - http://www.twitter.com/TheCrashCourse<br />Instagram - https://www.instagram.com/thecrashcourse/<br /><br />CC Kids: http://www.youtube.com/crashcoursekids',
        'geography', 3, 49196),
       ('jiv6OQeyshhTfbFnulS1KFaDJKsaar8S8ioVnWt0rrdHZ3mqu7WhasIBpOhww5NU',
        'Can We Make Electricity Without Fossil Fuels?', 0,
        'Nearly a third of all our greenhouse gas emissions come from generating electricity. Scientists agree that we have to find ways to make electricity without releasing so much carbon dioxide into the air. In this episode of Crash Course Climate and Energy, we?re going to tell you about some of the ways scientists and engineers are decarbonizing the electricity supply with renewable sources such as solar, wind, nuclear, and hydroelectric and the benefits and drawbacks of each.<br /><br />Chapters:<br />Introduction: Decarbonizing Electricity 00:00<br />Electricity From Solar &amp; Wind Power 2:05<br />Challenges of Solar &amp; Wind Power 3:36<br />Hydroelectric Power 6:46<br />Nuclear Power 8:21<br />Why Carbon-Free Electricity Matters 9:52<br />Review &amp; Credits 11:35<br /><br />Transcript: <br />https://docs.google.com/document/d/13R9juz_ABn15HkRscqlUslw-aAL7McYirW0dwu1xzb8/edit?usp=sharing<br /><br />Sources: <br />https://docs.google.com/document/d/1rRJ-L9TLNfPwPfzn3LdjDEw-wHtThwTfDUe2rDtFXQQ/edit?usp=sharing<br /><br />Watch our videos and review your learning with the Crash Course App! <br />Download here for Apple Devices: https://apple.co/3d4eyZo<br />Download here for Android Devices: https://bit.ly/2SrDulJ<br /><br />Crash Course is on Patreon! You can support us directly by signing up at http://www.patreon.com/crashcourse<br /><br />Thanks to the following patrons for their generous monthly contributions that help keep Crash Course free for everyone forever:<br />Katie, Hilary Sturges, Austin Zielman, Tori Thomas, Justin Snyder, DL Singfield, Amelia Ryczek, Ken Davidian, Stephen Akuffo , Toni Miles, Steve Segreto, Kyle &amp; Katherine Callahan, Laurel Stevens, Stacey Gillespie (Stacey J), Burt Humburg, Allyson Martin, Aziz Y, DAVID MORTON HUDSON, Perry Joyce, Scott Harrison, Mark &amp; Susan Billian, Alan Bridgeman, Rachel Creager, Breanna Bosso, Matt Curls, Jonathan Zbikowski, Jennifer Killen, Sarah &amp; Nathan Catchings, team dorsey, Trevin Beattie, Eric Koslow, Jennifer Dineen, Indika Siriwardena, Jason Rostoker, Shawn Arnold, Siobh?n, Ken Penttinen, Nathan Taylor, Les Aker, William McGraw, ClareG, Rizwan Kassim, Constance Urist, Alex Hackman, Jirat, kelsey warren, Katie Dean, Thomas Greinert, Wai Jack Sin, Ian Dundore, Justin, Mark, Caleb Weeks<br />__<br /><br />Want to find Crash Course elsewhere on the internet?<br />Facebook - http://www.facebook.com/YouTubeCrashCourse<br />Twitter - http://www.twitter.com/TheCrashCourse<br />Instagram - https://www.instagram.com/thecrashcourse/<br /><br />CC Kids: http://www.youtube.com/crashcoursekids',
        'geography', 3, 74334),
       ('SlNbGU7cFk1qpSbsUieBKOuZtIjupmFnTV41n6QpnrJdvbezHjz9gCEi8VDvSW9u', 'How Can We Store Renewable Energy?', 0,
        'Decarbonizing our power production is vitally important if we want to curtail climate change, but there are some major logistical issues we?re going to have to overcome before we can do that. In this episode of Crash Course Climate and Energy, we?ll take a look at the challenges we face when creating, distributing, and storing electricity from renewable sources.<br /><br />Chapters:<br />Introduction: Storing Carbon-Free Electricity 00:00<br />Electricity As An Energy Carrier 1:10<br />The Electric Grid 2:10<br />Electricity Supply &amp; The Duck Curve 3:30<br />Electrochemical Storage of Electricity 6:20<br />Chemical Storage of Electricity 7:28<br />Mechanical Storage of Electricity 8:20<br />Thermal Storage of Electricity 8:57<br />Transmitting Carbon-Free Electricity 9:52<br />Review &amp; Credits 11:28<br /><br />Transcript: https://docs.google.com/document/d/1ak1uYh9R1IsE6U9g79sJtBDOyk9mMjyDtBlyo-sWTfU/edit?usp=sharing<br /><br />Sources: <br />https://docs.google.com/document/d/1rRJ-L9TLNfPwPfzn3LdjDEw-wHtThwTfDUe2rDtFXQQ/edit?usp=sharing<br /><br />Watch our videos and review your learning with the Crash Course App! <br />Download here for Apple Devices: https://apple.co/3d4eyZo<br />Download here for Android Devices: https://bit.ly/2SrDulJ<br /><br />Crash Course is on Patreon! You can support us directly by signing up at http://www.patreon.com/crashcourse<br /><br />Thanks to the following patrons for their generous monthly contributions that help keep Crash Course free for everyone forever:<br />Katie, Austin Zielman, Tori Thomas, Justin Snyder, DL Singfield, Amelia Ryczek, Ken Davidian, Stephen Akuffo, Toni Miles, Steve Segreto, Kyle &amp; Katherine Callahan, Laurel Stevens, Stacey Gillespie (Stacey J), Burt Humburg, Allyson Martin, Aziz Y, DAVID MORTON HUDSON, Perry Joyce, Scott Harrison, Mark &amp; Susan Billian, Alan Bridgeman, Rachel Creager, Breanna Bosso, Matt Curls, Jennifer Killen, Jon Allen, Sarah &amp; Nathan Catchings, team dorsey, Trevin Beattie, Eric Koslow, Jennifer Dineen, Indija-ka Siriwardena, Jason Rostoker, Siobh?n, Ken Penttinen, Nathan Taylor, Les Aker, William McGraw, ClareG, Rizwan Kassim, Constance Urist, Alex Hackman, Pineapples of Solidarity, Katie Dean, Thomas Greinert, Wai Jack Sin, Ian Dundore, Justin, Mark, Caleb Weeks<br />__<br /><br />Want to find Crash Course elsewhere on the internet?<br />Facebook - http://www.facebook.com/YouTubeCrashCourse<br />Twitter - http://www.twitter.com/TheCrashCourse<br />Instagram - https://www.instagram.com/thecrashcourse/<br /><br />CC Kids: http://www.youtube.com/crashcoursekids',
        'geography', 3, 56159),
       ('f6jOfbSpkkLBdcwNvuA3uucj20WELbWTKLK5RVHu6BJsGekxA9yvRgjGPo4vCqZh',
        'Can We Keep Warm and Stay Cool Without Fossil Fuels?', 0,
        'Humans have come up with some clever ways of keeping cool when it&#x27;s warm, and staying warm when it?s cool. But unfortunately, our heating and air conditioning systems are worsening the climate crisis. In this episode of Crash Course Climate and Energy, we?ll take a look at some of the ways we might be able to decarbonize those systems to reduce the amount of greenhouse gases they produce.<br /><br />Chapters:<br />Introduction: Heating Without Fossil Fuels 00:00<br />Fracking &amp; Natural Gas 1:18<br />The Problem of Heating with Coal 4:17<br />Cooling Without Fossil Fuels 7:03<br />Heat Pumps for Heating &amp; Cooling 8:42<br />Alternative Fuels for Low-Carbon Heating 10:52<br />Review &amp; Credits 12:28<br /><br />Transcript: https://docs.google.com/document/d/1N6yRknlStm9SOSz4_QEkL_TdeC-pcKsqOBuxVPDPFd0/edit?usp=sharing<br /><br />Sources: https://docs.google.com/document/d/1rRJ-L9TLNfPwPfzn3LdjDEw-wHtThwTfDUe2rDtFXQQ/edit?usp=sharing<br /><br />Watch our videos and review your learning with the Crash Course App! <br />Download here for Apple Devices: https://apple.co/3d4eyZo<br />Download here for Android Devices: https://bit.ly/2SrDulJ<br /><br />Crash Course is on Patreon! You can support us directly by signing up at http://www.patreon.com/crashcourse<br /><br />Thanks to the following patrons for their generous monthly contributions that help keep Crash Course free for everyone forever:<br />Katie, Austin Zielman, Tori Thomas, Justin Snyder, DL Singfield, Amelia Ryczek, Ken Davidian, Stephen Akuffo, Toni Miles, Steve Segreto, Kyle &amp; Katherine Callahan, Laurel Stevens, Stacey Gillespie (Stacey J), Burt Humburg, Allyson Martin, Aziz Y, DAVID MORTON HUDSON, Perry Joyce, Scott Harrison, Mark &amp; Susan Billian, Alan Bridgeman, Rachel Creager, Breanna Bosso, Matt Curls, Jennifer Killen, Jon Allen, Sarah &amp; Nathan Catchings, team dorsey, Trevin Beattie, Eric Koslow, Jennifer Dineen, Indija-ka Siriwardena, Jason Rostoker, Siobh?n, Ken Penttinen, Nathan Taylor, Les Aker, William McGraw, ClareG, Rizwan Kassim, Constance Urist, Alex Hackman, Pineapples of Solidarity, Katie Dean, Thomas Greinert, Wai Jack Sin, Ian Dundore, Justin, Mark, Caleb Weeks<br />__<br /><br />Want to find Crash Course elsewhere on the internet?<br />Facebook - http://www.facebook.com/YouTubeCrashCourse<br />Twitter - http://www.twitter.com/TheCrashCourse<br />Instagram - https://www.instagram.com/thecrashcourse/<br /><br />CC Kids: http://www.youtube.com/crashcoursekids',
        'geography', 3, 4911);

INSERT INTO db.course_videos
    (video_tag, course_tag, `order`)
VALUES ('i1mICFUFBZvhzzYtqMdaaUyCt66hvVzywvFaEE0VMtG9lOgws9Cuspt9yYy3hIu1',
        'mficlXEqrgO5ktzHymyny591G1EKJvtx4JPcQXX8Wk1zjGiyWy80t1GVlZob2FWV', 0),
       ('HcY2FcpEeX2yflglWSmezJQvMReCz1xVQXGaoYwIDbnOUDE5kOxu1AZADkgOuq84',
        'mficlXEqrgO5ktzHymyny591G1EKJvtx4JPcQXX8Wk1zjGiyWy80t1GVlZob2FWV', 1),
       ('NhEK9rwR3d7HwTRiuT3XuBMQAvF4mVnHQ3Kda8iHorhnmAacgBMh93KiKzVJpByy',
        'mficlXEqrgO5ktzHymyny591G1EKJvtx4JPcQXX8Wk1zjGiyWy80t1GVlZob2FWV', 2),
       ('jiv6OQeyshhTfbFnulS1KFaDJKsaar8S8ioVnWt0rrdHZ3mqu7WhasIBpOhww5NU',
        'mficlXEqrgO5ktzHymyny591G1EKJvtx4JPcQXX8Wk1zjGiyWy80t1GVlZob2FWV', 3),
       ('SlNbGU7cFk1qpSbsUieBKOuZtIjupmFnTV41n6QpnrJdvbezHjz9gCEi8VDvSW9u',
        'mficlXEqrgO5ktzHymyny591G1EKJvtx4JPcQXX8Wk1zjGiyWy80t1GVlZob2FWV', 4),
       ('f6jOfbSpkkLBdcwNvuA3uucj20WELbWTKLK5RVHu6BJsGekxA9yvRgjGPo4vCqZh',
        'mficlXEqrgO5ktzHymyny591G1EKJvtx4JPcQXX8Wk1zjGiyWy80t1GVlZob2FWV', 5);

INSERT INTO db.items
    (tag, type, price)
VALUES ('OMguX20nFIAGbVdmbgQPPvsKWmeZdhJUQQgERTn8ZchwTBuhtIiURcEmV96W87OL', 'course', 40.00),
       ('xhCCS0B2y4EVMTnPXeVZmrS7WqCOmQRcq6S3xlTWcbd5sBYQSEX1xi1kHArEI07g', 'video', 0.00),
       ('oUouKfX1mtpdk2tO32RHo4qvwe8CWnjb7FvGuQv7xWMuIvrwV8zCeiJ7ENpCeVDa', 'video', 2.18),
       ('PuCtyxrjQhgquOaP1id9lF184RtU2gROxTXJnFBKTDJCa1BMCo96JTVu7MIEabxs', 'video', 0.61),
       ('YCFROJ8MbiOc5WzFxZrE4DiCtHfeipPoY9JOYfoqmDqNlzWBdjdO7ox3W4AqU7Hv', 'video', 0.73),
       ('i5qwov730nuRSWyP1bR7WQKCWCTcVKKL1cAkKtzDFiICDL1welNwbPrW1N2htxgX', 'video', 0.57),
       ('UGIRl0jNJz97PBYhkC6PlJNTARdzGEEYGN8xbxI1l10TOTyR6xKrG85j1jlBpJSb', 'video', 2.94),
       ('vuUS979n1352TEaBfpQCUBEQH5EJeh8Wm61cd2Fxul0ziZsvDbmap8DUWLe47coJ', 'video', 1.42),
       ('ZmfkIvCxLuFICogyzpZmqJQ45Rk3b6BIvujSJ8G1GIwJO2Z7cMctAYEdA0Lk6S98', 'video', 0.91),
       ('8y2gcUk6EzWebxKFcoe8sdXW2vShBMrJ7iHoVPv7E5Q2YE6MzIwFaZuxnIlKGB8J', 'video', 2.57),
       ('dAhDySDKAXk8eD21VwxapTgUlGfIjcq66CYH6cE0qcUhT7JYL9xctNDkCjvdAPNx', 'video', 1.91),
       ('Cqon32pgoULczwPh9Q3rr8kFvNPvanJ2Q37UeQ83PELvfHTDOmLXhBIdSo9LKkHA', 'video', 1.85),
       ('NxBQZuMBPD6ghtruvxchkHAxdQIC5i04xlsNardmVIWJnRiEPefPkDuivZiLAS7f', 'video', 2.76),
       ('lcbQ70JdAjQzfen3iNI0K5q6GUI9UPrwAvpdNDvn5sTbmZJfO2xXlOCD8Zkit12n', 'video', 1.92),
       ('aQ4d6z0cPHpSte60uh9evJieYlGqDCkn1el81jjp9rFSrocDj3gPq8ZnGIRLDKKJ', 'video', 1.91),
       ('fbtvj2QI1qB23qWwTEaFz4Rx6sBJtrWnJm0YrqYjubGQncxp3ALYDghW0eqS9b28', 'video', 2.93),
       ('mklCWgL6WT2j5UlMM3U4lAfECoG32ctCo4KxrRN3uLFIgtqXwFuvDgMqWjsgr8n5', 'video', 1.35),
       ('SVLhvaoMz7VaIpxIBv8j5L7pVca2f7DTYIf4Jp6TrCJkGdcqlHwNoJEPbulgJgQg', 'video', 2.70),
       ('ZCOztGx9Lgy7oEKHlPtqYBHwXtUwDz4tme0jGYxTIYdEYhyG7WTzDTrKVBgvY8nV', 'video', 1.69),
       ('1JzLVPq5iMNdUluyJuXQoKmGDChI8CZbwgJZARZoYhOfLmE5e6dUt22VKb9f4Ka8', 'video', 1.87),
       ('ECqe8kovWf4qluVApIfPiL3NAT186zuICfGVn7f6oxU7HXsierPRrexB2279xepf', 'video', 1.79),
       ('QD2YGWAE3XsIgnQf08KhdynMAmajlHRtuVBfmVXMCd8m2EIYSV3c1dCejqJbvh9R', 'video', 0.65),
       ('73DJrnG5GZzuEq0QQHW62mJLqLG6hBr2pkbsxI4nG3NPBXWWhchUPBuG9HjeA3LE', 'video', 0.96),
       ('ynTRbLHkGB8JDuMoPbeNFdhqCxqaOJe3PPxyfSkjPssD9CtprgXHKgnneWGLaAwt', 'video', 1.88),
       ('Qosa4f6VUntSxDkwsIPiIGLKROqNNp4FqTLfZ8NszFNbYPnuWALq0bp5VlNwZbIp', 'video', 2.73),
       ('gj1ymeciE7gBpA2VRTd1SlD3Dc1YiwxrJcA31sA32cHXBVSjiMLGCYnUzwnvGSEi', 'video', 0.89),
       ('nGcN9fqULxPVEUQTUwY2eEgfmtLi2TIh3bE0xgHjC7CLd3qJaJ1ZdbXvyfQ1IvLq', 'video', 0.76),
       ('tXaSgz34sgybnXL4oTn415ENL11v7Yja80pgPSACe8ihINNG1IUrMdVMkvOZwf67', 'video', 2.69),
       ('QYVzzhsHr1IwvQhaWLvmge6gBLNHsMoDfG2pSiNuNowkNIh2F5NjnILRaFTo7rsF', 'video', 1.77),
       ('zpDnGh2QiI8zq4Ws6okTp5jsAgo8L475wPACYRAqjiptPKaGy4GOVzi4iTWBnhFJ', 'video', 2.51),
       ('4Y90kkpcDWx6BuXrBhQUDs3etZowE94Grd4JzIkkZGHFDccmXFPEy3yv6OH5QL3h', 'video', 2.32),
       ('MUUttWx4W4jXCcskrSpViVTBvmTuUyVZ2aJ2NaeW73sMNRmDGo80sLf5RZBxu9Tq', 'video', 2.58),
       ('K1UlqqQyVOR4QE6Ef8SFBMwDMuU7USUEpQG6t6Fv2FIXREBCWo1lSkpbAN1raN8V', 'video', 2.91),
       ('vD5W43mDL7nCQ5WmHYAZl4rFt5ONPfZ4NbdtvwN6l6MLEgR3mE9FEH1eAXRFrpov', 'video', 2.65),
       ('8TL91bdQnRKzDrtWTjiIHbkHp043csso3Yv0TKUhN82Y7GFbBYwOm3O72AbXzUFO', 'video', 2.19),
       ('SMI6FMsz0ctQQdYx14TZTyCS7xdRE0cMMgTPwkum89A2ay5IEBohIOeJYffB8DB5', 'video', 1.79),
       ('II6Wn9sjfn6a4uMhr9wudmewLlhNocdclRWoE5lxUpvu1AdPtgbYwYfIBYhyJYiV', 'video', 2.74),
       ('yJRvhy4jellwVGoTjNUUWDSXuFYbaXk6zdhr2RIANNNJRiDEmOp54CTlZAeECENg', 'video', 1.71),
       ('jud7bXJBVKhuz4xEHJFSTTd6hm1uAqLm5zUX258X5g7nuVnqwdxumaOipaGuPRq9', 'video', 1.90),
       ('zxHDbvQ6S7sw0eX2DbjOayaIBOFFhFebxnRbAZ2MhPy7riAdTLTP4CUNXDTeRY63', 'video', 1.49),
       ('Ew7JsRmjI9WmU8G6FygiY9y4NFxpFNFCdSvbDhPUnQrSQtLtdX4gSPyHFMbCEdkS', 'video', 2.15),
       ('0k88B4FfQeeJr7Nk8aGb3HCOMPW9Ji5glTW5dXLQ84j2OFJtL8kLJVgafDOnHFFs', 'video', 1.64);

INSERT INTO db.courses
    (tag, name, description, subject, creator, views)
VALUES ('OMguX20nFIAGbVdmbgQPPvsKWmeZdhJUQQgERTn8ZchwTBuhtIiURcEmV96W87OL', 'Crash Course Computer Science',
        'Want to learn more about the complex world of computers and the history of how they functioned? Buy this course!',
        'technology', 3, 37889206);


INSERT INTO db.videos
    (tag, name, free, description, subject, uploader, views)
VALUES ('xhCCS0B2y4EVMTnPXeVZmrS7WqCOmQRcq6S3xlTWcbd5sBYQSEX1xi1kHArEI07g', 'Crash Course Computer Science Preview', 1,
        'Starting February 22nd, Carrie Anne Philbin will be hosting Crash Course Computer Science! In this series, we&#x27;re going to trace the origins of our modern computers, take a closer look at the ideas that gave us our current hardware and software, discuss how and why our smart devices just keep getting smarter, and even look towards the future! Computers fill a crucial role in the function of our society, and it&#x27;s our hope that over the course of this series you will gain a better understanding of how far computers have taken us and how far they may carry us into the future.  <br /><br />Produced in collaboration with PBS Digital Studios: http://youtube.com/pbsdigitalstudios<br /><br />Want to know more about Carrie Anne?<br />https://about.me/carrieannephilbin<br /><br />Want more Crash Course in person? We&#x27;ll be at NerdCon: Nerdfighteria in Boston on February 25th and 26th! For more information, go to http://www.nerdconnerdfighteria.com/<br /><br />The Latest from PBS Digital Studios: https://www.youtube.com/playlist?list=PL1mtdjDVOoOqJzeaJAV15Tq0tZ1vKj7ZV<br /><br />Want to find Crash Course elsewhere on the internet?<br />Facebook - http://www.facebook.com/YouTubeCrashCourse<br />Twitter - http://www.twitter.com/TheCrashCourse<br />Tumblr - http://thecrashcourse.tumblr.com <br />Support Crash Course on Patreon: http://patreon.com/crashcourse<br /><br />CC Kids: http://www.youtube.com/crashcoursekids',
        'technology', 3, 3120361),
       ('oUouKfX1mtpdk2tO32RHo4qvwe8CWnjb7FvGuQv7xWMuIvrwV8zCeiJ7ENpCeVDa', 'Early Computing', 0,
        'Hello, world! Welcome to Crash Course Computer Science! So today, we?re going to take a look at computing?s origins, because even though our digital computers are relatively new, the need for computation is not. Since the start of civilization itself, humans have had an increasing need for special devices to help manage laborious tasks, and as the scale of society continued to grow, these computational devices began to play a crucial role in amplifying our mental abilities. From the abacus and astrolabe to the difference engine and tabulating machine, we?ve come a long way to satisfying this increasing need, and in the process completely transformed commerce, government, and daily life. <br /><br />Produced in collaboration with PBS Digital Studios: http://youtube.com/pbsdigitalstudios<br /><br />Want to know more about Carrie Anne?<br />https://about.me/carrieannephilbin<br /><br />Want more Crash Course in person? We&#x27;ll be at NerdCon: Nerdfighteria in Boston on February 25th and 26th! For more information, go to http://www.nerdconnerdfighteria.com/<br /><br />The Latest from PBS Digital Studios: https://www.youtube.com/playlist?list...<br /><br />Want to find Crash Course elsewhere on the internet?<br />Facebook - http://www.facebook.com/YouTubeCrashC...<br />Twitter - http://www.twitter.com/TheCrashCourse<br />Tumblr - http://thecrashcourse.tumblr.com <br />Support Crash Course on Patreon: http://patreon.com/crashcourse<br /><br />CC Kids: http://www.youtube.com/crashcoursekids',
        'technology', 3, 3345836),
       ('PuCtyxrjQhgquOaP1id9lF184RtU2gROxTXJnFBKTDJCa1BMCo96JTVu7MIEabxs', 'Electronic Computing', 0,
        'So we ended last episode at the start of the 20th century with special purpose computing devices such as Herman Hollerith?s tabulating machines. But as the scale of human civilization continued to grow as did the demand for more sophisticated and powerful devices. Soon these cabinet-sized electro-mechanical computers would grow into room-sized behemoths that were prone to errors. But is was these computers that would help usher in a new era of computation - electronic computing. <br /><br />Produced in collaboration with PBS Digital Studios: http://youtube.com/pbsdigitalstudios<br /><br />The Latest from PBS Digital Studios: https://www.youtube.com/playlist?list...<br /><br />We?ve got merch!<br />https://store.dftba.com/collections/crashcourse<br /><br />Want to know more about Carrie Anne?<br />https://about.me/carrieannephilbin<br /><br />Want to find Crash Course elsewhere on the internet?<br />Facebook - http://www.facebook.com/YouTubeCrashC...<br />Twitter - http://www.twitter.com/TheCrashCourse<br />Tumblr - http://thecrashcourse.tumblr.com <br />Support Crash Course on Patreon: http://patreon.com/crashcourse<br />CC Kids: http://www.youtube.com/crashcoursekids',
        'technology', 3, 1863588),
       ('YCFROJ8MbiOc5WzFxZrE4DiCtHfeipPoY9JOYfoqmDqNlzWBdjdO7ox3W4AqU7Hv', 'Boolean Logic & Logic Gates', 0,
        'Today, Carrie Anne is going to take a look at how those transistors we talked about last episode can be used to perform complex actions. With the just two states, on and off, the flow of electricity can be used to perform a number of logical operations, which are guided by a branch of mathematics called Boolean Algebra. We?re going to focus on three fundamental operations - NOT, AND, and OR - and show how they were created in a series of really useful circuits. And its these simple electrical circuits that lay the groundwork for our much more complex machines. <br /><br />*CORRECTION* AT 1:27 the graph says &quot;Quinary System&quot; but then the graph shows 10 possible states - which is actually decimal. Technically, there should be only 5 possible values there, but the overall concept is still the same.   <br /><br /><br />Produced in collaboration with PBS Digital Studios: http://youtube.com/pbsdigitalstudios<br /><br />The Latest from PBS Digital Studios: https://www.youtube.com/playlist?list...<br /><br />We?ve got merch!<br />https://store.dftba.com/collections/crashcourse<br /><br />Want to know more about Carrie Anne?<br />https://about.me/carrieannephilbin<br /><br />Want to find Crash Course elsewhere on the internet?<br />Facebook - http://www.facebook.com/YouTubeCrashC...<br />Twitter - http://www.twitter.com/TheCrashCourse<br />Tumblr - http://thecrashcourse.tumblr.com <br />Support Crash Course on Patreon: http://patreon.com/crashcourse<br />CC Kids: http://www.youtube.com/crashcoursekids',
        'technology', 3, 2449746),
       ('i5qwov730nuRSWyP1bR7WQKCWCTcVKKL1cAkKtzDFiICDL1welNwbPrW1N2htxgX',
        'Representing Numbers and Letters with Binary', 0,
        'Today, we?re going to look at how computers use a stream of 1s and 0s to represent all of our data - from our text messages and photos to music and web pages. We?re going to focus on how these binary values are used to represent numbers and letters and discuss how our need to perform operations on more extensive and more complex matters brought us from our 8-bit video games to beautiful Instagram photos, and from unreadable garbled text in our emails to a universal language encoding scheme. <br /><br />Produced in collaboration with PBS Digital Studios: http://youtube.com/pbsdigitalstudios<br /><br />Want to know more about Carrie Anne?<br />https://about.me/carrieannephilbin<br /><br />Want to find Crash Course elsewhere on the internet?<br />Facebook - http://www.facebook.com/YouTubeCrashC...<br />Twitter - http://www.twitter.com/TheCrashCourse<br />Tumblr - http://thecrashcourse.tumblr.com <br />Support Crash Course on Patreon: http://patreon.com/crashcourse<br />CC Kids: http://www.youtube.com/crashcoursekids',
        'technology', 3, 1630496),
       ('UGIRl0jNJz97PBYhkC6PlJNTARdzGEEYGN8xbxI1l10TOTyR6xKrG85j1jlBpJSb', 'How Computers Calculate - the ALU', 0,
        'Today we&#x27;re going to talk about a fundamental part of all modern computers. The thing that basically everything else uses - the Arithmetic and Logic Unit (or the ALU). The ALU may not have to most exciting name, but it is the mathematical brain of a computer and is responsible for all the calculations your computer does! And it&#x27;s actually not that complicated. So today we&#x27;re going to use the binary and logic gates we learned in previous episodes to build one from scratch, and then we&#x27;ll use our newly minted ALU when we construct the heart of a computer, the CPU, in episode 7. <br /><br />*CORRECTION*<br /><br />We got our wires crossed with the Intel 4004, which we discuss later. The 74181 was introduced by Texas Instruments in 1970 but appeared in technical manuals around 1969. The design of the 74181, like most of the 74xx/74xxx series, was an open design which was manufactured by many other companies - Fairchild was one such manufacturer. They produced a chip, the Fairchild 9341, which was pin-for-pin compatible with the 74181.<br /><br />Fairchild was the first to prototype an ALU, building the Fairchild 4711 in 1968 - a one-off device not optimized for scale manufacturing. In 1969, Signetics came out with the 8260, which they marketed in a very limited sense (it was attached, AFAICT, to one particular computer, the Data General SUPERNOVA). TI follows afterwards (March 1970) with the 74181, coupled with the 9341 from Fairchild. The 74181 became the standard number for this part, and was available from many manufacturers (back in those days, chip makers cross-licensed designs all over the place in order to provide assurance that their part could be sourced from multiple manufacturers).<br /><br />Produced in collaboration with PBS Digital Studios: http://youtube.com/pbsdigitalstudios<br /><br />The Latest from PBS Digital Studios: https://www.youtube.com/playlist?list...<br /><br />We?ve got merch!<br />https://store.dftba.com/collections/crashcourse<br /><br />Want to know more about Carrie Anne?<br />https://about.me/carrieannephilbin<br /><br />Want to find Crash Course elsewhere on the internet?<br />Facebook - http://www.facebook.com/YouTubeCrashC...<br />Twitter - http://www.twitter.com/TheCrashCourse<br />Tumblr - http://thecrashcourse.tumblr.com <br />Support Crash Course on Patreon: http://patreon.com/crashcourse<br />CC Kids: http://www.youtube.com/crashcoursekids<br /><br />Want to find Crash Course elsewhere on the internet?<br />Facebook - http://www.facebook.com/YouTubeCrashCourse<br />Twitter - http://www.twitter.com/TheCrashCourse<br />Tumblr - http://thecrashcourse.tumblr.com <br />Support Crash Course on Patreon: http://patreon.com/crashcourse<br /><br />CC Kids: http://www.youtube.com/crashcoursekids',
        'technology', 3, 1685117),
       ('vuUS979n1352TEaBfpQCUBEQH5EJeh8Wm61cd2Fxul0ziZsvDbmap8DUWLe47coJ', 'Registers and RAM', 0,
        'Take the 2017 PBS Digital Studios Survey: http://surveymonkey.com/r/pbsds2017. Today we?re going to create memory! Using the basic logic gates we discussed in episode 3 we can build a circuit that stores a single bit of information, and then through some clever scaling (and of course many new levels of abstraction) we?ll show you how we can construct the modern random-access memory, or RAM, found in our computers today. RAM is the working memory of a computer. It holds the information that is being executed by the computer and as such is a crucial component for a computer to operate. Next week we?ll use this RAM, and the ALU we made last episode, to help us construct our CPU - the heart of a computer. <br /><br />*CORRECTION*<br /><br />In our 16x16 Latch Matrix graphic, we inadvertently left off the horizontal row access line above the top row of latches.  As a result, the highlighted line for the row at address 12 should actually be one line higher.  <br /><br /><br />Produced in collaboration with PBS Digital Studios: http://youtube.com/pbsdigitalstudios<br /><br />The Latest from PBS Digital Studios: https://www.youtube.com/playlist?list=PL1mtdjDVOoOqJzeaJAV15Tq0tZ1vKj7ZV<br /><br />We?ve got merch!<br />https://store.dftba.com/collections/crashcourse<br /><br /><br />Want to know more about Carrie Anne?<br />https://about.me/carrieannephilbin<br /><br />Want to find Crash Course elsewhere on the internet?<br />Facebook - http://www.facebook.com/YouTubeCrashC...<br />Twitter - http://www.twitter.com/TheCrashCourse<br />Tumblr - http://thecrashcourse.tumblr.com <br />Support Crash Course on Patreon: http://patreon.com/crashcourse<br />CC Kids: http://www.youtube.com/crashcoursekids<br /><br />Want to find Crash Course elsewhere on the internet?<br />Facebook - http://www.facebook.com/YouTubeCrashC...<br />Twitter - http://www.twitter.com/TheCrashCourse<br />Tumblr - http://thecrashcourse.tumblr.com <br />Support Crash Course on Patreon: http://patreon.com/crashcourse<br /><br />CC Kids: http://www.youtube.com/crashcoursekids',
        'technology', 3, 1791358),
       ('ZmfkIvCxLuFICogyzpZmqJQ45Rk3b6BIvujSJ8G1GIwJO2Z7cMctAYEdA0Lk6S98', 'The Central Processing Unit (CPU)', 0,
        'Today we?re going to build the ticking heart of every computer - the Central Processing Unit or CPU. The CPU?s job is to execute the programs we know and love - you know like GTA V, Slack... and Power Point. To make our CPU we?ll bring in our ALU and RAM we made in the previous two episodes and then with the help of Carrie Anne?s wonderful dictation (slowly) step through some clock cycles. WARNING: this is probably the most complicated episode in this series, we watched this a few times over ourselves, but don&#x27;t worry at about .03Hz we think you can keep up. <br /><br />Produced in collaboration with PBS Digital Studios: http://youtube.com/pbsdigitalstudios<br /><br />Want to know more about Carrie Anne?<br />https://about.me/carrieannephilbin<br /><br />Want to find Crash Course elsewhere on the internet?<br />Facebook - http://www.facebook.com/YouTubeCrashC...<br />Twitter - http://www.twitter.com/TheCrashCourse<br />Tumblr - http://thecrashcourse.tumblr.com <br />Support Crash Course on Patreon: http://patreon.com/crashcourse<br />CC Kids: http://www.youtube.com/crashcoursekids<br /><br />Want to find Crash Course elsewhere on the internet?<br />Facebook - http://www.facebook.com/YouTubeCrashC...<br />Twitter - http://www.twitter.com/TheCrashCourse<br />Tumblr - http://thecrashcourse.tumblr.com <br />Support Crash Course on Patreon: http://patreon.com/crashcourse<br /><br />CC Kids: http://www.youtube.com/crashcoursekids',
        'technology', 3, 1373216),
       ('8y2gcUk6EzWebxKFcoe8sdXW2vShBMrJ7iHoVPv7E5Q2YE6MzIwFaZuxnIlKGB8J', 'Instructions & Programs', 0,
        'Today we?re going to take our first baby steps from hardware into software! Using that CPU we built last episode we?re going to run some instructions and walk you through how a program operates on the machine level. We&#x27;ll show you how different programs can be used to perform different tasks, and how software can unlock new capabilities that aren&#x27;t built into the hardware. This episode, like the last is pretty complicated, but don?t worry - as we move forward into programming the idea of opcodes, addresses, and registers at this machine level will be abstracted away like many of the concepts in this series.  <br /><br />Want to know more about the Intel 4004? You can read the manual here! http://bitsavers.trailing-edge.com/pdf/intel/MCS4/MCS-4_Assembly_Language_Programming_Manual_Dec73.pdf<br /><br />Produced in collaboration with PBS Digital Studios: http://youtube.com/pbsdigitalstudios<br /><br />Want to know more about Carrie Anne?<br />https://about.me/carrieannephilbin<br /><br />Want to find Crash Course elsewhere on the internet?<br />Facebook - http://www.facebook.com/YouTubeCrashC...<br />Twitter - http://www.twitter.com/TheCrashCourse<br />Tumblr - http://thecrashcourse.tumblr.com <br />Support Crash Course on Patreon: http://patreon.com/crashcourse',
        'technology', 3, 818094),
       ('dAhDySDKAXk8eD21VwxapTgUlGfIjcq66CYH6cE0qcUhT7JYL9xctNDkCjvdAPNx', 'Advanced CPU Designs', 0,
        'So now that we?ve built and programmed our very own CPU, we?re going to take a step back and look at how CPU speeds have rapidly increased from just a few cycles per second to gigahertz! Some of that improvement, of course, has come from faster and more efficient transistors, but a number hardware designs have been implemented to boost performance. And you?ve probably heard or read about a lot of these - they?re the buzz words attached to just about every new CPU release - terms like instruction pipelining, cache, FLOPS, superscalar, branch prediction, multi-core processors, and even super computers! These designs are pretty complicated, but the fundamental concepts behind them are not. So bear with us as we introduce a lot of new terminology including what might just be the best computer science term of all time: the dirty bit. Let us explain. <br /><br />Produced in collaboration with PBS Digital Studios: http://youtube.com/pbsdigitalstudios<br /><br />The Latest from PBS Digital Studios: https://www.youtube.com/playlist?list=PL1mtdjDVOoOqJzeaJAV15Tq0tZ1vKj7ZV<br /><br />We?ve got merch!<br />https://store.dftba.com/collections/crashcourse<br /><br />Want to know more about Carrie Anne?<br />https://about.me/carrieannephilbin<br /><br />Want to find Crash Course elsewhere on the internet?<br />Facebook - http://www.facebook.com/YouTubeCrashC...<br />Twitter - http://www.twitter.com/TheCrashCourse<br />Tumblr - http://thecrashcourse.tumblr.com <br />Support Crash Course on Patreon: http://patreon.com/crashcourse',
        'technology', 3, 807160),
       ('Cqon32pgoULczwPh9Q3rr8kFvNPvanJ2Q37UeQ83PELvfHTDOmLXhBIdSo9LKkHA', 'Early Programming', 0,
        'Since Joseph Marie Jacquard?s textile loom in 1801, there has been a demonstrated need to give our machines instructions. In the last few episodes, our instructions were already in our computer?s memory, but we need to talk about how they got there - this is the heart of programming. Today, we?re going to look at the history of programming and the innovations that brought us from punch cards and punch paper tape to plugboards and consoles of switches. These technologies will bring us to the mid 1970s and the start of home computing, but they had limitations, and what was really needed was an easier and more accessible way to write programs - programming languages. Which we?ll get to next week. <br /><br />Produced in collaboration with PBS Digital Studios: http://youtube.com/pbsdigitalstudios<br /><br />Want to know more about Carrie Anne?<br />https://about.me/carrieannephilbin<br /><br />Want more Crash Course in person? We&#x27;ll be at NerdCon: Nerdfighteria in Boston on February 25th and 26th! For more information, go to http://www.nerdconnerdfighteria.com/<br /><br />The Latest from PBS Digital Studios: https://www.youtube.com/playlist?list=PL1mtdjDVOoOqJzeaJAV15Tq0tZ1vKj7ZV<br /><br />Want to find Crash Course elsewhere on the internet?<br />Facebook - https://www.facebook.com/YouTubeCrashCourse/<br />Twitter - http://www.twitter.com/TheCrashCourse<br />Tumblr - http://thecrashcourse.tumblr.com <br />Support Crash Course on Patreon: http://patreon.com/crashcourse<br /><br />CC Kids: http://www.youtube.com/crashcoursekids',
        'technology', 3, 671750),
       ('NxBQZuMBPD6ghtruvxchkHAxdQIC5i04xlsNardmVIWJnRiEPefPkDuivZiLAS7f', 'The First Programming Languages', 0,
        'Get your first two months of CuriosityStream free by going to?http://curiositystream.com/crashcourse and using the promo code ?crashcourse?.<br /><br />So we ended last episode with programming at the hardware level with things like plugboards and huge panels of switches, but what was really needed was a more versatile way to program computers - software! For much of this series we?ve been talking about machine code, or the 1?s and 0?s our computers read to perform operations, but giving our computers instructions in 1?s and 0?s is incredibly inefficient, and a ?higher-level? language was needed. This led to the development of assembly code and assemblers that allow us to use operands and mnemonics to more easily write programs, but assembly language is still tied to underlying hardware. So by 1952 Navy officer Grace Hopper had helped created the first high-level programming language A-0 and compiler to translate that code to our machines. This would eventually lead to IBM?s Fortran and then a golden age of computing languages over the coming decades. Most importantly, these new languages utilized new abstractions to make programming easier and more powerful giving more and more people the ability to create new and amazing things. <br /><br /><br />Produced in collaboration with PBS Digital Studios: http://youtube.com/pbsdigitalstudios<br /><br />Want to know more about Carrie Anne?<br />https://about.me/carrieannephilbin<br /><br />The Latest from PBS Digital Studios: https://www.youtube.com/playlist?list=PL1mtdjDVOoOqJzeaJAV15Tq0tZ1vKj7ZV<br /><br />Want to find Crash Course elsewhere on the internet?<br />Facebook - https://www.facebook.com/YouTubeCrash...<br />Twitter - http://www.twitter.com/TheCrashCourse<br />Tumblr - http://thecrashcourse.tumblr.com <br />Support Crash Course on Patreon: http://patreon.com/crashcourse<br /><br />CC Kids: http://www.youtube.com/crashcoursekids',
        'technology', 3, 959151),
       ('lcbQ70JdAjQzfen3iNI0K5q6GUI9UPrwAvpdNDvn5sTbmZJfO2xXlOCD8Zkit12n',
        'Programming Basics: Statements & Functions', 0,
        'Today, Carrie Anne is going to start our overview of the fundamental building blocks of programming languages. We?ll start by creating small programs for our very own video game to show how statements and functions work. We aren?t going to code in a specific language, but we?ll show you how conditional statements like IF and ELSE statements, WHILE loops, and FOR loops control the flow of programs in nearly all languages, and then we?ll finish by packaging up these instructions into functions that can be called by our game to perform more and more complex actions.<br /><br />Produced in collaboration with PBS Digital Studios: http://youtube.com/pbsdigitalstudios<br /><br />Want to know more about Carrie Anne?<br />https://about.me/carrieannephilbin<br /><br />The Latest from PBS Digital Studios: https://www.youtube.com/playlist?list=PL1mtdjDVOoOqJzeaJAV15Tq0tZ1vKj7ZV<br /><br />Want to find Crash Course elsewhere on the internet?<br />Facebook - https://www.facebook.com/YouTubeCrash...<br />Twitter - http://www.twitter.com/TheCrashCourse<br />Tumblr - http://thecrashcourse.tumblr.com <br />Support Crash Course on Patreon: http://patreon.com/crashcourse<br /><br />CC Kids: http://www.youtube.com/crashcoursekids',
        'technology', 3, 828510),
       ('aQ4d6z0cPHpSte60uh9evJieYlGqDCkn1el81jjp9rFSrocDj3gPq8ZnGIRLDKKJ', 'Intro to Algorithms', 0,
        'Algorithms are the sets of steps necessary to complete computation - they are at the heart of what our devices actually do. And this isn?t a new concept. Since the development of math itself algorithms have been needed to help us complete tasks more efficiently, but today we?re going to take a look a couple modern computing problems like sorting and graph search, and show how we?ve made them more efficient so you can more easily find cheap airfare or map directions to Winterfell... or like a restaurant or something.  <br /><br />Ps. Have you had the chance to play the Grace Hopper game we made in episode 12. Check it out here! http://thoughtcafe.ca/hopper/   <br /><br />CORRECTION: <br />In the pseudocode for selection sort at 3:09, this line:<br />swap array items at index and smallest<br />should be:<br />swap array items at i and smallest<br /><br />Produced in collaboration with PBS Digital Studios: http://youtube.com/pbsdigitalstudios<br /><br />Want to know more about Carrie Anne?<br />https://about.me/carrieannephilbin<br /><br />The Latest from PBS Digital Studios: https://www.youtube.com/playlist?list...<br /><br />Want to find Crash Course elsewhere on the internet?<br />Facebook - https://www.facebook.com/YouTubeCrash...<br />Twitter - http://www.twitter.com/TheCrashCourse<br />Tumblr - http://thecrashcourse.tumblr.com <br />Support Crash Course on Patreon: http://patreon.com/crashcourse<br /><br />CC Kids: http://www.youtube.com/crashcoursekids',
        'technology', 3, 1587667),
       ('fbtvj2QI1qB23qWwTEaFz4Rx6sBJtrWnJm0YrqYjubGQncxp3ALYDghW0eqS9b28', 'Data Structures', 0,
        'Today we?re going to talk about on how we organize the data we use on our devices. You might remember last episode we walked through some sorting algorithms, but skipped over how the information actually got there in the first place! And it is this ability to store and access information in a structured and meaningful way that is crucial to programming. From strings, pointers, and nodes, to heaps, trees, and stacks get ready for an ARRAY of new terminology and concepts.<br /><br />Ps. Have you had the chance to play the Grace Hopper game we made in episode 12. Check it out here! http://thoughtcafe.ca/hopper/   <br /><br />Produced in collaboration with PBS Digital Studios: http://youtube.com/pbsdigitalstudios<br /><br />Want to know more about Carrie Anne?<br />https://about.me/carrieannephilbin<br /><br />The Latest from PBS Digital Studios: https://www.youtube.com/playlist?list=PL1mtdjDVOoOqJzeaJAV15Tq0tZ1vKj7ZV<br /><br />Want to find Crash Course elsewhere on the internet?<br />Facebook - https://www.facebook.com/YouTubeCrash...<br />Twitter - http://www.twitter.com/TheCrashCourse<br />Tumblr - http://thecrashcourse.tumblr.com <br />Support Crash Course on Patreon: http://patreon.com/crashcourse<br /><br />CC Kids: http://www.youtube.com/crashcoursekids',
        'technology', 3, 881062),
       ('mklCWgL6WT2j5UlMM3U4lAfECoG32ctCo4KxrRN3uLFIgtqXwFuvDgMqWjsgr8n5', 'Alan Turing', 0,
        'Today we?re going to take a step back from programming and discuss the person who formulated many of the theoretical concepts that underlie modern computation - the father of computer science himself: Alan Turing. Now normally we try to avoid ?Great Man&quot; history in Crash Course because truthfully all milestones in humanity are much more complex than just an individual or through a single lens - but for Turing we are going to make an exception. From his theoretical Turing Machine and work on the Bombe to break Nazi Enigma codes during World War II, to his contributions in the field of Artificial Intelligence (before it was even called that), Alan Turing helped inspire the first generation of computer scientists - despite a life tragically cut short.  <br /><br />Special thanks to Contributing Writer Robert Xiao whom we should have (and forgot) to include in the credits. His help with this episode was invaluable. <br /><br />Ps. Have you had the chance to play the Grace Hopper game we made in episode 12. Check it out here! http://thoughtcafe.ca/hopper/<br /><br />Produced in collaboration with PBS Digital Studios: http://youtube.com/pbsdigitalstudios<br /><br />Want to know more about Carrie Anne?<br />https://about.me/carrieannephilbin<br /><br />The Latest from PBS Digital Studios: https://www.youtube.com/playlist?list=PL1mtdjDVOoOqJzeaJAV15Tq0tZ1vKj7ZV<br /><br />Want to find Crash Course elsewhere on the internet?<br />Facebook - https://www.facebook.com/YouTubeCrash...<br />Twitter - http://www.twitter.com/TheCrashCourse<br />Tumblr - http://thecrashcourse.tumblr.com <br />Support Crash Course on Patreon: http://patreon.com/crashcourse<br /><br />CC Kids: http://www.youtube.com/crashcoursekids',
        'technology', 3, 687498),
       ('SVLhvaoMz7VaIpxIBv8j5L7pVca2f7DTYIf4Jp6TrCJkGdcqlHwNoJEPbulgJgQg', 'Software Engineering', 0,
        'Today, we?re going to talk about how HUGE programs with millions of lines of code like Microsoft Office are built. Programs like these are way too complicated for a single person, but instead require teams of programmers using the tools and best practices that form the discipline of Software Engineering. We&#x27;ll talk about how large programs are typically broken up into into function units that are nested into objects known as Object Oriented Programming, as well as how programmers write and debug their code efficiently, document and share their code with others, and also how code repositories are used to allow programmers to make changes while mitigating risk.<br /><br />Ps. Have you had the chance to play the Grace Hopper game we made in episode 12. Check it out here! http://thoughtcafe.ca/hopper/<br /><br />Produced in collaboration with PBS Digital Studios: http://youtube.com/pbsdigitalstudios<br /><br />Want to know more about Carrie Anne?<br />https://about.me/carrieannephilbin<br /><br />The Latest from PBS Digital Studios: https://www.youtube.com/playlist?list=PL1mtdjDVOoOqJzeaJAV15Tq0tZ1vKj7ZV<br /><br />Want to find Crash Course elsewhere on the internet?<br />Facebook - https://www.facebook.com/YouTubeCrash...<br />Twitter - http://www.twitter.com/TheCrashCourse<br />Tumblr - http://thecrashcourse.tumblr.com <br />Support Crash Course on Patreon: http://patreon.com/crashcourse<br /><br />CC Kids: http://www.youtube.com/crashcoursekids',
        'technology', 3, 905799),
       ('ZCOztGx9Lgy7oEKHlPtqYBHwXtUwDz4tme0jGYxTIYdEYhyG7WTzDTrKVBgvY8nV', 'Integrated Circuits & Moore\'s Law', 0,
        'Get your first two months of CuriosityStream free by going to http://curiositystream.com/crashcourse and using the promo code ?crashcourse?.<br /><br />So you may have heard of Moore&#x27;s Law and while it isn&#x27;t truly a law it has pretty closely estimated a trend we&#x27;ve seen in the advancement of computing technologies. Moore&#x27;s Law states that we&#x27;ll see approximately a 2x increase in transistors in the same space every two years, and while this may not be true for much longer, it has dictated the advancements we&#x27;ve seen since the introduction of transistors in the mid 1950s. So today we&#x27;re going to talk about those improvements in hardware that made this possible - starting with the third generation of computing and integrated circuits (or ICs) and printed circuit boards (or PCBs). But as these technologies advanced a newer manufacturing process would bring us to the nanoscale manufacturing we have today - photolithography.<br /><br />Check out Veritasium&#x27;s video: How Does a Transistor Work?<br />https://www.youtube.com/watch?v=IcrBqCFLHIY<br /><br />Produced in collaboration with PBS Digital Studios: http://youtube.com/pbsdigitalstudios <br /><br />Want to know more about Carrie Anne?<br />https://about.me/carrieannephilbin<br /><br />The Latest from PBS Digital Studios: https://www.youtube.com/playlist?list=PL1mtdjDVOoOqJzeaJAV15Tq0tZ1vKj7ZV <br /><br />Want to find Crash Course elsewhere on the internet?<br />Facebook - https://www.facebook.com/YouTubeCrash...<br />Twitter - http://www.twitter.com/TheCrashCourse<br />Tumblr - http://thecrashcourse.tumblr.com <br />Support Crash Course on Patreon: http://patreon.com/crashcourse<br />CC Kids: http://www.youtube.com/crashcoursekids',
        'technology', 3, 558397),
       ('1JzLVPq5iMNdUluyJuXQoKmGDChI8CZbwgJZARZoYhOfLmE5e6dUt22VKb9f4Ka8', 'Operating Systems', 0,
        'Get 10% off a custom domain and email address by going to?https://www.hover.com/CrashCourse. <br />So as you may have noticed from last episode, computers keep getting faster and faster, and by the start of the 1950s they had gotten so fast that it often took longer to manually load programs via punch cards than to actually run them! The solution was the operating system (or OS), which is just a program with special privileges that allows it to run and manage other programs. So today, we?re going to trace the development of operating systems from the Multics and Atlas Supervisor to Unix and MS-DOS, and take at look at how these systems heavily influenced popular OSes like Linux, Windows, MacOS, and Android that we use today. <br /><br />Produced in collaboration with PBS Digital Studios: http://youtube.com/pbsdigitalstudios <br /><br />Want to know more about Carrie Anne?<br />https://about.me/carrieannephilbin<br /><br />The Latest from PBS Digital Studios: https://www.youtube.com/playlist?list=PL1mtdjDVOoOqJzeaJAV15Tq0tZ1vKj7ZV<br /><br />Want to find Crash Course elsewhere on the internet?<br />Facebook - https://www.facebook.com/YouTubeCrash...<br />Twitter - http://www.twitter.com/TheCrashCourse<br />Tumblr - http://thecrashcourse.tumblr.com <br />Support Crash Course on Patreon: http://patreon.com/crashcourse<br />CC Kids: http://www.youtube.com/crashcoursekids',
        'technology', 3, 1262115),
       ('ECqe8kovWf4qluVApIfPiL3NAT186zuICfGVn7f6oxU7HXsierPRrexB2279xepf', 'Memory & Storage', 0,
        'Pre-order our limited edition Crash Course: Computer Science Floppy Disk Coasters here! https://store.dftba.com/products/computer-science-coasters<br />So we?ve talked about computer memory a couple times in this series, but what we haven?t talked about is storage. Data written to storage, like your hard drive, is a little different, because it will still be there even if the power goes out - this is known as non-volatile memory. Today we?re going to trace the history of these storage technologies from punch cards, delay line memory, core memory, magnetic tape, and magnetic drums, to floppy disks, hard disk drives, cds, and solid state drives. Initially, volatile memory, like RAM was much faster than these non-volatile storage memories, but that distinction is becoming less and less true today.  <br /><br />CORRECTION: AT 5:00 we say &quot;around 9 kilobytes&quot; when we should have said &quot;kilobits&quot;. <br /><br />Produced in collaboration with PBS Digital Studios: http://youtube.com/pbsdigitalstudios <br /><br />The Latest from PBS Digital Studios: https://www.youtube.com/playlist?list=PL1mtdjDVOoOqJzeaJAV15Tq0tZ1vKj7ZV<br /><br />Want to know more about Carrie Anne?https://about.me/carrieannephilbin<br /><br />Want to find Crash Course elsewhere on the internet?<br />Facebook - http://www.facebook.com/YouTubeCrashCourse<br />Twitter - http://www.twitter.com/TheCrashCourse<br />Tumblr - http://thecrashcourse.tumblr.com <br />Support Crash Course on Patreon: http://patreon.com/crashcourse<br /><br />CC Kids: http://www.youtube.com/crashcoursekids',
        'technology', 3, 760624),
       ('QD2YGWAE3XsIgnQf08KhdynMAmajlHRtuVBfmVXMCd8m2EIYSV3c1dCejqJbvh9R', 'Files & File Systems', 0,
        'Today we?re going to look at how our computers read and interpret computer files. We?ll talk about how some popular file formats like txt, wave, and bitmap are encoded and decoded giving us pretty pictures and lifelike recordings from just strings of 1?s and 0?s, and we?ll discuss how our computers are able to keep all this data organized and readily accessible to users. You?ll notice in this episode that we?re starting to talk more about computer users, not programmers, foreshadowing where the series will be going in a few episodes. <br /><br />Pre-order our limited edition Crash Course: Computer Science Floppy Disk Coasters here! <br />https://store.dftba.com/products/computer-science-coasters<br /><br />Crash Course Physics episode on sound:<br />https://www.youtube.com/watch?v=qV4lR9EWGlY<br /><br />Produced in collaboration with PBS Digital Studios: http://youtube.com/pbsdigitalstudios <br /><br />The Latest from PBS Digital Studios: https://www.youtube.com/playlist?list=PL1mtdjDVOoOqJzeaJAV15Tq0tZ1vKj7ZV<br /><br />Want to know more about Carrie Anne?https://about.me/carrieannephilbin<br /><br />Want to find Crash Course elsewhere on the internet?<br />Facebook - http://www.facebook.com/YouTubeCrashC...<br />Twitter - http://www.twitter.com/TheCrashCourse<br />Tumblr - http://thecrashcourse.tumblr.com <br />Support Crash Course on Patreon: http://patreon.com/crashcourse<br /><br />CC Kids: http://www.youtube.com/crashcoursekids',
        'technology', 3, 626518),
       ('73DJrnG5GZzuEq0QQHW62mJLqLG6hBr2pkbsxI4nG3NPBXWWhchUPBuG9HjeA3LE', 'Compression', 0,
        'Get your first two months of CuriosityStream free by going to http://curiositystream.com/crashcourse and using the promo code ?crashcourse?. So last episode we talked about some basic file formats, but what we didn?t talk about is compression. Often files are way too large to be easily stored on hard drives or transferred over the Internet - the solution, unsurprisingly, is to make them smaller. Today, we?re going to talk about lossless compression, which will give you the exact same thing when reassembled, as well as lossy compression, which uses the limitations of human perception to remove less important data. From listening to music and sharing photos, to talking on the phone and even streaming this video right now the ways we use the Internet and our computing devices just wouldn?t be possible without the help of compression. <br /><br />Pre-order our limited edition Crash Course: Computer Science Floppy Disk Coasters here! <br />https://store.dftba.com/products/computer-science-coasters<br /><br />Produced in collaboration with PBS Digital Studios: http://youtube.com/pbsdigitalstudios <br /><br />Want to know more about Carrie Anne?<br />https://about.me/carrieannephilbin<br /><br />The Latest from PBS Digital Studios: https://www.youtube.com/playlist?list=PL1mtdjDVOoOqJzeaJAV15Tq0tZ1vKj7ZV<br /><br />Want to find Crash Course elsewhere on the internet?<br />Facebook - https://www.facebook.com/YouTubeCrash...<br />Twitter - http://www.twitter.com/TheCrashCourse<br />Tumblr - http://thecrashcourse.tumblr.com <br />Support Crash Course on Patreon: http://patreon.com/crashcourse<br />CC Kids: http://www.youtube.com/crashcoursekids',
        'technology', 3, 449301),
       ('ynTRbLHkGB8JDuMoPbeNFdhqCxqaOJe3PPxyfSkjPssD9CtprgXHKgnneWGLaAwt', 'Keyboards & Command Line Interfaces', 0,
        'Today, we are going to start our discussion on user experience. We&#x27;ve talked a lot in this series about how computers move data around within the computer, but not so much about our role in the process.  So today, we&#x27;re going to look at our earliest form of interaction through keyboards. We&#x27;ll talk about how the keyboard got its qwerty layout, and then we&#x27;ll track its evolution in electronic typewriters, and eventually terminals with screens. We are going to focus specifically on text interaction through command line interfaces, and next week we&#x27;ll take a look at graphics. <br /><br />Check out Eons!<br />https://www.youtube.com/watch?v=vtpi7yUHNyg<br /><br />Pre-order our limited edition Crash Course: Computer Science Floppy Disk Coasters here! <br />https://store.dftba.com/products/computer-science-coasters<br /><br />Produced in collaboration with PBS Digital Studios: http://youtube.com/pbsdigitalstudios <br /><br />Want to know more about Carrie Anne?<br />https://about.me/carrieannephilbin<br /><br />The Latest from PBS Digital Studios: https://www.youtube.com/playlist?list=PL1mtdjDVOoOqJzeaJAV15Tq0tZ1vKj7ZV<br /><br />Want to find Crash Course elsewhere on the internet?<br />Facebook - https://www.facebook.com/YouTubeCrash...<br />Twitter - http://www.twitter.com/TheCrashCourse<br />Tumblr - http://thecrashcourse.tumblr.com <br />Support Crash Course on Patreon: http://patreon.com/crashcourse<br />CC Kids: http://www.youtube.com/crashcoursekids',
        'technology', 3, 354141),
       ('Qosa4f6VUntSxDkwsIPiIGLKROqNNp4FqTLfZ8NszFNbYPnuWALq0bp5VlNwZbIp', 'Screens & 2D Graphics', 0,
        'Today we begin our discussion of computer graphics. So we ended last episode with the proliferation of command line (or text) interfaces, which sometimes used screens, but typically electronic typewriters or teletypes onto paper. But by the early 1960s a number of technologies were introduced to make screens much more useful from cathode ray tubes and graphics cards to ASCII art and light pens. This era would mark a turning point in computing - computers were no longer just number crunching machines, but potential assistants interactively augmenting human tasks. This was the dawn of graphical user interfaces which we?ll cover more in a few episodes.  <br /><br />Pre-order our limited edition Crash Course: Computer Science Floppy Disk Coasters here! <br />https://store.dftba.com/products/computer-science-coasters<br /><br />Produced in collaboration with PBS Digital Studios: http://youtube.com/pbsdigitalstudios <br /><br />Want to know more about Carrie Anne?<br />https://about.me/carrieannephilbin<br /><br />The Latest from PBS Digital Studios: https://www.youtube.com/playlist?list=PL1mtdjDVOoOqJzeaJAV15Tq0tZ1vKj7ZV<br /><br />Want to find Crash Course elsewhere on the internet?<br />Facebook - https://www.facebook.com/YouTubeCrash...<br />Twitter - http://www.twitter.com/TheCrashCourse<br />Tumblr - http://thecrashcourse.tumblr.com <br />Support Crash Course on Patreon: http://patreon.com/crashcourse<br />CC Kids: http://www.youtube.com/crashcoursekids',
        'technology', 3, 312143),
       ('gj1ymeciE7gBpA2VRTd1SlD3Dc1YiwxrJcA31sA32cHXBVSjiMLGCYnUzwnvGSEi', 'The Cold War and Consumerism', 0,
        'Today we?re going to step back from hardware and software, and take a closer look at how the backdrop of the cold war and space race and the rise of consumerism and globalization brought us from huge, expensive codebreaking machines in the 1940s to affordable handhelds and personal computers in the 1970s. This is an era that saw huge government funded projects - like the race to the moon. And afterward, a shift towards the individual consumer, commoditization of components, and the rise of the Japanese electronics industry. <br /><br />Pre-order our limited edition Crash Course: Computer Science Floppy Disk Coasters here! <br />https://store.dftba.com/products/computer-science-coasters<br /><br />Produced in collaboration with PBS Digital Studios: http://youtube.com/pbsdigitalstudios <br /><br />Want to know more about Carrie Anne?<br />https://about.me/carrieannephilbin<br /><br />The Latest from PBS Digital Studios: https://www.youtube.com/playlist?list=PL1mtdjDVOoOqJzeaJAV15Tq0tZ1vKj7ZV<br /><br />Want to find Crash Course elsewhere on the internet?<br />Facebook - https://www.facebook.com/YouTubeCrash...<br />Twitter - http://www.twitter.com/TheCrashCourse<br />Tumblr - http://thecrashcourse.tumblr.com <br />Support Crash Course on Patreon: http://patreon.com/crashcourse<br />CC Kids: http://www.youtube.com/crashcoursekids',
        'technology', 3, 255276),
       ('nGcN9fqULxPVEUQTUwY2eEgfmtLi2TIh3bE0xgHjC7CLd3qJaJ1ZdbXvyfQ1IvLq', 'The Personal Computer Revolution', 0,
        'Today we&#x27;re going to talk about the birth of personal computing. Up until the early 1970s components were just too expensive, or underpowered, for making a useful computer for an individual,  but this would begin to change with the introduction of the Altair 8800 in 1975. In the years that follow, we&#x27;ll see the founding of Microsoft and Apple and the creation of the 1977 Trinity: The Apple II, Tandy TRS-80, and Commodore PET 2001. These new consumer oriented computers would become a huge hit, but arguably the biggest success of the era came with the release of the IBM PC in 1981. IBM completely changed the industry as its &quot;IBM compatible&quot; open architecture consolidated most of the industry except for, notably, Apple. Apple chose a closed architecture forming the basis of the Mac Vs PC debate that rages today. But in 1984, when Apple was losing marketshare fast it looked for a way to offer a new user experience like none other - which we&#x27;ll discuss next week. <br /><br />Pre-order our limited edition Crash Course: Computer Science Floppy Disk Coasters here! <br />https://store.dftba.com/products/computer-science-coasters<br /><br />Produced in collaboration with PBS Digital Studios: http://youtube.com/pbsdigitalstudios <br /><br />Want to know more about Carrie Anne?<br />https://about.me/carrieannephilbin<br /><br />The Latest from PBS Digital Studios: https://www.youtube.com/playlist?list=PL1mtdjDVOoOqJzeaJAV15Tq0tZ1vKj7ZV<br /><br />Want to find Crash Course elsewhere on the internet?<br />Facebook - https://www.facebook.com/YouTubeCrash...<br />Twitter - http://www.twitter.com/TheCrashCourse<br />Tumblr - http://thecrashcourse.tumblr.com <br />Support Crash Course on Patreon: http://patreon.com/crashcourse<br />CC Kids: http://www.youtube.com/crashcoursekids',
        'technology', 3, 276660),
       ('tXaSgz34sgybnXL4oTn415ENL11v7Yja80pgPSACe8ihINNG1IUrMdVMkvOZwf67', 'Graphical User Interfaces', 0,
        'Today, we&#x27;re going to discuss the critical role graphical user interfaces, or GUIs played in the adoption of computers. Before the mid 1980&#x27;s the most common way people could interact with their devices was through command line interfaces, which though efficient, aren&#x27;t really designed for casual users. This all changed with the introduction of the Macintosh by Apple in 1984. It was the first mainstream computer to use a GUI, standing on the shoulder of nearly two decades of innovation including work from the father of the GUI himself, Douglas Englebart, and some amazing breakthroughs at Xerox Parc. <br /><br /><br />Pre-order our limited edition Crash Course: Computer Science Floppy Disk Coasters here! <br />https://store.dftba.com/products/computer-science-coasters<br /><br />Produced in collaboration with PBS Digital Studios: http://youtube.com/pbsdigitalstudios <br /><br />Want to know more about Carrie Anne?<br />https://about.me/carrieannephilbin<br /><br />The Latest from PBS Digital Studios: https://www.youtube.com/playlist?list=PL1mtdjDVOoOqJzeaJAV15Tq0tZ1vKj7ZV<br /><br />Want to find Crash Course elsewhere on the internet?<br />Facebook - https://www.facebook.com/YouTubeCrash...<br />Twitter - http://www.twitter.com/TheCrashCourse<br />Tumblr - http://thecrashcourse.tumblr.com <br />Support Crash Course on Patreon: http://patreon.com/crashcourse<br />CC Kids: http://www.youtube.com/crashcoursekids',
        'technology', 3, 393992),
       ('QYVzzhsHr1IwvQhaWLvmge6gBLNHsMoDfG2pSiNuNowkNIh2F5NjnILRaFTo7rsF', '3D Graphics', 0,
        'Today we?re going to discuss how 3D graphics are created and then rendered for a 2D screen. From polygon count and meshes, to lighting and texturing, there are a lot of considerations in building the 3D objects we see in our movies and video games, but then displaying these 3D objects of a 2D surface adds an additional number of challenges. So we?ll talk about some of the reasons you see occasional glitches in your video games as well as the reason a dedicated graphics processing unit, or GPU, was needed to meet the increasing demand for more and more complex graphics. <br /><br />Pre-order our limited edition Crash Course: Computer Science Floppy Disk Coasters here! <br />https://store.dftba.com/products/computer-science-coasters<br /><br />Produced in collaboration with PBS Digital Studios: http://youtube.com/pbsdigitalstudios <br /><br />Want to know more about Carrie Anne?<br />https://about.me/carrieannephilbin<br /><br />The Latest from PBS Digital Studios: https://www.youtube.com/playlist?list=PL1mtdjDVOoOqJzeaJAV15Tq0tZ1vKj7ZV<br /><br />Want to find Crash Course elsewhere on the internet?<br />Facebook - https://www.facebook.com/YouTubeCrash...<br />Twitter - http://www.twitter.com/TheCrashCourse<br />Tumblr - http://thecrashcourse.tumblr.com <br />Support Crash Course on Patreon: http://patreon.com/crashcourse<br />CC Kids: http://www.youtube.com/crashcoursekids',
        'technology', 3, 428513),
       ('zpDnGh2QiI8zq4Ws6okTp5jsAgo8L475wPACYRAqjiptPKaGy4GOVzi4iTWBnhFJ', 'Computer Networks', 0,
        'Today we start a three episode arc on the rise of a global telecommunications network that changed the world forever. We?re going to begin with computer networks, and how they grew from small groups of connected computers on LAN networks to eventually larger worldwide networks like the ARPANET and even the Internet we know today. We&#x27;ll also discuss how many technologies like Ethernet, MAC addresses, IP Addresses, packet switching, network switches, and TCP/IP were implemented to new problems as our computers became ever-increasingly connected. Next week we?ll talk about the Internet, and the week after the World Wide Web!<br /><br />Pre-order our limited edition Crash Course: Computer Science Floppy Disk Coasters here! <br />https://store.dftba.com/products/computer-science-coasters<br /><br />Produced in collaboration with PBS Digital Studios: http://youtube.com/pbsdigitalstudios <br /><br />Want to know more about Carrie Anne?<br />https://about.me/carrieannephilbin<br /><br />The Latest from PBS Digital Studios: https://www.youtube.com/playlist?list=PL1mtdjDVOoOqJzeaJAV15Tq0tZ1vKj7ZV<br /><br />Want to find Crash Course elsewhere on the internet?<br />Facebook - https://www.facebook.com/YouTubeCrash...<br />Twitter - http://www.twitter.com/TheCrashCourse<br />Tumblr - http://thecrashcourse.tumblr.com <br />Support Crash Course on Patreon: http://patreon.com/crashcourse<br />CC Kids: http://www.youtube.com/crashcoursekids',
        'technology', 3, 1135320),
       ('4Y90kkpcDWx6BuXrBhQUDs3etZowE94Grd4JzIkkZGHFDccmXFPEy3yv6OH5QL3h', 'The Internet', 0,
        'Today, we&#x27;re going to talk about how the Internet works. Specifically, how that stream of characters you punch into your browser&#x27;s address bar, like &quot;youtube.com&quot;, return this very website. Just to clarify we&#x27;re talking in a broader sense about that massive network of networks connecting millions of computers together, not just the World Wide Web, which is a portion of the Internet, and our topic for next week. Today, we&#x27;re going to focus on how data is passed back and forth - how a domain name is registered by the Domain Name System, and of course how the data requested or sent gets to the right person in little packets following standard Internet Protocol, or IP.  We&#x27;ll also discuss two different approaches to transferring this data: Transmission Control Protocol, or TCP, when we need to be certain no information is lost, and User Datagram Protocol, or UDP, for those time sensitive applications - because nobody wants an email with missing text, but they also don&#x27;t want to get lag-fragged in their favorite first person shooter.  <br /><br />Want to run traceroute on your computer? See directions below. Remember you can replace &quot;dftba.com&quot; with whatever website you want!<br /><br />Traceroute on Windows<br />1. Press the Start Button<br />2. Type &quot;CMD&quot; and press &quot;Enter&quot;<br />3. In the Command Prompt type &quot;tracert dftba.com&quot;<br /><br />Traceroute on Mac<br />1. Click on the &quot;Go&quot; drop down menu<br />2. Click on &quot;Utilities&quot;<br />3. Open Terminal<br />4. Type &quot;traceroute dftba.com&quot;<br /><br />Traceroute on Linux <br />1. Open Terminal by typing CTRL+Alt+T<br />2. Type: &quot;traceroute dftba.com&quot;<br /><br />Produced in collaboration with PBS Digital Studios: http://youtube.com/pbsdigitalstudios <br /><br />Want to know more about Carrie Anne?<br />https://about.me/carrieannephilbin<br /><br />The Latest from PBS Digital Studios: https://www.youtube.com/playlist?list=PL1mtdjDVOoOqJzeaJAV15Tq0tZ1vKj7ZV<br /><br />Want to find Crash Course elsewhere on the internet?<br />Facebook - https://www.facebook.com/YouTubeCrash...<br />Twitter - http://www.twitter.com/TheCrashCourse<br />Tumblr - http://thecrashcourse.tumblr.com <br />Support Crash Course on Patreon: http://patreon.com/crashcourse<br />CC Kids: http://www.youtube.com/crashcoursekids',
        'technology', 3, 653913),
       ('MUUttWx4W4jXCcskrSpViVTBvmTuUyVZ2aJ2NaeW73sMNRmDGo80sLf5RZBxu9Tq', 'The World Wide Web', 0,
        'Today we?re going to discuss the World Wide Web - not to be confused with the Internet, which is the underlying plumbing for the web as well as other networks. The World Wide Web is built on the foundation of simply linking pages to other pages with hyperlinks, but it is this massive interconnectedness that makes it so powerful. But before the web could become a thing, Tim Berners-Lee would need to invent the web browser at CERN, and search engines would need to be created to navigate these massive directories of information. By the mid 1990?s we will see the rise of Yahoo and Google and monolithic websites like Ebay and Amazon, forming the web we know today. But before we end our unit on the Internet we want to take a moment to discuss the implications of Net Neutrality, and its potential to shape the Internet&#x27;s future. <br /><br />Produced in collaboration with PBS Digital Studios: http://youtube.com/pbsdigitalstudios <br /><br />Want to know more about Carrie Anne?<br />https://about.me/carrieannephilbin<br /><br />The Latest from PBS Digital Studios: https://www.youtube.com/playlist?list=PL1mtdjDVOoOqJzeaJAV15Tq0tZ1vKj7ZV<br /><br />Want to find Crash Course elsewhere on the internet?<br />Facebook - https://www.facebook.com/YouTubeCrash...<br />Twitter - http://www.twitter.com/TheCrashCourse<br />Tumblr - http://thecrashcourse.tumblr.com <br />Support Crash Course on Patreon: http://patreon.com/crashcourse<br />CC Kids: http://www.youtube.com/crashcoursekids',
        'technology', 3, 469229),
       ('K1UlqqQyVOR4QE6Ef8SFBMwDMuU7USUEpQG6t6Fv2FIXREBCWo1lSkpbAN1raN8V', 'Cybersecurity', 0,
        'Cybersecurity is a set of techniques to protect the secrecy, integrity, and availability of computer systems and data against threats. In today?s episode, we?re going to unpack these three goals and talk through some strategies we use like passwords, biometrics, and access privileges to keep our information as secure, but also as accessible as possible. From massive Denial of Service, or DDos attacks, to malware and brute force password cracking there are a lot of ways for hackers to gain access to your data, so we?ll also discuss some strategies like creating strong passwords, and using 2-factor authentication, to keep your information safe. <br /><br />Check out Computerphile?s wonderful video on how to choose a password!<br />https://www.youtube.com/watch?v=3NjQ9b3pgIg<br /><br />Pre-order our limited edition Crash Course: Computer Science Floppy Disk Coasters here! <br />https://store.dftba.com/products/computer-science-coasters<br /><br />Produced in collaboration with PBS Digital Studios: http://youtube.com/pbsdigitalstudios <br /><br />Want to know more about Carrie Anne?<br />https://about.me/carrieannephilbin<br /><br />The Latest from PBS Digital Studios: https://www.youtube.com/playlist?list=PL1mtdjDVOoOqJzeaJAV15Tq0tZ1vKj7ZV<br /><br />Want to find Crash Course elsewhere on the internet?<br />Facebook - https://www.facebook.com/YouTubeCrash...<br />Twitter - http://www.twitter.com/TheCrashCourse<br />Tumblr - http://thecrashcourse.tumblr.com <br />Support Crash Course on Patreon: http://patreon.com/crashcourse<br />CC Kids: http://www.youtube.com/crashcoursekids',
        'technology', 3, 830743),
       ('vD5W43mDL7nCQ5WmHYAZl4rFt5ONPfZ4NbdtvwN6l6MLEgR3mE9FEH1eAXRFrpov', 'Hackers & Cyber Attacks', 0,
        'Today we&#x27;re going to talk about hackers and their strategies for breaking into computer systems. Now, not all hackers are are malicious cybercriminals intent on stealing your data (these people are known as Black Hats). There are also White Hats who hunt for bugs, close security holes, and perform security evaluations for companies. And there are a lot of different motivations for hackers?sometimes just amusement or curiosity, sometimes for money, and sometimes to promote social or political goals. Regardless, we&#x27;re not going to teach you how to become a hacker in this episode but we are going to walk you through some of the strategies hackers use to gain access to your devices, so you can be better prepared to keep your data safe. <br /><br />*CORRECTION*<br />AT 7:40 &quot;whatever&quot; should not have a leading &#x27;<br />The correct username field should be: <br />whatever?; DROP TABLE users;<br /><br /><br />Produced in collaboration with PBS Digital Studios: http://youtube.com/pbsdigitalstudios <br /><br />Want to know more about Carrie Anne?<br />https://about.me/carrieannephilbin<br /><br />The Latest from PBS Digital Studios: https://www.youtube.com/playlist?list=PL1mtdjDVOoOqJzeaJAV15Tq0tZ1vKj7ZV<br /><br />Want to find Crash Course elsewhere on the internet?<br />Facebook - https://www.facebook.com/YouTubeCrash...<br />Twitter - http://www.twitter.com/TheCrashCourse<br />Tumblr - http://thecrashcourse.tumblr.com <br />Support Crash Course on Patreon: http://patreon.com/crashcourse<br />CC Kids: http://www.youtube.com/crashcoursekids',
        'technology', 3, 524331),
       ('8TL91bdQnRKzDrtWTjiIHbkHp043csso3Yv0TKUhN82Y7GFbBYwOm3O72AbXzUFO', 'Cryptography', 0,
        'Today we?re going to talk about how to keep information secret, and this isn?t a new goal. From as early as Julius Caesar?s Caesar cipher to Mary, Queen of Scots, encrypted messages to kill Queen Elizabeth in 1587, theres has long been a need to encrypt and decrypt private correspondence. This proved especially critical during World War II as Allan Turing and his team at Bletchley Park attempted to decrypt messages from Nazi Enigma machines, and this need has only grown as more and more information sensitive tasks are completed on our computers. So today, we?re going to walk you through some common encryption techniques such as the Advanced Encryption Standard (AES), Diffie-Hellman Key Exchange, and RSA which are employed to keep your information safe, private, and secure. <br /><br />Note: In October of 2017, researchers released a viable hack against WPA2, known as KRACK Attack, which uses AES to ensure secure communication between computers and network routers. The problem isn&#x27;t with AES, which is provably secure, but with the communication protocol between router and computer.  In order to set up secure communication, the computer and router have to agree through what&#x27;s called a &quot;handshake&quot;.  If this handshake is interrupted in just the right way, an attacker can cause the handshake to fault to an insecure state and reveal critical information which makes the connection insecure.  As is often the case with these situations, the problem is with an implementation, not the secure algorithm itself. Our friends over at Computerphile have a great video on the topic: https://www.youtube.com/watch?v=mYtvjijATa4<br /><br />Produced in collaboration with PBS Digital Studios: http://youtube.com/pbsdigitalstudios <br /><br />Want to know more about Carrie Anne?<br />https://about.me/carrieannephilbin<br /><br />The Latest from PBS Digital Studios: https://www.youtube.com/playlist?list=PL1mtdjDVOoOqJzeaJAV15Tq0tZ1vKj7ZV<br /><br />Want to find Crash Course elsewhere on the internet?<br />Facebook - https://www.facebook.com/YouTubeCrash...<br />Twitter - http://www.twitter.com/TheCrashCourse<br />Tumblr - http://thecrashcourse.tumblr.com <br />Support Crash Course on Patreon: http://patreon.com/crashcourse<br />CC Kids: http://www.youtube.com/crashcoursekids',
        'technology', 3, 706906),
       ('SMI6FMsz0ctQQdYx14TZTyCS7xdRE0cMMgTPwkum89A2ay5IEBohIOeJYffB8DB5',
        'Machine Learning & Artificial Intelligence', 0,
        'So we&#x27;ve talked a lot in this series about how computers fetch and display data, but how do they make decisions on this data? From spam filters and self-driving cars, to cutting edge medical diagnosis and real-time language translation, there has been an increasing need for our computers to learn from data and apply that knowledge to make predictions and decisions. This is the heart of machine learning which sits inside the more ambitious goal of artificial intelligence. We may be a long way from self-aware computers that think just like us, but with advancements in deep learning and artificial neural networks our computers are becoming more powerful than ever. <br /><br />Produced in collaboration with PBS Digital Studios: http://youtube.com/pbsdigitalstudios <br /><br />Want to know more about Carrie Anne?<br />https://about.me/carrieannephilbin<br /><br />The Latest from PBS Digital Studios: https://www.youtube.com/playlist?list=PL1mtdjDVOoOqJzeaJAV15Tq0tZ1vKj7ZV<br /><br />Want to find Crash Course elsewhere on the internet?<br />Facebook - https://www.facebook.com/YouTubeCrash...<br />Twitter - http://www.twitter.com/TheCrashCourse<br />Tumblr - http://thecrashcourse.tumblr.com <br />Support Crash Course on Patreon: http://patreon.com/crashcourse<br />CC Kids: http://www.youtube.com/crashcoursekids',
        'technology', 3, 792479),
       ('II6Wn9sjfn6a4uMhr9wudmewLlhNocdclRWoE5lxUpvu1AdPtgbYwYfIBYhyJYiV', 'Computer Vision', 0,
        'Today we?re going to talk about how computers see. We?ve long known that our digital cameras and smartphones can take incredibly detailed images, but taking pictures is not quite the same thing. For the past half-century, computer scientists have been working to help our computing devices understand the imagery they capture, leading to advancements everywhere, from tracking hands and whole bodies, biometrics to unlock our phones, and eventually giving autonomous cars the ability to understand their surroundings. <br /><br />Check out Origin of Everything here!<br />https://www.youtube.com/channel/UCiB8h9jD2Mlxx96ZFnGDSJw<br /><br />Produced in collaboration with PBS Digital Studios: http://youtube.com/pbsdigitalstudios <br /><br />Want to know more about Carrie Anne?<br />https://about.me/carrieannephilbin<br /><br />The Latest from PBS Digital Studios: https://www.youtube.com/playlist?list=PL1mtdjDVOoOqJzeaJAV15Tq0tZ1vKj7ZV<br /><br />Want to find Crash Course elsewhere on the internet?<br />Facebook - https://www.facebook.com/YouTubeCrash...<br />Twitter - http://www.twitter.com/TheCrashCourse<br />Tumblr - http://thecrashcourse.tumblr.com <br />Support Crash Course on Patreon: http://patreon.com/crashcourse<br />CC Kids: http://www.youtube.com/crashcoursekids',
        'technology', 3, 335323),
       ('yJRvhy4jellwVGoTjNUUWDSXuFYbaXk6zdhr2RIANNNJRiDEmOp54CTlZAeECENg', 'Natural Language Processing', 0,
        'Today we?re going to talk about how computers understand speech and speak themselves. As computers play an increasing role in our daily lives there has been an growing demand for voice user interfaces, but speech is also terribly complicated. Vocabularies are diverse, sentence structures can often dictate the meaning of certain words, and computers also have to deal with accents, mispronunciations, and many common linguistic faux pas. The field of Natural Language Processing, or NLP, attempts to solve these problems, with a number of techniques we?ll discuss today. And even though our virtual assistants like Siri, Alexa, Google Home, Bixby, and Cortana have come a long way from the first speech processing and synthesis models, there is still much room for improvement. <br /><br />Produced in collaboration with PBS Digital Studios: http://youtube.com/pbsdigitalstudios <br /><br />Want to know more about Carrie Anne?<br />https://about.me/carrieannephilbin<br /><br />The Latest from PBS Digital Studios: https://www.youtube.com/playlist?list=PL1mtdjDVOoOqJzeaJAV15Tq0tZ1vKj7ZV<br /><br />Want to find Crash Course elsewhere on the internet?<br />Facebook - https://www.facebook.com/YouTubeCrash...<br />Twitter - http://www.twitter.com/TheCrashCourse<br />Tumblr - http://thecrashcourse.tumblr.com <br />Support Crash Course on Patreon: http://patreon.com/crashcourse<br />CC Kids: http://www.youtube.com/crashcoursekids',
        'technology', 3, 436410),
       ('jud7bXJBVKhuz4xEHJFSTTd6hm1uAqLm5zUX258X5g7nuVnqwdxumaOipaGuPRq9', 'Robots', 0,
        'Today we&#x27;re going to talk about robots! Robots are often thought as a technology of the future, but they&#x27;re already here by the millions in the workplace, our homes, and pretty soon on the roads. We&#x27;ll discuss the origins of robotics to its proliferation, and even look at some common control designs that were implemented to make them more useful in the workplace. Robots are often thought of as a menace or danger to society, and although there definitely is the propensity for malicious uses,  robots also have the potential to drastically improve the world. <br /><br />Produced in collaboration with PBS Digital Studios: http://youtube.com/pbsdigitalstudios <br /><br />Want to know more about Carrie Anne?<br />https://about.me/carrieannephilbin<br /><br />The Latest from PBS Digital Studios: https://www.youtube.com/playlist?list=PL1mtdjDVOoOqJzeaJAV15Tq0tZ1vKj7ZV<br /><br />Want to find Crash Course elsewhere on the internet?<br />Facebook - https://www.facebook.com/YouTubeCrash...<br />Twitter - http://www.twitter.com/TheCrashCourse<br />Tumblr - http://thecrashcourse.tumblr.com <br />Support Crash Course on Patreon: http://patreon.com/crashcourse<br />CC Kids: http://www.youtube.com/crashcoursekids',
        'technology', 3, 238083),
       ('zxHDbvQ6S7sw0eX2DbjOayaIBOFFhFebxnRbAZ2MhPy7riAdTLTP4CUNXDTeRY63', 'Psychology of Computing', 0,
        'We?ve spent most of this series talking about computers. Which makes sense - this is Crash Course COMPUTER SCIENCE after all. But at their core computers are tools employed by humans and humans are pretty complicated. So today, we?re going to discuss some psychological considerations in building computers like how to make them easier for humans to use, the uncanny valley problem when humanoid robots gets more and more humanlike, and strategies to make our devices work better with us by incorporating our emotions and even altering our gaze. Oh, and we&#x27;ll talk about Carrie Anne&#x27;s all time favorite user interface design principle - knurling. <br /><br />Produced in collaboration with PBS Digital Studios: http://youtube.com/pbsdigitalstudios <br /><br />Want to know more about Carrie Anne?<br />https://about.me/carrieannephilbin<br /><br />The Latest from PBS Digital Studios: https://www.youtube.com/playlist?list=PL1mtdjDVOoOqJzeaJAV15Tq0tZ1vKj7ZV<br /><br />Want to find Crash Course elsewhere on the internet?<br />Facebook - https://www.facebook.com/YouTubeCrash...<br />Twitter - http://www.twitter.com/TheCrashCourse<br />Tumblr - http://thecrashcourse.tumblr.com <br />Support Crash Course on Patreon: http://patreon.com/crashcourse<br />CC Kids: http://www.youtube.com/crashcoursekids',
        'technology', 3, 202118),
       ('Ew7JsRmjI9WmU8G6FygiY9y4NFxpFNFCdSvbDhPUnQrSQtLtdX4gSPyHFMbCEdkS', 'Educational Technology', 0,
        'Today we?re going to go a little meta and talk about how computer science can support learning with educational technology. We here at Crash Course are big fans of interactive in-class learning and hands-on experiences, but we also believe in the additive power of educational technology inside and outside the classroom from the Internet itself and Massive Open Online Courses, or MOOCs to AI driven intelligent tutoring systems and virtual reality.<br /><br />Produced in collaboration with PBS Digital Studios: http://youtube.com/pbsdigitalstudios <br /><br />Want to know more about Carrie Anne?<br />https://about.me/carrieannephilbin<br /><br />The Latest from PBS Digital Studios: https://www.youtube.com/playlist?list=PL1mtdjDVOoOqJzeaJAV15Tq0tZ1vKj7ZV<br /><br />Want to find Crash Course elsewhere on the internet?<br />Facebook - https://www.facebook.com/YouTubeCrash...<br />Twitter - http://www.twitter.com/TheCrashCourse<br />Tumblr - http://thecrashcourse.tumblr.com <br />Support Crash Course on Patreon: http://patreon.com/crashcourse<br />CC Kids: http://www.youtube.com/crashcoursekids',
        'technology', 3, 179381),
       ('0k88B4FfQeeJr7Nk8aGb3HCOMPW9Ji5glTW5dXLQ84j2OFJtL8kLJVgafDOnHFFs',
        'The Singularity, Skynet, and the Future of Computing', 0,
        'In our SERIES FINALE of Crash Course Computer Science we take a look towards the future! In the past 70 years electronic computing has fundamentally changed how we live our lives, and we believe it?s just getting started. From ubiquitous computing, artificial intelligence, and self-driving cars to brain computer interfaces, wearable computers, and maybe even the singularity there is so much amazing potential on the horizon. Of course there is also room for peril with the rise of artificial intelligence and more immediate displacement of much of the workforce through automation. It?s tough to predict how it will all shake out, but it?s our hope that this series has inspired you to take part in shaping that future. Thank you so much for watching.      <br /><br />Produced in collaboration with PBS Digital Studios: http://youtube.com/pbsdigitalstudios <br /><br />Want to know more about Carrie Anne?<br />https://about.me/carrieannephilbin<br /><br />The Latest from PBS Digital Studios: https://www.youtube.com/playlist?list=PL1mtdjDVOoOqJzeaJAV15Tq0tZ1vKj7ZV<br /><br />Want to find Crash Course elsewhere on the internet?<br />Facebook - https://www.facebook.com/YouTubeCrash...<br />Twitter - http://www.twitter.com/TheCrashCourse<br />Tumblr - http://thecrashcourse.tumblr.com <br />Support Crash Course on Patreon: http://patreon.com/crashcourse<br />CC Kids: http://www.youtube.com/crashcoursekids',
        'technology', 3, 300881);

INSERT INTO db.course_videos
    (video_tag, course_tag, `order`)
VALUES ('xhCCS0B2y4EVMTnPXeVZmrS7WqCOmQRcq6S3xlTWcbd5sBYQSEX1xi1kHArEI07g',
        'OMguX20nFIAGbVdmbgQPPvsKWmeZdhJUQQgERTn8ZchwTBuhtIiURcEmV96W87OL', 0),
       ('oUouKfX1mtpdk2tO32RHo4qvwe8CWnjb7FvGuQv7xWMuIvrwV8zCeiJ7ENpCeVDa',
        'OMguX20nFIAGbVdmbgQPPvsKWmeZdhJUQQgERTn8ZchwTBuhtIiURcEmV96W87OL', 1),
       ('PuCtyxrjQhgquOaP1id9lF184RtU2gROxTXJnFBKTDJCa1BMCo96JTVu7MIEabxs',
        'OMguX20nFIAGbVdmbgQPPvsKWmeZdhJUQQgERTn8ZchwTBuhtIiURcEmV96W87OL', 2),
       ('YCFROJ8MbiOc5WzFxZrE4DiCtHfeipPoY9JOYfoqmDqNlzWBdjdO7ox3W4AqU7Hv',
        'OMguX20nFIAGbVdmbgQPPvsKWmeZdhJUQQgERTn8ZchwTBuhtIiURcEmV96W87OL', 3),
       ('i5qwov730nuRSWyP1bR7WQKCWCTcVKKL1cAkKtzDFiICDL1welNwbPrW1N2htxgX',
        'OMguX20nFIAGbVdmbgQPPvsKWmeZdhJUQQgERTn8ZchwTBuhtIiURcEmV96W87OL', 4),
       ('UGIRl0jNJz97PBYhkC6PlJNTARdzGEEYGN8xbxI1l10TOTyR6xKrG85j1jlBpJSb',
        'OMguX20nFIAGbVdmbgQPPvsKWmeZdhJUQQgERTn8ZchwTBuhtIiURcEmV96W87OL', 5),
       ('vuUS979n1352TEaBfpQCUBEQH5EJeh8Wm61cd2Fxul0ziZsvDbmap8DUWLe47coJ',
        'OMguX20nFIAGbVdmbgQPPvsKWmeZdhJUQQgERTn8ZchwTBuhtIiURcEmV96W87OL', 6),
       ('ZmfkIvCxLuFICogyzpZmqJQ45Rk3b6BIvujSJ8G1GIwJO2Z7cMctAYEdA0Lk6S98',
        'OMguX20nFIAGbVdmbgQPPvsKWmeZdhJUQQgERTn8ZchwTBuhtIiURcEmV96W87OL', 7),
       ('8y2gcUk6EzWebxKFcoe8sdXW2vShBMrJ7iHoVPv7E5Q2YE6MzIwFaZuxnIlKGB8J',
        'OMguX20nFIAGbVdmbgQPPvsKWmeZdhJUQQgERTn8ZchwTBuhtIiURcEmV96W87OL', 8),
       ('dAhDySDKAXk8eD21VwxapTgUlGfIjcq66CYH6cE0qcUhT7JYL9xctNDkCjvdAPNx',
        'OMguX20nFIAGbVdmbgQPPvsKWmeZdhJUQQgERTn8ZchwTBuhtIiURcEmV96W87OL', 9),
       ('Cqon32pgoULczwPh9Q3rr8kFvNPvanJ2Q37UeQ83PELvfHTDOmLXhBIdSo9LKkHA',
        'OMguX20nFIAGbVdmbgQPPvsKWmeZdhJUQQgERTn8ZchwTBuhtIiURcEmV96W87OL', 10),
       ('NxBQZuMBPD6ghtruvxchkHAxdQIC5i04xlsNardmVIWJnRiEPefPkDuivZiLAS7f',
        'OMguX20nFIAGbVdmbgQPPvsKWmeZdhJUQQgERTn8ZchwTBuhtIiURcEmV96W87OL', 11),
       ('lcbQ70JdAjQzfen3iNI0K5q6GUI9UPrwAvpdNDvn5sTbmZJfO2xXlOCD8Zkit12n',
        'OMguX20nFIAGbVdmbgQPPvsKWmeZdhJUQQgERTn8ZchwTBuhtIiURcEmV96W87OL', 12),
       ('aQ4d6z0cPHpSte60uh9evJieYlGqDCkn1el81jjp9rFSrocDj3gPq8ZnGIRLDKKJ',
        'OMguX20nFIAGbVdmbgQPPvsKWmeZdhJUQQgERTn8ZchwTBuhtIiURcEmV96W87OL', 13),
       ('fbtvj2QI1qB23qWwTEaFz4Rx6sBJtrWnJm0YrqYjubGQncxp3ALYDghW0eqS9b28',
        'OMguX20nFIAGbVdmbgQPPvsKWmeZdhJUQQgERTn8ZchwTBuhtIiURcEmV96W87OL', 14),
       ('mklCWgL6WT2j5UlMM3U4lAfECoG32ctCo4KxrRN3uLFIgtqXwFuvDgMqWjsgr8n5',
        'OMguX20nFIAGbVdmbgQPPvsKWmeZdhJUQQgERTn8ZchwTBuhtIiURcEmV96W87OL', 15),
       ('SVLhvaoMz7VaIpxIBv8j5L7pVca2f7DTYIf4Jp6TrCJkGdcqlHwNoJEPbulgJgQg',
        'OMguX20nFIAGbVdmbgQPPvsKWmeZdhJUQQgERTn8ZchwTBuhtIiURcEmV96W87OL', 16),
       ('ZCOztGx9Lgy7oEKHlPtqYBHwXtUwDz4tme0jGYxTIYdEYhyG7WTzDTrKVBgvY8nV',
        'OMguX20nFIAGbVdmbgQPPvsKWmeZdhJUQQgERTn8ZchwTBuhtIiURcEmV96W87OL', 17),
       ('1JzLVPq5iMNdUluyJuXQoKmGDChI8CZbwgJZARZoYhOfLmE5e6dUt22VKb9f4Ka8',
        'OMguX20nFIAGbVdmbgQPPvsKWmeZdhJUQQgERTn8ZchwTBuhtIiURcEmV96W87OL', 18),
       ('ECqe8kovWf4qluVApIfPiL3NAT186zuICfGVn7f6oxU7HXsierPRrexB2279xepf',
        'OMguX20nFIAGbVdmbgQPPvsKWmeZdhJUQQgERTn8ZchwTBuhtIiURcEmV96W87OL', 19),
       ('QD2YGWAE3XsIgnQf08KhdynMAmajlHRtuVBfmVXMCd8m2EIYSV3c1dCejqJbvh9R',
        'OMguX20nFIAGbVdmbgQPPvsKWmeZdhJUQQgERTn8ZchwTBuhtIiURcEmV96W87OL', 20),
       ('73DJrnG5GZzuEq0QQHW62mJLqLG6hBr2pkbsxI4nG3NPBXWWhchUPBuG9HjeA3LE',
        'OMguX20nFIAGbVdmbgQPPvsKWmeZdhJUQQgERTn8ZchwTBuhtIiURcEmV96W87OL', 21),
       ('ynTRbLHkGB8JDuMoPbeNFdhqCxqaOJe3PPxyfSkjPssD9CtprgXHKgnneWGLaAwt',
        'OMguX20nFIAGbVdmbgQPPvsKWmeZdhJUQQgERTn8ZchwTBuhtIiURcEmV96W87OL', 22),
       ('Qosa4f6VUntSxDkwsIPiIGLKROqNNp4FqTLfZ8NszFNbYPnuWALq0bp5VlNwZbIp',
        'OMguX20nFIAGbVdmbgQPPvsKWmeZdhJUQQgERTn8ZchwTBuhtIiURcEmV96W87OL', 23),
       ('gj1ymeciE7gBpA2VRTd1SlD3Dc1YiwxrJcA31sA32cHXBVSjiMLGCYnUzwnvGSEi',
        'OMguX20nFIAGbVdmbgQPPvsKWmeZdhJUQQgERTn8ZchwTBuhtIiURcEmV96W87OL', 24),
       ('nGcN9fqULxPVEUQTUwY2eEgfmtLi2TIh3bE0xgHjC7CLd3qJaJ1ZdbXvyfQ1IvLq',
        'OMguX20nFIAGbVdmbgQPPvsKWmeZdhJUQQgERTn8ZchwTBuhtIiURcEmV96W87OL', 25),
       ('tXaSgz34sgybnXL4oTn415ENL11v7Yja80pgPSACe8ihINNG1IUrMdVMkvOZwf67',
        'OMguX20nFIAGbVdmbgQPPvsKWmeZdhJUQQgERTn8ZchwTBuhtIiURcEmV96W87OL', 26),
       ('QYVzzhsHr1IwvQhaWLvmge6gBLNHsMoDfG2pSiNuNowkNIh2F5NjnILRaFTo7rsF',
        'OMguX20nFIAGbVdmbgQPPvsKWmeZdhJUQQgERTn8ZchwTBuhtIiURcEmV96W87OL', 27),
       ('zpDnGh2QiI8zq4Ws6okTp5jsAgo8L475wPACYRAqjiptPKaGy4GOVzi4iTWBnhFJ',
        'OMguX20nFIAGbVdmbgQPPvsKWmeZdhJUQQgERTn8ZchwTBuhtIiURcEmV96W87OL', 28),
       ('4Y90kkpcDWx6BuXrBhQUDs3etZowE94Grd4JzIkkZGHFDccmXFPEy3yv6OH5QL3h',
        'OMguX20nFIAGbVdmbgQPPvsKWmeZdhJUQQgERTn8ZchwTBuhtIiURcEmV96W87OL', 29),
       ('MUUttWx4W4jXCcskrSpViVTBvmTuUyVZ2aJ2NaeW73sMNRmDGo80sLf5RZBxu9Tq',
        'OMguX20nFIAGbVdmbgQPPvsKWmeZdhJUQQgERTn8ZchwTBuhtIiURcEmV96W87OL', 30),
       ('K1UlqqQyVOR4QE6Ef8SFBMwDMuU7USUEpQG6t6Fv2FIXREBCWo1lSkpbAN1raN8V',
        'OMguX20nFIAGbVdmbgQPPvsKWmeZdhJUQQgERTn8ZchwTBuhtIiURcEmV96W87OL', 31),
       ('vD5W43mDL7nCQ5WmHYAZl4rFt5ONPfZ4NbdtvwN6l6MLEgR3mE9FEH1eAXRFrpov',
        'OMguX20nFIAGbVdmbgQPPvsKWmeZdhJUQQgERTn8ZchwTBuhtIiURcEmV96W87OL', 32),
       ('8TL91bdQnRKzDrtWTjiIHbkHp043csso3Yv0TKUhN82Y7GFbBYwOm3O72AbXzUFO',
        'OMguX20nFIAGbVdmbgQPPvsKWmeZdhJUQQgERTn8ZchwTBuhtIiURcEmV96W87OL', 33),
       ('SMI6FMsz0ctQQdYx14TZTyCS7xdRE0cMMgTPwkum89A2ay5IEBohIOeJYffB8DB5',
        'OMguX20nFIAGbVdmbgQPPvsKWmeZdhJUQQgERTn8ZchwTBuhtIiURcEmV96W87OL', 34),
       ('II6Wn9sjfn6a4uMhr9wudmewLlhNocdclRWoE5lxUpvu1AdPtgbYwYfIBYhyJYiV',
        'OMguX20nFIAGbVdmbgQPPvsKWmeZdhJUQQgERTn8ZchwTBuhtIiURcEmV96W87OL', 35),
       ('yJRvhy4jellwVGoTjNUUWDSXuFYbaXk6zdhr2RIANNNJRiDEmOp54CTlZAeECENg',
        'OMguX20nFIAGbVdmbgQPPvsKWmeZdhJUQQgERTn8ZchwTBuhtIiURcEmV96W87OL', 36),
       ('jud7bXJBVKhuz4xEHJFSTTd6hm1uAqLm5zUX258X5g7nuVnqwdxumaOipaGuPRq9',
        'OMguX20nFIAGbVdmbgQPPvsKWmeZdhJUQQgERTn8ZchwTBuhtIiURcEmV96W87OL', 37),
       ('zxHDbvQ6S7sw0eX2DbjOayaIBOFFhFebxnRbAZ2MhPy7riAdTLTP4CUNXDTeRY63',
        'OMguX20nFIAGbVdmbgQPPvsKWmeZdhJUQQgERTn8ZchwTBuhtIiURcEmV96W87OL', 38),
       ('Ew7JsRmjI9WmU8G6FygiY9y4NFxpFNFCdSvbDhPUnQrSQtLtdX4gSPyHFMbCEdkS',
        'OMguX20nFIAGbVdmbgQPPvsKWmeZdhJUQQgERTn8ZchwTBuhtIiURcEmV96W87OL', 39),
       ('0k88B4FfQeeJr7Nk8aGb3HCOMPW9Ji5glTW5dXLQ84j2OFJtL8kLJVgafDOnHFFs',
        'OMguX20nFIAGbVdmbgQPPvsKWmeZdhJUQQgERTn8ZchwTBuhtIiURcEmV96W87OL', 40);

INSERT INTO db.items
    (tag, type, price)
VALUES ('JlA5225kcCAN2VIKm7Pd6g1yBqhUBk9OBNypQEidQSyyxL0pHciOfucsv0ac8FCV', 'course', 5.00),
       ('ulPAlg617zhzUuhjKu2yE7OXdiACQLI0pRyrTZEviSNfZODLI0nx4MnROZy6Q7og', 'video', 0.00),
       ('JlvLT2xeanaiKXmPynODS6zazXmU6XIBz2cvtDr4mOVhq4FZd4zSMHEaFIzjSiBf', 'video', 0.91),
       ('b8efmKANsf61xoMIZxhWde7YMAooipwZOfwFYN8w4jZFAZd03X0MM9ubY5NOLZbG', 'video', 2.60),
       ('mNBIInmN1qugxbiGDvoIAbDRLiepGUSp7O9A6zJYb9OLnRkfjNybjYpnvrBBFoir', 'video', 1.85),
       ('7FCVG9zEWGR26pHTmtdULzrE0NRWs0x4FxsSCX4yhrWBXc2HQRyPD2QtrdxQtUlf', 'video', 0.96),
       ('VStAAHFRV3hA8rQYY4bhpHyNOOuP72FBgMbxuqwrEuXbTl1aV9tJNky6VgpHkDNA', 'video', 0.70);

INSERT INTO db.courses
    (tag, name, description, subject, creator, views)
VALUES ('JlA5225kcCAN2VIKm7Pd6g1yBqhUBk9OBNypQEidQSyyxL0pHciOfucsv0ac8FCV', 'Indigenous Insights',
        'Extra conservation course by IUCN', 'geography', 4, 1263);


INSERT INTO db.videos
    (tag, name, free, description, subject, uploader, views)
VALUES ('ulPAlg617zhzUuhjKu2yE7OXdiACQLI0pRyrTZEviSNfZODLI0nx4MnROZy6Q7og', 'An end-of-the-year reflection', 1,
        'Ramiro Batzin  Sotz\'il Director and IUCN Councillor  reflects on this year\'s achievements and on the challenges ahead.',
        'geography', 4, 136),
       ('JlvLT2xeanaiKXmPynODS6zazXmU6XIBz2cvtDr4mOVhq4FZd4zSMHEaFIzjSiBf', 'Biodiversity and climate change', 0,
        'Hiplito Acevei, Antolina Gonzlez, Taguide Picanerai and Flordelina Yegros from Federacin por la Autodeterminacin de los Pueblos Indgenas (FAPI), Paraguay, call for the international community to recognise Indigenous Peoples as biodiversity and climate change leaders and to include them in environmental decision-making.',
        'geography', 4, 152),
       ('b8efmKANsf61xoMIZxhWde7YMAooipwZOfwFYN8w4jZFAZd03X0MM9ubY5NOLZbG', 'Indigenous Food Systems', 0,
        'Brenda Asuncion, Hui Mlama Loko Ia Coordinator of Kuaina Ulu Auamo (an IUCN Indigenous Peoples Organisation Member) highlights the importance of resilient indigenous food systems  and how the World Summit of Indigenous Peoples and Nature, which will be held on 3 September 2021, promotes indigenous priorities.',
        'geography', 4, 261),
       ('mNBIInmN1qugxbiGDvoIAbDRLiepGUSp7O9A6zJYb9OLnRkfjNybjYpnvrBBFoir', 'Indigenous governance and conservation', 0,
        'Ramiro Batzin, IUCN Councillor and Director of Sotz\'il  an indigenous organisation from Guatemala, highlights the important and intrinsic relationship between indigenous governance and conservation ahead of the World Summit of Indigenous Peoples and Nature on 3 September 2021.',
        'geography', 4, 251),
       ('7FCVG9zEWGR26pHTmtdULzrE0NRWs0x4FxsSCX4yhrWBXc2HQRyPD2QtrdxQtUlf', 'Indigenous Women Leaders', 0,
        'Florina Lopez (RMIB-LAC), a Guna leader from Panama, Luz Fernandez (FIMI), a Wayuu leader from Venezuela, and Lola Cabnal (Ak\'Tenamit), a Maya Q\'eqchi\' leader from Guatemala reaffirm that their leadership as indigenous women is vital for the protection of Mother Earth. Diphetogo Anita Lekgowa (IPACC), a San leader from Botswana and Jennifer Tauli Corpuz, a Kankanaey-Igorot leader from the Philippines call on the global community to join us at the IUCN World Conservation Congress!',
        'geography', 4, 349),
       ('VStAAHFRV3hA8rQYY4bhpHyNOOuP72FBgMbxuqwrEuXbTl1aV9tJNky6VgpHkDNA',
        'Protecting 80% of the Amazon by 2025 (80 x 25)', 0,
        'Gregorio Mirabal  COICA General Coordinator - calls for the international community to support the 80 x 25 initiative to avoid the point of no return.',
        'geography', 4, 114);

INSERT INTO db.course_videos
    (video_tag, course_tag, `order`)
VALUES ('ulPAlg617zhzUuhjKu2yE7OXdiACQLI0pRyrTZEviSNfZODLI0nx4MnROZy6Q7og',
        'JlA5225kcCAN2VIKm7Pd6g1yBqhUBk9OBNypQEidQSyyxL0pHciOfucsv0ac8FCV', 0),
       ('JlvLT2xeanaiKXmPynODS6zazXmU6XIBz2cvtDr4mOVhq4FZd4zSMHEaFIzjSiBf',
        'JlA5225kcCAN2VIKm7Pd6g1yBqhUBk9OBNypQEidQSyyxL0pHciOfucsv0ac8FCV', 1),
       ('b8efmKANsf61xoMIZxhWde7YMAooipwZOfwFYN8w4jZFAZd03X0MM9ubY5NOLZbG',
        'JlA5225kcCAN2VIKm7Pd6g1yBqhUBk9OBNypQEidQSyyxL0pHciOfucsv0ac8FCV', 2),
       ('mNBIInmN1qugxbiGDvoIAbDRLiepGUSp7O9A6zJYb9OLnRkfjNybjYpnvrBBFoir',
        'JlA5225kcCAN2VIKm7Pd6g1yBqhUBk9OBNypQEidQSyyxL0pHciOfucsv0ac8FCV', 3),
       ('7FCVG9zEWGR26pHTmtdULzrE0NRWs0x4FxsSCX4yhrWBXc2HQRyPD2QtrdxQtUlf',
        'JlA5225kcCAN2VIKm7Pd6g1yBqhUBk9OBNypQEidQSyyxL0pHciOfucsv0ac8FCV', 4),
       ('VStAAHFRV3hA8rQYY4bhpHyNOOuP72FBgMbxuqwrEuXbTl1aV9tJNky6VgpHkDNA',
        'JlA5225kcCAN2VIKm7Pd6g1yBqhUBk9OBNypQEidQSyyxL0pHciOfucsv0ac8FCV', 5);

INSERT INTO db.items
    (tag, type, price)
VALUES ('S6jKULL8iXYK6zzf10bPuA7e6zcHhLAO6Ng2QcHcePIEmz0z0RZ7dPrQ5jcHN11G', 'course', 50.00),
       ('An4ydD6EIcKRp9Ueiz5cgBwgfxp079KLkRLEF23gJvVZITjfTZ9TjXZWoEFtbVF0', 'video', 0.00),
       ('hAktg8AjcirdASWIhqG4lFJnWXps7yuK4bXFFDovOuqKS6lFmKNagK2sVmdrsK7q', 'video', 2.74),
       ('JuPLglUVV0ZgWKfHdfpyN2N7zGdjrzzXDbUqBjEBQ9P0ec86dApoZq7XtJS9OkFF', 'video', 1.30),
       ('DZ8T8FfASgnsSj5N5E8K7FxCjVwPIp2FHiTRoZDUBe0tzp93VHexLVyVi1J8zOKj', 'video', 0.53),
       ('LgJkAvnpmMuXy71n4T56OYDOI8IGJDvhSJCPSTue9jxss0XBYvoBvLbFn5jcqncx', 'video', 1.24),
       ('ElKnYOZ26Y6hu32C8pmpmUJdTlvq9S3QeSApeK7BkksTxHm1CaOawLUYpaMDOY8W', 'video', 1.21),
       ('NVjMYOVCDOWaVWnWZZq3bjZoqTO6YQDUsZoANfE8Ja44PlNxVQJpbf5eBGYO1Q4B', 'video', 2.72),
       ('Q7iqTqIgQ5cAxdxqdmfrWf9w2LISjbvtTJCoKivyXyOw3rde0qlad7jjN5j3iqok', 'video', 0.84),
       ('b0Bdfq8oGYRDudyhkKIIJLd1VoFzIyJOJg30j0B3kCqX2OgfSGYPciVzexDDIbyo', 'video', 0.92),
       ('BRhp3SMYxWvCeiXuTOaq2w2U9fsvIMBVGBoRg446qp98D16jyPJKwOFjaNSgFPOI', 'video', 2.71),
       ('SN4gIFI8PXsfANMRRzBVcRsPYS0edmCBsPSPUDdfviQjLLzKe9J6OanDBQ8j43Q2', 'video', 2.14),
       ('YqfNDwUUK7TREqoJuuoTdn5pW2vwOyjwDHgrTJKCljdsor9UlI8EFManVPB2HfeO', 'video', 2.99),
       ('73iWPh3j2nV6Xye8wGQNy6F3sBln5QtN0kAr6knBSxV1WULrfd4w1T20GB6IrEoT', 'video', 1.63),
       ('ov9erYdFzLxDcZBgBBi3vzCc7cJ7vH6d6XpxHHL4XK11E06OEejRVKBX0uJtpoJJ', 'video', 2.39),
       ('pxnbXwVBOJBUmt32KcRkDUYDyitRb3kGsndVLeYkmq9iy2EVP4eniNfoAKbS6W6O', 'video', 2.78),
       ('R2cdXh978NbLyR99ySWXx02Is12xyTVm085X8JRrv61Mxl4MusmI4f8tfSEtA3D5', 'video', 1.62),
       ('lXGvvcNxrYQsVWZakvsMrLNvpl5B5qNIXQsjMPfNdaVTyd20Bapzi8JkhZYx9kEM', 'video', 0.79),
       ('iEhb4z4SsmWEdy4ZLEdncwDIP8xsQhBlyb3JAvbqA11DXVsAY0GKxzpnt8RCgLWL', 'video', 0.57),
       ('RrLlwSZZOxwYY9WUYpy4x355RN3u6kzYlhk57IPVB874kdCobtW4NJ44FxtHC2rM', 'video', 1.77),
       ('fn03zsKVPWbLPczrdb1OwGeIz5Ieq9zfrbaDArlRwHMyONr7hQrMoqGFuBY8bQdE', 'video', 2.48),
       ('APLQGbS7qURVt21XlvFNuXi6q4o3brcpz4aZxlyrovpdV4TNhlywuLu12cQ6E9U1', 'video', 2.76),
       ('kTu7c7L94jNQ2QNPmjuaFltsIfY9TC062EQIuAg6zKQhBalok2OoUrTBkUXYQK5U', 'video', 1.27),
       ('ara0h62LJzu015FHJTYTkvozC0YXypmIkVeLnTe1zktUFkoLJJgI9yUBYYtZ7aSW', 'video', 0.74),
       ('GiBNtgfvVSy7hsYk3bUOuTCBRwhSmgBAJlKLgBq1bavkhEyhqsVS0remBd7lPQDU', 'video', 2.31),
       ('SdtYOXK29Z2SNH2lVZFZgdVJFG9RsGrDvZwVXbLUMOC6VOGe2BEXKmsihWJIFbj2', 'video', 2.23),
       ('ICv3DpUv2Zh6CzDhrc1GiEXGfO5IZyXir73YZwQ3qSkfmlWN7o2g9J6V5Yf3tsLW', 'video', 2.83),
       ('yCiYFetj4nq1idxAIwm53QoxwKzbMZkLl10K9PRq8zoF8U4jnLZq5mIzkjZyOchT', 'video', 0.98),
       ('SSuy0jqtaKfVBBWgwfOwue8l8nDuCSjoTPZhQSXa3bxO0z1jtIHjxUHuKKgUu4Dz', 'video', 1.14),
       ('ElSci5DpZQZBJbxATHDnYBD5JKrAAs7Kbokvai2BUQCXWQexxhEfSKyonQpIcaOz', 'video', 2.51),
       ('pTzG37a43wATs4KZi2OwUph5eL4Jd2PLbxAUWvJrL2EKmGjy1dX2QLSzfBYWjzS9', 'video', 1.93),
       ('1mQTY9j6zWTJPzHocljq2UuUClbKK67hlBqBmJyiexCD9NoeoY8qnoRrfSy6SLg4', 'video', 1.01),
       ('4R7YLBMFFDR27zo4KLD03eTvFIm6vOzwOOuDgAithq20A3GGiwKLF88wj3ltYjav', 'video', 1.92),
       ('YIa4FyEuOo5pySzqSIIUGyHq4Hpg5ANdIulX8LhSkHQCofC60HvED63rYgAa8lHP', 'video', 2.80),
       ('YzagZh1HRRDqjeGvb0taNsPz1206Z0bA7MHn5AutfJD9fip5vFWTujzj7Dnoept0', 'video', 2.32),
       ('FUbOJ5EAvIDZqhWfUoZ40gBQdrrGjUD3yLA8yWBHdzTkNLebhGGgl5LstuwY0Mlv', 'video', 2.47),
       ('umXUFKyqYJJTfptiBS3HQwaApBWp0GJufbqpkRKKrfB1Z1s9dsZLAUlFL0unlKdu', 'video', 0.91),
       ('pq1VrYkw3Xw6y6dxAY49BcGfS0jqDWRB2ftJCxSOsRfComkk2mGjihusP2BeWysP', 'video', 1.43),
       ('atIY9ivXyHcC1mQH0P2PdEisMbc0kew1xFy3lJQa8a4MhFVLwoqxddJPs47vEeUC', 'video', 2.70),
       ('vYbgHngK6x4HTaptf4XpDXJXIrDgGwJpmJokqkTfro0ehuY7nJgeuaBGA1nzUhqj', 'video', 2.71),
       ('EgTYtv7LTdlyb4O6cuvX8J7EWhlKarRCI0uSgSZBU3qXGLYwI9VUKRToQb7BKNjQ', 'video', 1.92),
       ('oxq5ofokl76JHIZ9Bvpud8lFk1QK5xM224d8VUNvl2obf9AtMkGpQx49w8bEd81j', 'video', 1.48),
       ('S80pCq2d6b5Yt3XuBdbePdCVq4wGzm0kU2mQakmWj2Y9iHY0otCSEpmaBm6TLcbU', 'video', 2.02),
       ('j778MuAM7I23Zu26o9lG5YFtIe0rICOlgRG2PB32U4QuF72TvXj5SXrJiydhL0OL', 'video', 2.11),
       ('KOeKc66aUIL6xpgp5YgLyiVpjdxwyDywtBhfj8e7aW3WvAJFziOcJ7PwEIVHG9ot', 'video', 2.51),
       ('MLUhBTFWdu9IgDTmXEvGAgbGow9ElcgiAX1pkbwDkW9660xYPUAf0pnlUiKwFUFq', 'video', 2.93),
       ('Yfix5d20Xfn0uN7nsXdxgBE59ZFbNN2Q1PUp7ccAvOcLAFLv4wAy13r5Vqk22He9', 'video', 1.71),
       ('FFxyv6KVkgJjrInrrFIiOwjOLuvHSpmzYnSEY3E9Ymelwr6uAFQU420u7A1cFldN', 'video', 1.31);

INSERT INTO db.courses
    (tag, name, description, subject, creator, views)
VALUES ('S6jKULL8iXYK6zzf10bPuA7e6zcHhLAO6Ng2QcHcePIEmz0z0RZ7dPrQ5jcHN11G', 'Crash Course Physics',
        'Want to learn more about the amazing rules behind the physical phenomenae in this world? Buy this course!',
        'physics', 3, 51820947);


INSERT INTO db.videos
    (tag, name, free, description, subject, uploader, views)
VALUES ('An4ydD6EIcKRp9Ueiz5cgBwgfxp079KLkRLEF23gJvVZITjfTZ9TjXZWoEFtbVF0', 'Crash Course Physics Preview', 1,
        'It&#x27;s
time! Crash Course Physics is coming soon and here is your introduction to our host for this series, Dr. Shini Somara. You can find out more about her linked below! <br /><br />What is AP Physics? Check it out here: https://advancesinap.collegeboard.org/stem/physics<br /><br />Twitter: https://twitter.com/shinisomara<br />IMDB: http://www.imdb.com/name/nm4997483/?r...<br />Website: http://www.drshinisomara.com/<br /><br />***<br /><br />Crash Course is on Patreon! You can support us directly by signing up at http://www.patreon.com/crashcourse<br /><br />Thanks to the following Patrons for their generous monthly contributions that help keep Crash Course free for everyone forever:<br /><br />Mark, Eric Kitchen, Jessica Wode, Jeffrey Thompson, Steve Marshall, Moritz Schmidt, Robert Kunz, Tim Curwick, Jason A Saslow, SR Foxley, Elliot Beter, Jacob Ash, Christian, Jan Schmid, Jirat, Christy Huddleston, Daniel Baulig, Chris Peters, Anna-Ester Volozh, Ian Dundore, Caleb Weeks<br /><br />--<br /><br />Want to find Crash Course elsewhere on the internet?<br />Facebook - http://www.facebook.com/YouTubeCrashC...<br />Twitter - http://www.twitter.com/TheCrashCourse<br />Tumblr - http://thecrashcourse.tumblr.com <br />Support Crash Course on Patreon: http://patreon.com/crashcourse<br /><br />CC Kids: http://www.youtube.com/crashcoursekids',
        'physics', 3, 1453316),
       ('hAktg8AjcirdASWIhqG4lFJnWXps7yuK4bXFFDovOuqKS6lFmKNagK2sVmdrsK7q', 'Motion in a Straight Line', 0,
        'In this, THE FIRST EPISODE of Crash Course Physics, your host Dr. Shini Somara introduces us to the ideas of motion in a straight line. She talks about displacement, acceleration, time, velocity, and the definition of acceleration. Also, how does a physicist discuss speed as opposed to a police officer? And did you deserve that ticket? You can figure it all out with the help of Physics! <br /><br />--<br /><br />Produced in collaboration with PBS Digital Studios: http://youtube.com/pbsdigitalstudios<br /><br />--<br /><br />Want to find Crash Course elsewhere on the internet?<br />Facebook - http://www.facebook.com/YouTubeCrashC...<br />Twitter - http://www.twitter.com/TheCrashCourse<br />Tumblr - http://thecrashcourse.tumblr.com <br />Support CrashCourse on Patreon: http://www.patreon.com/crashcourse<br /><br />CC Kids: http://www.youtube.com/crashcoursekids<br /><br />Crash Course is on Patreon! You can support us directly by signing up at http://www.patreon.com/crashcourse',
        'physics', 3, 4410823),
       ('JuPLglUVV0ZgWKfHdfpyN2N7zGdjrzzXDbUqBjEBQ9P0ec86dApoZq7XtJS9OkFF', 'Derivatives', 0,
        'CALCULUS! Today we take our first steps into the language of Physics; mathematics. Every branch of science has its own way to describe the things that it investigates. And, with Physics, that&#x27;s math. In this episode, Shini talks us through derivatives and how calculus helps us to understand the world around us. <br /><br />--<br />Produced in collaboration with PBS Digital Studios: http://youtube.com/pbsdigitalstudios<br />--<br /><br />Want to find Crash Course elsewhere on the internet?<br />Facebook - https://www.facebook.com/YouTubeCrashCourse/<br />Twitter - http://www.twitter.com/TheCrashCourse<br />Tumblr - http://thecrashcourse.tumblr.com <br /><br />CC Kids: http://www.youtube.com/crashcoursekids<br /><br />Support CrashCourse on Patreon: http://www.patreon.com/crashcourse',
        'physics', 3, 1707962),
       ('DZ8T8FfASgnsSj5N5E8K7FxCjVwPIp2FHiTRoZDUBe0tzp93VHexLVyVi1J8zOKj', 'Integrals', 0,
        'Continuing with last week&#x27;s calculus introduction, Shini leads us through how integrals can help us figure out things like distance when we have several other essential bits of information. Say, for instance, you wanted to know how far your window was off the ground. You can figure that out by using integrals, a tennis ball, and a stopwatch! It&#x27;s all here in this episode of Crash Course Physics!<br /><br /><br />***<br />Produced in collaboration with PBS Digital Studios: http://youtube.com/pbsdigitalstudios<br /><br />***<br /><br />Crash Course is on Patreon! You can support us directly by signing up at http://www.patreon.com/crashcourse<br /><br />Thanks to the following Patrons for their generous monthly contributions that help keep Crash Course free for everyone forever:<br /><br />Mark, Eric Kitchen, Jessica Wode, Jeffrey Thompson, Steve Marshall, Moritz Schmidt, Robert Kunz, Tim Curwick, Jason A Saslow, SR Foxley, Elliot Beter, Jacob Ash, Christian, Jan Schmid, Jirat, Christy Huddleston, Daniel Baulig, Chris Peters, Anna-Ester Volozh, Ian Dundore, Caleb Weeks<br /><br />--<br /><br />Want to find Crash Course elsewhere on the internet?<br />Facebook - http://www.facebook.com/YouTubeCrashCourse<br />Twitter - http://www.twitter.com/TheCrashCourse<br />Tumblr - http://thecrashcourse.tumblr.com <br />Support Crash Course on Patreon: http://patreon.com/crashcourse<br /><br />CC Kids: http://www.youtube.com/crashcoursekids',
        'physics', 3, 921924),
       ('LgJkAvnpmMuXy71n4T56OYDOI8IGJDvhSJCPSTue9jxss0XBYvoBvLbFn5jcqncx', 'Vectors and 2D Motion', 0,
        'Continuing in our journey of understanding motion, direction, and velocity... today, Shini introduces the ideas of vectors and scalars so we can better understand how to figure out motion in 2 dimensions. But what does that have to do with baseball? Or two baseballs? <br /><br /><br />***<br />Produced in collaboration with PBS Digital Studios: http://youtube.com/pbsdigitalstudios<br /><br />***<br />Crash Course is on Patreon! You can support us directly by signing up at http://www.patreon.com/crashcourse<br /><br />Thanks to the following Patrons for their generous monthly contributions that help keep Crash Course free for everyone forever:<br /><br />Mark, Eric Kitchen, Jessica Wode, Jeffrey Thompson, Steve Marshall, Moritz Schmidt, Robert Kunz, Tim Curwick, Jason A Saslow, SR Foxley, Elliot Beter, Jacob Ash, Christian, Jan Schmid, Jirat, Christy Huddleston, Daniel Baulig, Chris Peters, Anna-Ester Volozh, Ian Dundore, Caleb Weeks<br /><br /><br />--<br /><br />Want to find Crash Course elsewhere on the internet?<br />Facebook - http://www.facebook.com/YouTubeCrashC...<br />Twitter - http://www.twitter.com/TheCrashCourse<br />Tumblr - http://thecrashcourse.tumblr.com <br />Support CrashCourse on Patreon: http://www.patreon.com/crashcourse<br /><br />CC Kids: http://www.youtube.com/crashcoursekids',
        'physics', 3, 1364790),
       ('ElKnYOZ26Y6hu32C8pmpmUJdTlvq9S3QeSApeK7BkksTxHm1CaOawLUYpaMDOY8W', 'Newton\'s Laws', 0,
        'I&#x27;m sure you&#x27;ve heard of Isaac Newton and maybe of some of his laws. Like, that thing about &quot;equal and opposite reactions&quot; and such. But what do his laws mean? And how do they help us understand the world around us? In this episode of Crash Course Physics, Shini talks to us about just that. <br /><br />***<br />Produced in collaboration with PBS Digital Studios: http://youtube.com/pbsdigitalstudios<br /><br />Crash Course is on Patreon! You can support us directly by signing up at http://www.patreon.com/crashcourse<br /><br />Thanks to the following Patrons for their generous monthly contributions that help keep Crash Course free for everyone forever:<br /><br />Mark, Eric Kitchen, Jessica Wode, Jeffrey Thompson, Steve Marshall, Moritz Schmidt, Robert Kunz, Tim Curwick, Jason A Saslow, SR Foxley, Elliot Beter, Jacob Ash, Christian, Jan Schmid, Jirat, Christy Huddleston, Daniel Baulig, Chris Peters, Anna-Ester Volozh, Ian Dundore, Caleb Weeks<br /><br /><br />--<br /><br />Want to find Crash Course elsewhere on the internet?<br />Facebook - http://www.facebook.com/YouTubeCrashC...<br />Twitter - http://www.twitter.com/TheCrashCourse<br />Tumblr - http://thecrashcourse.tumblr.com <br />Support CrashCourse on Patreon: http://www.patreon.com/crashcourse<br /><br />CC Kids: http://www.youtube.com/crashcoursekids',
        'physics', 3, 4016716),
       ('NVjMYOVCDOWaVWnWZZq3bjZoqTO6YQDUsZoANfE8Ja44PlNxVQJpbf5eBGYO1Q4B', 'Friction', 0,
        'This episode is sponsored by Audible. Try Audible: http://audible.com/crashcourse<br /><br />Why is it hard to move a heavy bookcase across a carpeted floor? And why is it easier to keep it moving than it was to get it started moving? You might think it&#x27;s all about weight, but actually it&#x27;s about friction. Two kinds of friction! In today&#x27;s episode of Crash Course Physics, Shini Somara tells us about Static and Kinetic friction; how they work and how they&#x27;re different.<br /><br /><br />***<br /><br />Produced in collaboration with PBS Digital Studios: http://youtube.com/pbsdigitalstudios<br /><br /><br />Crash Course is on Patreon! You can support us directly by signing up at http://www.patreon.com/crashcourse<br /><br />Thanks to the following Patrons for their generous monthly contributions that help keep Crash Course free for everyone forever:<br /><br />Mark, Eric Kitchen, Jessica Wode, Jeffrey Thompson, Steve Marshall, Moritz Schmidt, Robert Kunz, Tim Curwick, Jason A Saslow, SR Foxley, Elliot Beter, Jacob Ash, Christian, Jan Schmid, Jirat, Christy Huddleston, Daniel Baulig, Chris Peters, Anna-Ester Volozh, Ian Dundore, Caleb Weeks<br /><br /><br />--<br /><br />Want to find Crash Course elsewhere on the internet?<br />Facebook - http://www.facebook.com/YouTubeCrashC...<br />Twitter - http://www.twitter.com/TheCrashCourse<br />Tumblr - http://thecrashcourse.tumblr.com <br />Support CrashCourse on Patreon: http://www.patreon.com/crashcourse<br /><br />CC Kids: http://www.youtube.com/crashcoursekids',
        'physics', 3, 1432983),
       ('Q7iqTqIgQ5cAxdxqdmfrWf9w2LISjbvtTJCoKivyXyOw3rde0qlad7jjN5j3iqok', 'Uniform Circular Motion', 0,
        'Did you know that centrifugal force isn&#x27;t really a thing? I mean, it&#x27;s a thing, it&#x27;s just not real. In fact, physicists call it a &quot;fictitious force.&quot; Mind blown yet? To explore this idea further, this week Shini sits down with us to discuss centripetal force, centrifugal force, and a few other bits of physics to help us understand uniform circular motion. <br /><br /><br />***<br /><br />Produced in collaboration with PBS Digital Studios: http://youtube.com/pbsdigitalstudios<br /><br />Crash Course is on Patreon! You can support us directly by signing up at http://www.patreon.com/crashcourse<br /><br />Thanks to the following Patrons for their generous monthly contributions that help keep Crash Course free for everyone forever:<br /><br />Mark, Eric Kitchen, Jessica Wode, Jeffrey Thompson, Steve Marshall, Moritz Schmidt, Robert Kunz, Tim Curwick, Jason A Saslow, SR Foxley, Elliot Beter, Jacob Ash, Christian, Jan Schmid, Jirat, Christy Huddleston, Daniel Baulig, Chris Peters, Anna-Ester Volozh, Ian Dundore, Caleb Weeks<br /><br /><br />--<br /><br />Want to find Crash Course elsewhere on the internet?<br />Facebook - http://www.facebook.com/YouTubeCrashC...<br />Twitter - http://www.twitter.com/TheCrashCourse<br />Tumblr - http://thecrashcourse.tumblr.com <br />Support CrashCourse on Patreon: http://www.patreon.com/crashcourse<br /><br />CC Kids: http://www.youtube.com/crashcoursekids',
        'physics', 3, 1569700),
       ('b0Bdfq8oGYRDudyhkKIIJLd1VoFzIyJOJg30j0B3kCqX2OgfSGYPciVzexDDIbyo', 'Newtonian Gravity', 0,
        'I&#x27;m sure you&#x27;ve all heard about Isaac Newton and that apple that fell on his head and how that was a huge deal to our understanding of gravity. Well... let&#x27;s talk about that. In this episode of Crash Course Physics, Shini sits down to talk about the realities of the apple story and how Newtonian Gravity is more than a little important. <br /><br />***<br /><br />Produced in collaboration with PBS Digital Studios: http://youtube.com/pbsdigitalstudios<br /><br />Crash Course is on Patreon! You can support us directly by signing up at http://www.patreon.com/crashcourse<br /><br />--<br /><br />Want to find Crash Course elsewhere on the internet?<br />Facebook - http://www.facebook.com/YouTubeCrashC...<br />Twitter - http://www.twitter.com/TheCrashCourse<br />Tumblr - http://thecrashcourse.tumblr.com <br />Support CrashCourse on Patreon: http://www.patreon.com/crashcourse<br /><br />CC Kids: http://www.youtube.com/crashcoursekids',
        'physics', 3, 1019867),
       ('BRhp3SMYxWvCeiXuTOaq2w2U9fsvIMBVGBoRg446qp98D16jyPJKwOFjaNSgFPOI', 'Work, Energy, and Power', 0,
        'When you hear the word &quot;work,&quot; what is the first thing you think of? Maybe sitting at a desk? Maybe plowing a field? Maybe working out? Work is a word that has a little bit of a different meaning in physics and today, Shini is going to walk us through it. Also, energy and power!<br />--<br /><br />Produced in collaboration with PBS Digital Studios: http://youtube.com/pbsdigitalstudios<br /><br />--<br /><br />Want to find Crash Course elsewhere on the internet?<br />Facebook - http://www.facebook.com/YouTubeCrashC...<br />Twitter - http://www.twitter.com/TheCrashCourse<br />Tumblr - http://thecrashcourse.tumblr.com <br />Support CrashCourse on Patreon: http://www.patreon.com/crashcourse<br /><br />CC Kids: http://www.youtube.com/crashcoursekids',
        'physics', 3, 2382178),
       ('SN4gIFI8PXsfANMRRzBVcRsPYS0edmCBsPSPUDdfviQjLLzKe9J6OanDBQ8j43Q2', 'Collisions', 0,
        'COLLISIONS! A big part of physics is understanding collisions and how they&#x27;re not all the same. Mass, momentum, and many other things dictate how collisions can be unique. In this episode of Crash Course Physics, Shini sits down to lead us through an understanding of collisions. Plus, she brings along our old friend Sir Isaac Newton. <br /><br />--<br /><br />Produced in collaboration with PBS Digital Studios: http://youtube.com/pbsdigitalstudios<br /><br />--<br /><br />Want to find Crash Course elsewhere on the internet?<br />Facebook - http://www.facebook.com/YouTubeCrashC...<br />Twitter - http://www.twitter.com/TheCrashCourse<br />Tumblr - http://thecrashcourse.tumblr.com <br />Support CrashCourse on Patreon: http://www.patreon.com/crashcourse<br /><br />CC Kids: http://www.youtube.com/crashcoursekids',
        'physics', 3, 1139819),
       ('YqfNDwUUK7TREqoJuuoTdn5pW2vwOyjwDHgrTJKCljdsor9UlI8EFManVPB2HfeO', 'Rotational Motion', 0,
        'Did you know that at a certain point on a moving wheel... there&#x27;s no motion? I mean, kinda... it&#x27;s all relative, right? Prepare to have your mind blown in this episode of Crash Course Physics where Shini delves into the world of rotational motion!<br /><br />--<br /><br />Produced in collaboration with PBS Digital Studios: http://youtube.com/pbsdigitalstudios<br /><br />--<br /><br />Want to find Crash Course elsewhere on the internet?<br />Facebook - http://www.facebook.com/YouTubeCrashC...<br />Twitter - http://www.twitter.com/TheCrashCourse<br />Tumblr - http://thecrashcourse.tumblr.com <br />Support CrashCourse on Patreon: http://www.patreon.com/crashcourse<br /><br />CC Kids: http://www.youtube.com/crashcoursekids',
        'physics', 3, 1030416),
       ('73iWPh3j2nV6Xye8wGQNy6F3sBln5QtN0kAr6knBSxV1WULrfd4w1T20GB6IrEoT', 'Torque', 0,
        'What is torque? This is one of those things that you may have heard about in passing but never really understood. In this episode of Crash Course Physics, Shini sits down with us to discuss what torque is, how it works, why it works, and what it all has to do with this thing called &quot;moment of inertia.&quot; <br /><br />--<br /><br />Produced in collaboration with PBS Digital Studios: http://youtube.com/pbsdigitalstudios<br /><br />--<br /><br />Want to find Crash Course elsewhere on the internet?<br />Facebook - http://www.facebook.com/YouTubeCrashC...<br />Twitter - http://www.twitter.com/TheCrashCourse<br />Tumblr - http://thecrashcourse.tumblr.com <br />Support CrashCourse on Patreon: http://www.patreon.com/crashcourse<br /><br />CC Kids: http://www.youtube.com/crashcoursekids',
        'physics', 3, 957814),
       ('ov9erYdFzLxDcZBgBBi3vzCc7cJ7vH6d6XpxHHL4XK11E06OEejRVKBX0uJtpoJJ', 'Statics', 0,
        'The Physics we&#x27;re talking about today has saved your life! Whenever you walk across a bridge or lean on a building, Statics are at work. Statics is the study of objects when they&#x27;re NOT accelerating. In this episode of Crash Course Physics, Shini talks to us about stretching, compressing, and springing as they relate to statics! Also... Game of Thrones. <br /><br />--<br /><br />Produced in collaboration with PBS Digital Studios: http://youtube.com/pbsdigitalstudios<br /><br />--<br /><br />Want to find Crash Course elsewhere on the internet?<br />Facebook - http://www.facebook.com/YouTubeCrashC...<br />Twitter - http://www.twitter.com/TheCrashCourse<br />Tumblr - http://thecrashcourse.tumblr.com <br />Support CrashCourse on Patreon: http://www.patreon.com/crashcourse<br /><br />CC Kids: http://www.youtube.com/crashcoursekids',
        'physics', 3, 523824),
       ('pxnbXwVBOJBUmt32KcRkDUYDyitRb3kGsndVLeYkmq9iy2EVP4eniNfoAKbS6W6O', 'Fluids at Rest', 0,
        'In this episode of Crash Course Physics, Shini is very excited to start talking about fluids. You see, she&#x27;s a fluid dynamicist and mechanical engineer, so fluids are really important to her. Actually, they&#x27;re really important to anyone studying physics. So, let&#x27;s start down this path of understanding, not only how fluids work, but what they are!<br /><br />--<br /><br />Produced in collaboration with PBS Digital Studios: http://youtube.com/pbsdigitalstudios<br /><br />This episode is sponsored by Audible. Try Audible: http://audible.com/crashcourse<br /><br />--<br /><br />Want to find Crash Course elsewhere on the internet?<br />Facebook - http://www.facebook.com/YouTubeCrashC...<br />Twitter - http://www.twitter.com/TheCrashCourse<br />Tumblr - http://thecrashcourse.tumblr.com <br />Support CrashCourse on Patreon: http://www.patreon.com/crashcourse<br /><br />CC Kids: http://www.youtube.com/crashcoursekids',
        'physics', 3, 873616),
       ('R2cdXh978NbLyR99ySWXx02Is12xyTVm085X8JRrv61Mxl4MusmI4f8tfSEtA3D5', 'Fluids in Motion', 0,
        'Today, we continue our exploration of fluids and fluid dynamics. How do fluids act when they&#x27;re in motion? How does pressure in different places change water flow? And what is one of the motion annoying things about filming outside on a nice day? I&#x27;ll give you a hint on that last one... it&#x27;s lawnmowers. <br /><br />In this episode of Crash Course Physics, Shini talks to us about how fluids in motion are really, really, REALLY powerful things. <br /><br />--<br /><br />Produced in collaboration with PBS Digital Studios: http://youtube.com/pbsdigitalstudios<br /><br />--<br /><br />Want to find Crash Course elsewhere on the internet?<br />Facebook - http://www.facebook.com/YouTubeCrashC...<br />Twitter - http://www.twitter.com/TheCrashCourse<br />Tumblr - http://thecrashcourse.tumblr.com <br />Support CrashCourse on Patreon: http://www.patreon.com/crashcourse<br /><br />CC Kids: http://www.youtube.com/crashcoursekids',
        'physics', 3, 1004506),
       ('lXGvvcNxrYQsVWZakvsMrLNvpl5B5qNIXQsjMPfNdaVTyd20Bapzi8JkhZYx9kEM', 'Simple Harmonic Motion', 0,
        'Bridges... bridges, bridges, bridges. We talk a lot about bridges in physics. Why? Because there is A LOT of practical physics that can be learned from the planning and construction of them. In this episode of Crash Course Physics, Shini talks to us about a particular mistake made in engineering the Millennium Bridge which allows us to talk about simple harmonic motion. <br /><br />--<br /><br />Produced in collaboration with PBS Digital Studios: http://youtube.com/pbsdigitalstudios<br /><br />--<br /><br />Want to find Crash Course elsewhere on the internet?<br />Facebook - http://www.facebook.com/YouTubeCrashC...<br />Twitter - http://www.twitter.com/TheCrashCourse<br />Tumblr - http://thecrashcourse.tumblr.com <br />Support CrashCourse on Patreon: http://www.patreon.com/crashcourse<br /><br />CC Kids: http://www.youtube.com/crashcoursekids',
        'physics', 3, 1345257),
       ('iEhb4z4SsmWEdy4ZLEdncwDIP8xsQhBlyb3JAvbqA11DXVsAY0GKxzpnt8RCgLWL', 'Traveling Waves', 0,
        'Waves are cool. The more we learn about waves, the more we learn about a lot of things in physics. Everything from earthquakes to music! Ropes can tell us a lot about how traveling waves work so, in this episode of Crash Course Physics, Shini uses ropes to talk about how waves carry energy and how different kinds of waves transmit energy differently. <br /><br />--<br /><br />Produced in collaboration with PBS Digital Studios: http://youtube.com/pbsdigitalstudios<br /><br />--<br /><br />Want to find Crash Course elsewhere on the internet?<br />Facebook - http://www.facebook.com/YouTubeCrashC...<br />Twitter - http://www.twitter.com/TheCrashCourse<br />Tumblr - http://thecrashcourse.tumblr.com <br />Support CrashCourse on Patreon: http://www.patreon.com/crashcourse<br /><br />CC Kids: http://www.youtube.com/crashcoursekids',
        'physics', 3, 1524610),
       ('RrLlwSZZOxwYY9WUYpy4x355RN3u6kzYlhk57IPVB874kdCobtW4NJ44FxtHC2rM', 'Sound', 0,
        'We learn a lot about our surroundings thanks to sound. But... what is it exactly? Sound, that is. What is sound? And how does it travel? And what is this doppler effect that we&#x27;ve heard so much about? In this episode of Crash Course Physics, Shini goes over some of the basics (and some of the not-so-basics) of the Physics of Sound. <br /><br />--<br /><br />Produced in collaboration with PBS Digital Studios: http://youtube.com/pbsdigitalstudios<br /><br />--<br /><br />Want to find Crash Course elsewhere on the internet?<br />Facebook - http://www.facebook.com/YouTubeCrashC...<br />Twitter - http://www.twitter.com/TheCrashCourse<br />Tumblr - http://thecrashcourse.tumblr.com <br />Support CrashCourse on Patreon: http://www.patreon.com/crashcourse<br /><br />CC Kids: http://www.youtube.com/crashcoursekids',
        'physics', 3, 1401495),
       ('fn03zsKVPWbLPczrdb1OwGeIz5Ieq9zfrbaDArlRwHMyONr7hQrMoqGFuBY8bQdE', 'The Physics of Music', 0,
        'Music plays a big part in many of our lives. Whether you just like to listen or you enjoy playing an instrument, music is powerful. So what is music? How does it work? What are the physics of music? In this episode of Crash Course Physics, Shini talks to us about how music functions in terms of waves and how these waves interact with our ears. <br /><br />--<br /><br />Produced in collaboration with PBS Digital Studios: http://youtube.com/pbsdigitalstudios<br /><br />--<br /><br />Want to find Crash Course elsewhere on the internet?<br />Facebook - http://www.facebook.com/YouTubeCrashC...<br />Twitter - http://www.twitter.com/TheCrashCourse<br />Tumblr - http://thecrashcourse.tumblr.com <br />Support CrashCourse on Patreon: http://www.patreon.com/crashcourse<br /><br />CC Kids: http://www.youtube.com/crashcoursekids',
        'physics', 3, 646599),
       ('APLQGbS7qURVt21XlvFNuXi6q4o3brcpz4aZxlyrovpdV4TNhlywuLu12cQ6E9U1', 'Temperature', 0,
        'Bridges. Bridges don&#x27;t deal well with temperature changes. In order to combat this, engineers have come up with some workarounds that allow bridges to flex as they expand or contract. In this episode of Crash Course Physics, Shini talks to us about temperature and the ideal gas law. Also, we figure out how much air is in your car. <br /><br />--<br /><br />Produced in collaboration with PBS Digital Studios: http://youtube.com/pbsdigitalstudios<br /><br />--<br /><br />Want to find Crash Course elsewhere on the internet?<br />Facebook - http://www.facebook.com/YouTubeCrashC...<br />Twitter - http://www.twitter.com/TheCrashCourse<br />Tumblr - http://thecrashcourse.tumblr.com <br />Support CrashCourse on Patreon: http://www.patreon.com/crashcourse<br /><br />CC Kids: http://www.youtube.com/crashcoursekids',
        'physics', 3, 414702),
       ('kTu7c7L94jNQ2QNPmjuaFltsIfY9TC062EQIuAg6zKQhBalok2OoUrTBkUXYQK5U', 'Kinetic Theory and Phase Changes', 0,
        'How the heck do we map out a planet without oceans? NASA had to figure that out when we sent the Mariner 9 probe to Mars. There&#x27;s some tricky, yet fascinating science behind all of it! In this episode of Crash Course Physics, Shini talks to us about sea level, kinetic theory, and phase changes.<br /><br />--<br /><br />Produced in collaboration with PBS Digital Studios: http://youtube.com/pbsdigitalstudios<br /><br />--<br /><br />Want to find Crash Course elsewhere on the internet?<br />Facebook - http://www.facebook.com/YouTubeCrashC...<br />Twitter - http://www.twitter.com/TheCrashCourse<br />Tumblr - http://thecrashcourse.tumblr.com <br />Support CrashCourse on Patreon: http://www.patreon.com/crashcourse<br /><br />CC Kids: http://www.youtube.com/crashcoursekids',
        'physics', 3, 462014),
       ('ara0h62LJzu015FHJTYTkvozC0YXypmIkVeLnTe1zktUFkoLJJgI9yUBYYtZ7aSW', 'The Physics of Heat', 0,
        'Have you ever wondered why we wear clothes? I mean, beyond the obvious. Why does wearing a jacket in the cold keep you warmer? What is happening to all the heat inside your body? In this episode of Crash Course Physics, Shini talks about the physics of heat!<br /><br />--<br /><br />Produced in collaboration with PBS Digital Studios: http://youtube.com/pbsdigitalstudios<br /><br />--<br /><br />Want to find Crash Course elsewhere on the internet?<br />Facebook - http://www.facebook.com/YouTubeCrashC...<br />Twitter - http://www.twitter.com/TheCrashCourse<br />Tumblr - http://thecrashcourse.tumblr.com <br />Support CrashCourse on Patreon: http://www.patreon.com/crashcourse<br /><br />CC Kids: http://www.youtube.com/crashcoursekids',
        'physics', 3, 727389),
       ('GiBNtgfvVSy7hsYk3bUOuTCBRwhSmgBAJlKLgBq1bavkhEyhqsVS0remBd7lPQDU', 'Thermodynamics', 0,
        'Have you ever heard of a perpetual motion machine? More to the point, have you ever heard of why perpetual motion machines are impossible? One of the reasons is because of the first law of thermodynamics! In this episode of Crash Course Physics, Shini talks to us about thermodynamics and entropy. Also, we learn about isovolumetric, isobaric, isothermal, and adiabatic processes. It&#x27;ll all make sense in a minute!<br /><br />--<br /><br />Produced in collaboration with PBS Digital Studios: http://youtube.com/pbsdigitalstudios<br /><br />--<br /><br />Want to find Crash Course elsewhere on the internet?<br />Facebook - http://www.facebook.com/YouTubeCrashC...<br />Twitter - http://www.twitter.com/TheCrashCourse<br />Tumblr - http://thecrashcourse.tumblr.com <br />Support CrashCourse on Patreon: http://www.patreon.com/crashcourse<br /><br />CC Kids: http://www.youtube.com/crashcoursekids',
        'physics', 3, 1414220),
       ('SdtYOXK29Z2SNH2lVZFZgdVJFG9RsGrDvZwVXbLUMOC6VOGe2BEXKmsihWJIFbj2', 'Engines', 0,
        'One of the greatest inventions is the steam engine. But why? What makes it so useful? And how does it work? In this episode of Crash Course Physics, Shini talks to us about how engines work, what makes them efficient, and why they&#x27;re pretty cool.<br /><br />--<br /><br />Produced in collaboration with PBS Digital Studios: http://youtube.com/pbsdigitalstudios<br /><br />--<br /><br />Want to find Crash Course elsewhere on the internet?<br />Facebook - http://www.facebook.com/YouTubeCrashC...<br />Twitter - http://www.twitter.com/TheCrashCourse<br />Tumblr - http://thecrashcourse.tumblr.com <br />Support CrashCourse on Patreon: http://www.patreon.com/crashcourse<br /><br />CC Kids: http://www.youtube.com/crashcoursekids',
        'physics', 3, 300438),
       ('ICv3DpUv2Zh6CzDhrc1GiEXGfO5IZyXir73YZwQ3qSkfmlWN7o2g9J6V5Yf3tsLW', 'Electric Charge', 0,
        'Moving on to our unit on the Physics of Electricity, it&#x27;s time to talk about charge. What is charge? Is there a positive and negative charge? What do those things mean? In this episode, Shini talks about electrostatic forces, electrical charge, Coulomb&#x27;s law, and the force between charged particles. <br /><br />--<br /><br />Produced in collaboration with PBS Digital Studios: http://youtube.com/pbsdigitalstudios<br /><br />--<br /><br />Want to find Crash Course elsewhere on the internet?<br />Facebook - http://www.facebook.com/YouTubeCrashC...<br />Twitter - http://www.twitter.com/TheCrashCourse<br />Tumblr - http://thecrashcourse.tumblr.com <br />Support CrashCourse on Patreon: http://www.patreon.com/crashcourse<br /><br />CC Kids: http://www.youtube.com/crashcoursekids',
        'physics', 3, 1976832),
       ('yCiYFetj4nq1idxAIwm53QoxwKzbMZkLl10K9PRq8zoF8U4jnLZq5mIzkjZyOchT', 'Electric Fields', 0,
        'As we learn more about electricity, we have to talk about fields. Electric fields may seem complicated, but they&#x27;re really fascinating and a crucial part of physics. In this episode of Crash Course Physics, Shini chats about capacitors, conductors, electric field lines, and how objects with net charge generate electric fields.<br /><br />--<br /><br />Produced in collaboration with PBS Digital Studios: http://youtube.com/pbsdigitalstudios<br /><br />--<br /><br />Want to find Crash Course elsewhere on the internet?<br />Facebook - http://www.facebook.com/YouTubeCrashC...<br />Twitter - http://www.twitter.com/TheCrashCourse<br />Tumblr - http://thecrashcourse.tumblr.com <br />Support CrashCourse on Patreon: http://www.patreon.com/crashcourse<br /><br />CC Kids: http://www.youtube.com/crashcoursekids',
        'physics', 3, 1322893),
       ('SSuy0jqtaKfVBBWgwfOwue8l8nDuCSjoTPZhQSXa3bxO0z1jtIHjxUHuKKgUu4Dz', 'Voltage, Electric Energy, and Capacitors',
        0,
        'So, how do those defibrillators you see on TV actually work? Surprise! Physics can explain! Okay, buckle up, everyone! Today, Shini has the task of breaking down electrical potential energy, electric potential, voltage, capacitors, energy storage, and potential energy... it&#x27;s a lot!<br /><br />--<br /><br />Produced in collaboration with PBS Digital Studios: http://youtube.com/pbsdigitalstudios<br /><br />--<br /><br />Want to find Crash Course elsewhere on the internet?<br />Facebook - http://www.facebook.com/YouTubeCrashC...<br />Twitter - http://www.twitter.com/TheCrashCourse<br />Tumblr - http://thecrashcourse.tumblr.com <br />Support CrashCourse on Patreon: http://www.patreon.com/crashcourse<br /><br />CC Kids: http://www.youtube.com/crashcoursekids',
        'physics', 3, 703087),
       ('ElSci5DpZQZBJbxATHDnYBD5JKrAAs7Kbokvai2BUQCXWQexxhEfSKyonQpIcaOz', 'Electric Current', 0,
        'So, electric current works like a river... kinda... Instead of flowing based on elevation, electric current works a little differently. But it&#x27;s a good metaphor. In this episode of Crash Course Physics, Shini talks to us about electric current, voltaic cells, and how we get electric charge. <br /><br />--<br /><br />Produced in collaboration with PBS Digital Studios: http://youtube.com/pbsdigitalstudios<br /><br />--<br /><br />Want to find Crash Course elsewhere on the internet?<br />Facebook - http://www.facebook.com/YouTubeCrashC...<br />Twitter - http://www.twitter.com/TheCrashCourse<br />Tumblr - http://thecrashcourse.tumblr.com <br />Support CrashCourse on Patreon: http://www.patreon.com/crashcourse<br /><br />CC Kids: http://www.youtube.com/crashcoursekids',
        'physics', 3, 977855),
       ('pTzG37a43wATs4KZi2OwUph5eL4Jd2PLbxAUWvJrL2EKmGjy1dX2QLSzfBYWjzS9', 'DC Resistors & Batteries', 0,
        'Batteries power much of your daily life, so today we&#x27;re going to talk about how they work. We&#x27;re also explaining how terminal voltage results from the natural internal resistance of every real battery. We&#x27;ll get into both series and parallel circuit configurations, and how the laws of conservation affect the current and voltage for each.<br /><br />--<br /><br />Produced in collaboration with PBS Digital Studios: http://youtube.com/pbsdigitalstudios<br /><br />--<br /><br />Want to find Crash Course elsewhere on the internet?<br />Facebook - http://www.facebook.com/YouTubeCrashC...<br />Twitter - http://www.twitter.com/TheCrashCourse<br />Tumblr - http://thecrashcourse.tumblr.com <br />Support CrashCourse on Patreon: http://www.patreon.com/crashcourse<br /><br />CC Kids: http://www.youtube.com/crashcoursekids',
        'physics', 3, 382840),
       ('1mQTY9j6zWTJPzHocljq2UuUClbKK67hlBqBmJyiexCD9NoeoY8qnoRrfSy6SLg4', 'Circuit Analysis', 0,
        'How does Stranger Things fit in with physics and, more specifically, circuit analysis? I&#x27;m glad you asked! In this episode of Crash Course Physics, Shini walks us through the differences between series and parallel circuits and how that makes Christmas lights work the way they work. <br /><br />--<br /><br />Produced in collaboration with PBS Digital Studios: http://youtube.com/pbsdigitalstudios<br /><br />--<br /><br />Want to find Crash Course elsewhere on the internet?<br />Facebook - http://www.facebook.com/YouTubeCrashC...<br />Twitter - http://www.twitter.com/TheCrashCourse<br />Tumblr - http://thecrashcourse.tumblr.com <br />Support CrashCourse on Patreon: http://www.patreon.com/crashcourse<br /><br />CC Kids: http://www.youtube.com/crashcoursekids',
        'physics', 3, 851304),
       ('4R7YLBMFFDR27zo4KLD03eTvFIm6vOzwOOuDgAithq20A3GGiwKLF88wj3ltYjav', 'Capacitors and Kirchhoff', 0,
        'By now you know your way around a basic DC circuit. You?ve learned how to simplify circuits with resistors connected in series and parallel with a single battery source. But a lot of the real-world circuits that you encounter ? and will have to describe ? are much more complicated. For example, what happens when there are MULTIPLE batteries, connected in ?parallel?? And what happens when we add ?capacitors? into the mix, with resistors in our DC circuits? On this, our last go-round inside a DC circuit, we?ll encounter junctions, loops, and capacitors!<br />--<br /><br />Produced in collaboration with PBS Digital Studios: http://youtube.com/pbsdigitalstudios<br /><br />--<br /><br />Want to find Crash Course elsewhere on the internet?<br />Facebook - http://www.facebook.com/YouTubeCrashC...<br />Twitter - http://www.twitter.com/TheCrashCourse<br />Tumblr - http://thecrashcourse.tumblr.com <br />Support CrashCourse on Patreon: http://www.patreon.com/crashcourse<br /><br />CC Kids: http://www.youtube.com/crashcoursekids',
        'physics', 3, 344579),
       ('YIa4FyEuOo5pySzqSIIUGyHq4Hpg5ANdIulX8LhSkHQCofC60HvED63rYgAa8lHP', 'Magnetism', 0,
        'You?re probably familiar with the basics of magnets already: They have a north pole and a south pole. Two of the same pole will repel each other, while opposites attract. Only certain materials, especially those that contain iron, can be magnets. And there?s a magnetic field around Earth, which is why you can use a compass to figure out which way is north. In this episode of Crash Course Physics, Shini takes us into the world of magnetism!<br /><br />--<br /><br />Produced in collaboration with PBS Digital Studios: http://youtube.com/pbsdigitalstudios<br /><br />--<br /><br />Want to find Crash Course elsewhere on the internet?<br />Facebook - http://www.facebook.com/YouTubeCrashC...<br />Twitter - http://www.twitter.com/TheCrashCourse<br />Tumblr - http://thecrashcourse.tumblr.com <br />Support CrashCourse on Patreon: http://www.patreon.com/crashcourse<br /><br />CC Kids: http://www.youtube.com/crashcoursekids',
        'physics', 3, 1543799),
       ('YzagZh1HRRDqjeGvb0taNsPz1206Z0bA7MHn5AutfJD9fip5vFWTujzj7Dnoept0', 'Ampre\'s Law', 0,
        'Hans Christian Oersted had just discovered the connection between electricity and magnetism. Meanwhile, a French physicist named Andr?-Marie Amp?re was experimenting with some wires, trying to learn more about the connection between currents and the magnetic fields they create. Amp?re would discover one of the most fundamental laws of electromagnetism: what we now call Amp?re?s Law. <br /><br />--<br /><br />Produced in collaboration with PBS Digital Studios: http://youtube.com/pbsdigitalstudios<br /><br />--<br /><br />Want to find Crash Course elsewhere on the internet?<br />Facebook - http://www.facebook.com/YouTubeCrashC...<br />Twitter - http://www.twitter.com/TheCrashCourse<br />Tumblr - http://thecrashcourse.tumblr.com <br />Support CrashCourse on Patreon: http://www.patreon.com/crashcourse<br /><br />CC Kids: http://www.youtube.com/crashcoursekids',
        'physics', 3, 499355),
       ('FUbOJ5EAvIDZqhWfUoZ40gBQdrrGjUD3yLA8yWBHdzTkNLebhGGgl5LstuwY0Mlv', 'Induction - An Introduction', 0,
        'In this episode of Crash Course Physics, Megneto helps Shini explain what induction is, how it works, and why magnetism is so seemingly complicated.<br /><br />--<br /><br />Produced in collaboration with PBS Digital Studios: http://youtube.com/pbsdigitalstudios<br /><br />--<br /><br />Want to find Crash Course elsewhere on the internet?<br />Facebook - http://www.facebook.com/YouTubeCrashC...<br />Twitter - http://www.twitter.com/TheCrashCourse<br />Tumblr - http://thecrashcourse.tumblr.com <br />Support CrashCourse on Patreon: http://www.patreon.com/crashcourse<br /><br />CC Kids: http://www.youtube.com/crashcoursekids',
        'physics', 3, 835452),
       ('umXUFKyqYJJTfptiBS3HQwaApBWp0GJufbqpkRKKrfB1Z1s9dsZLAUlFL0unlKdu', 'How Power Gets to Your Home', 0,
        'In this episode of Crash Course Physics, Shini talks to us about how power gets to our homes. It&#x27;s kind of amazing when you think about it and much more complicated than it may seem!<br /><br />--<br /><br />Produced in collaboration with PBS Digital Studios: http://youtube.com/pbsdigitalstudios<br /><br />--<br /><br />Want to find Crash Course elsewhere on the internet?<br />Facebook - http://www.facebook.com/YouTubeCrashC...<br />Twitter - http://www.twitter.com/TheCrashCourse<br />Tumblr - http://thecrashcourse.tumblr.com <br />Support CrashCourse on Patreon: http://www.patreon.com/crashcourse<br /><br />CC Kids: http://www.youtube.com/crashcoursekids',
        'physics', 3, 260457),
       ('pq1VrYkw3Xw6y6dxAY49BcGfS0jqDWRB2ftJCxSOsRfComkk2mGjihusP2BeWysP', 'AC Circuits', 0,
        'We&#x27;ve talked about AC Circuits, but now it&#x27;s time to delve into the world of AC Circuits (or alternating currents). We?ve talked about how they change voltage, which helps transmit electricity over long distances, but there?s so much more to the physics of AC circuitry.<br /><br />--<br /><br />Produced in collaboration with PBS Digital Studios: http://youtube.com/pbsdigitalstudios<br /><br />--<br /><br />Want to find Crash Course elsewhere on the internet?<br />Facebook - http://www.facebook.com/YouTubeCrashC...<br />Twitter - http://www.twitter.com/TheCrashCourse<br />Tumblr - http://thecrashcourse.tumblr.com <br />Support CrashCourse on Patreon: http://www.patreon.com/crashcourse<br /><br />CC Kids: http://www.youtube.com/crashcoursekids',
        'physics', 3, 479041),
       ('atIY9ivXyHcC1mQH0P2PdEisMbc0kew1xFy3lJQa8a4MhFVLwoqxddJPs47vEeUC', 'Maxwell\'s Equations', 0,
        'In the early 1800s, Michael Faraday showed us how a changing magnetic field induces an electromotive force, or emf, resulting in an electric current. He also found that electric fields sometimes act like magnetic fields, and developed equations to calculate the forces exerted by both. In the mid-1800s, Scottish physicist James Maxwell thought something interesting was going on there, too. So he decided to assemble a set of equations that held true for all electromagnetic interactions. In this episode of Crash Course Physics, Shini talks to us about Maxwell&#x27;s Equations and how important they are to our understanding of Physics. <br /><br />--<br /><br />Produced in collaboration with PBS Digital Studios: http://youtube.com/pbsdigitalstudios<br /><br />--<br /><br />Want to find Crash Course elsewhere on the internet?<br />Facebook - http://www.facebook.com/YouTubeCrashC...<br />Twitter - http://www.twitter.com/TheCrashCourse<br />Tumblr - http://thecrashcourse.tumblr.com <br />Support CrashCourse on Patreon: http://www.patreon.com/crashcourse<br /><br />CC Kids: http://www.youtube.com/crashcoursekids',
        'physics', 3, 675125),
       ('vYbgHngK6x4HTaptf4XpDXJXIrDgGwJpmJokqkTfro0ehuY7nJgeuaBGA1nzUhqj', 'Geometric Optics', 0,
        'LIGHT! Let&#x27;s talk about it today. Sunlight, moonlight, torchlight, and flashlight. They all come from different places, but they?re the very same thing: light! It?s what makes it possible for us to see the world around us, so it?s worth a close, hard look. For instance, how does light travel? When you flip that switch in the bathroom to brush your teeth, how does light move from the light bulb, to the mirror, and into your eyes?<br /><br />--<br /><br />Produced in collaboration with PBS Digital Studios: http://youtube.com/pbsdigitalstudios<br /><br />--<br /><br />Want to find Crash Course elsewhere on the internet?<br />Facebook - http://www.facebook.com/YouTubeCrashC...<br />Twitter - http://www.twitter.com/TheCrashCourse<br />Tumblr - http://thecrashcourse.tumblr.com <br />Support CrashCourse on Patreon: http://www.patreon.com/crashcourse<br /><br />CC Kids: http://www.youtube.com/crashcoursekids',
        'physics', 3, 707798),
       ('EgTYtv7LTdlyb4O6cuvX8J7EWhlKarRCI0uSgSZBU3qXGLYwI9VUKRToQb7BKNjQ', 'Light Is Waves', 0,
        'The way light behaves can seem very counterintuitive, and many physicists would agree with that, but once you figure out light waves it all starts to make more sense! In this episode of Crash Course Physics, Shini shows us how we know that light exists as a wave and why that&#x27;s really cool! <br /><br />--<br /><br />Produced in collaboration with PBS Digital Studios: http://youtube.com/pbsdigitalstudios<br /><br />--<br /><br />Want to find Crash Course elsewhere on the internet?<br />Facebook - http://www.facebook.com/YouTubeCrashC...<br />Twitter - http://www.twitter.com/TheCrashCourse<br />Tumblr - http://thecrashcourse.tumblr.com <br />Support CrashCourse on Patreon: http://www.patreon.com/crashcourse<br /><br />CC Kids: http://www.youtube.com/crashcoursekids',
        'physics', 3, 977692),
       ('oxq5ofokl76JHIZ9Bvpud8lFk1QK5xM224d8VUNvl2obf9AtMkGpQx49w8bEd81j', 'Spectra Interference', 0,
        'Light is everywhere ? but it?s not as predictable as you might think. It?s a wave that travels in straight lines, yet it also reflects off of surfaces, refracts through various materials, and generally changes direction all the time! We?ve learned how to bend light to our will, with lenses and mirrors, but it?s time to take a step back and ask what we can LEARN from light.<br /><br />--<br /><br />Produced in collaboration with PBS Digital Studios: http://youtube.com/pbsdigitalstudios<br /><br />--<br /><br />Want to find Crash Course elsewhere on the internet?<br />Facebook - http://www.facebook.com/YouTubeCrashC...<br />Twitter - http://www.twitter.com/TheCrashCourse<br />Tumblr - http://thecrashcourse.tumblr.com <br />Support CrashCourse on Patreon: http://www.patreon.com/crashcourse<br /><br />CC Kids: http://www.youtube.com/crashcoursekids',
        'physics', 3, 222822),
       ('S80pCq2d6b5Yt3XuBdbePdCVq4wGzm0kU2mQakmWj2Y9iHY0otCSEpmaBm6TLcbU', 'Optical Instruments', 0,
        'How do lenses work? How do they form images? Well, in order to understand how optics work, we have to understand the physics of light. In this episode of Crash Course Physics, Shini talks to us about optical instruments and how they make magnification possible. <br /><br />--<br /><br />Produced in collaboration with PBS Digital Studios: http://youtube.com/pbsdigitalstudios<br /><br />--<br /><br />Want to find Crash Course elsewhere on the internet?<br />Facebook - http://www.facebook.com/YouTubeCrashC...<br />Twitter - http://www.twitter.com/TheCrashCourse<br />Tumblr - http://thecrashcourse.tumblr.com <br />Support CrashCourse on Patreon: http://www.patreon.com/crashcourse<br /><br />CC Kids: http://www.youtube.com/crashcoursekids',
        'physics', 3, 296796),
       ('j778MuAM7I23Zu26o9lG5YFtIe0rICOlgRG2PB32U4QuF72TvXj5SXrJiydhL0OL', 'Special Relativity', 0,
        'So we&#x27;ve all heard of relativity, right? But... what is relativity? And how does it relate to light? And motion? In this episode of Crash Course Physics, Shini talks to us about perspective, observation, and how relativity is REALLY weird!<br />--<br /><br />Produced in collaboration with PBS Digital Studios: http://youtube.com/pbsdigitalstudios<br /><br />--<br /><br />Want to find Crash Course elsewhere on the internet?<br />Facebook - http://www.facebook.com/YouTubeCrashC...<br />Twitter - http://www.twitter.com/TheCrashCourse<br />Tumblr - http://thecrashcourse.tumblr.com <br />Support CrashCourse on Patreon: http://www.patreon.com/crashcourse<br /><br />CC Kids: http://www.youtube.com/crashcoursekids',
        'physics', 3, 1055078),
       ('KOeKc66aUIL6xpgp5YgLyiVpjdxwyDywtBhfj8e7aW3WvAJFziOcJ7PwEIVHG9ot', 'Quantum Mechanics - Part 1', 0,
        'What is light? That is something that has plagued scientists for centuries. It behaves like a wave... and a particle... what? Is it both? In this episode of Crash Course Physics, Shini introduces the idea of quantum mechanics and how it helps us understand light. Also, there&#x27;s this thing called the ULTRAVIOLET CATASTROPHE! <br /><br />--<br /><br />Produced in collaboration with PBS Digital Studios: http://youtube.com/pbsdigitalstudios<br /><br />--<br /><br />Want to find Crash Course elsewhere on the internet?<br />Facebook - http://www.facebook.com/YouTubeCrashC...<br />Twitter - http://www.twitter.com/TheCrashCourse<br />Tumblr - http://thecrashcourse.tumblr.com <br />Support CrashCourse on Patreon: http://www.patreon.com/crashcourse<br /><br />CC Kids: http://www.youtube.com/crashcoursekids',
        'physics', 3, 1860031),
       ('MLUhBTFWdu9IgDTmXEvGAgbGow9ElcgiAX1pkbwDkW9660xYPUAf0pnlUiKwFUFq', 'Quantum Mechanics - Part 2', 0,
        'e=mc2... it&#x27;s a big deal, right? But why? And what about this grumpy cat in a box and probability? In this episode of Crash Course Physics, Shini attempts to explain a little more on the topic of quantum mechanics. <br /><br />--<br /><br />Produced in collaboration with PBS Digital Studios: http://youtube.com/pbsdigitalstudios<br /><br />--<br /><br />Want to find Crash Course elsewhere on the internet?<br />Facebook - http://www.facebook.com/YouTubeCrashC...<br />Twitter - http://www.twitter.com/TheCrashCourse<br />Tumblr - http://thecrashcourse.tumblr.com <br />Support CrashCourse on Patreon: http://www.patreon.com/crashcourse<br /><br />CC Kids: http://www.youtube.com/crashcoursekids',
        'physics', 3, 442847),
       ('Yfix5d20Xfn0uN7nsXdxgBE59ZFbNN2Q1PUp7ccAvOcLAFLv4wAy13r5Vqk22He9', 'Nuclear Physics', 0,
        'It&#x27;s time for our second to final Physics episode. So, let&#x27;s talk about Einstein and nuclear physics. What does E=MC2 actually mean? Why is it so useful to us as physicists and humans? In this episode of Crash Course Physics, Shini sits down to go over the basics of it all. <br /><br />***<br /><br />Crash Course is on Patreon! You can support us directly by signing up at http://www.patreon.com/crashcourse<br /><br />Thanks to the following Patrons for their generous monthly contributions that help keep Crash Course free for everyone forever:<br /><br />Mark, Les Aker, Robert Kunz, William McGraw, Jeffrey Thompson, Jason A Saslow, Rizwan Kassim, Eric Prestemon, Malcolm Callis, Steve Marshall, Advait Shinde, Rachel Bright, Kyle Anderson, Ian Dundore, Tim Curwick, Ken Penttinen, Caleb Weeks, Kathrin Jan?en, Nathan Taylor, Yana Leonor, Andrei Krishkevich, Brian Thomas Gossett, Chris Peters, Kathy &amp; Tim Philip, Mayumi Maeda, Eric Kitchen, SR Foxley, Justin Zingsheim, Andrea Bareis, Moritz Schmidt, Bader AlGhamdi, Jessica Wode, Daniel Baulig, Jirat<br /><br />--<br /><br />Want to find Crash Course elsewhere on the internet?<br />Facebook - http://www.facebook.com/YouTubeCrashCourse<br />Twitter - http://www.twitter.com/TheCrashCourse<br />Tumblr - http://thecrashcourse.tumblr.com <br />Support Crash Course on Patreon: http://patreon.com/crashcourse<br /><br />CC Kids: http://www.youtube.com/crashcoursekids',
        'physics', 3, 793068),
       ('FFxyv6KVkgJjrInrrFIiOwjOLuvHSpmzYnSEY3E9Ymelwr6uAFQU420u7A1cFldN', 'Astrophysics and Cosmology', 0,
        'It&#x27;s time for the end. At least the end of our first series on physics here at Crash Course. In this episode of Crash Course Physics, Shini sits down to talk about astrophysics and cosmology. By using what we&#x27;ve learned this year, we can better understand our universe. Join us for this final episode of Crash Course Physics as we head into the final frontier. <br /><br /><br /><br />***<br /><br />Want to find Crash Course elsewhere on the internet?<br />Facebook - http://www.facebook.com/YouTubeCrashCourse<br />Twitter - http://www.twitter.com/TheCrashCourse<br />Tumblr - http://thecrashcourse.tumblr.com <br />Support Crash Course on Patreon: http://patreon.com/crashcourse<br /><br />CC Kids: http://www.youtube.com/crashcoursekids',
        'physics', 3, 565218);

INSERT INTO db.course_videos
    (video_tag, course_tag, `order`)
VALUES ('An4ydD6EIcKRp9Ueiz5cgBwgfxp079KLkRLEF23gJvVZITjfTZ9TjXZWoEFtbVF0',
        'S6jKULL8iXYK6zzf10bPuA7e6zcHhLAO6Ng2QcHcePIEmz0z0RZ7dPrQ5jcHN11G', 0),
       ('hAktg8AjcirdASWIhqG4lFJnWXps7yuK4bXFFDovOuqKS6lFmKNagK2sVmdrsK7q',
        'S6jKULL8iXYK6zzf10bPuA7e6zcHhLAO6Ng2QcHcePIEmz0z0RZ7dPrQ5jcHN11G', 1),
       ('JuPLglUVV0ZgWKfHdfpyN2N7zGdjrzzXDbUqBjEBQ9P0ec86dApoZq7XtJS9OkFF',
        'S6jKULL8iXYK6zzf10bPuA7e6zcHhLAO6Ng2QcHcePIEmz0z0RZ7dPrQ5jcHN11G', 2),
       ('DZ8T8FfASgnsSj5N5E8K7FxCjVwPIp2FHiTRoZDUBe0tzp93VHexLVyVi1J8zOKj',
        'S6jKULL8iXYK6zzf10bPuA7e6zcHhLAO6Ng2QcHcePIEmz0z0RZ7dPrQ5jcHN11G', 3),
       ('LgJkAvnpmMuXy71n4T56OYDOI8IGJDvhSJCPSTue9jxss0XBYvoBvLbFn5jcqncx',
        'S6jKULL8iXYK6zzf10bPuA7e6zcHhLAO6Ng2QcHcePIEmz0z0RZ7dPrQ5jcHN11G', 4),
       ('ElKnYOZ26Y6hu32C8pmpmUJdTlvq9S3QeSApeK7BkksTxHm1CaOawLUYpaMDOY8W',
        'S6jKULL8iXYK6zzf10bPuA7e6zcHhLAO6Ng2QcHcePIEmz0z0RZ7dPrQ5jcHN11G', 5),
       ('NVjMYOVCDOWaVWnWZZq3bjZoqTO6YQDUsZoANfE8Ja44PlNxVQJpbf5eBGYO1Q4B',
        'S6jKULL8iXYK6zzf10bPuA7e6zcHhLAO6Ng2QcHcePIEmz0z0RZ7dPrQ5jcHN11G', 6),
       ('Q7iqTqIgQ5cAxdxqdmfrWf9w2LISjbvtTJCoKivyXyOw3rde0qlad7jjN5j3iqok',
        'S6jKULL8iXYK6zzf10bPuA7e6zcHhLAO6Ng2QcHcePIEmz0z0RZ7dPrQ5jcHN11G', 7),
       ('b0Bdfq8oGYRDudyhkKIIJLd1VoFzIyJOJg30j0B3kCqX2OgfSGYPciVzexDDIbyo',
        'S6jKULL8iXYK6zzf10bPuA7e6zcHhLAO6Ng2QcHcePIEmz0z0RZ7dPrQ5jcHN11G', 8),
       ('BRhp3SMYxWvCeiXuTOaq2w2U9fsvIMBVGBoRg446qp98D16jyPJKwOFjaNSgFPOI',
        'S6jKULL8iXYK6zzf10bPuA7e6zcHhLAO6Ng2QcHcePIEmz0z0RZ7dPrQ5jcHN11G', 9),
       ('SN4gIFI8PXsfANMRRzBVcRsPYS0edmCBsPSPUDdfviQjLLzKe9J6OanDBQ8j43Q2',
        'S6jKULL8iXYK6zzf10bPuA7e6zcHhLAO6Ng2QcHcePIEmz0z0RZ7dPrQ5jcHN11G', 10),
       ('YqfNDwUUK7TREqoJuuoTdn5pW2vwOyjwDHgrTJKCljdsor9UlI8EFManVPB2HfeO',
        'S6jKULL8iXYK6zzf10bPuA7e6zcHhLAO6Ng2QcHcePIEmz0z0RZ7dPrQ5jcHN11G', 11),
       ('73iWPh3j2nV6Xye8wGQNy6F3sBln5QtN0kAr6knBSxV1WULrfd4w1T20GB6IrEoT',
        'S6jKULL8iXYK6zzf10bPuA7e6zcHhLAO6Ng2QcHcePIEmz0z0RZ7dPrQ5jcHN11G', 12),
       ('ov9erYdFzLxDcZBgBBi3vzCc7cJ7vH6d6XpxHHL4XK11E06OEejRVKBX0uJtpoJJ',
        'S6jKULL8iXYK6zzf10bPuA7e6zcHhLAO6Ng2QcHcePIEmz0z0RZ7dPrQ5jcHN11G', 13),
       ('pxnbXwVBOJBUmt32KcRkDUYDyitRb3kGsndVLeYkmq9iy2EVP4eniNfoAKbS6W6O',
        'S6jKULL8iXYK6zzf10bPuA7e6zcHhLAO6Ng2QcHcePIEmz0z0RZ7dPrQ5jcHN11G', 14),
       ('R2cdXh978NbLyR99ySWXx02Is12xyTVm085X8JRrv61Mxl4MusmI4f8tfSEtA3D5',
        'S6jKULL8iXYK6zzf10bPuA7e6zcHhLAO6Ng2QcHcePIEmz0z0RZ7dPrQ5jcHN11G', 15),
       ('lXGvvcNxrYQsVWZakvsMrLNvpl5B5qNIXQsjMPfNdaVTyd20Bapzi8JkhZYx9kEM',
        'S6jKULL8iXYK6zzf10bPuA7e6zcHhLAO6Ng2QcHcePIEmz0z0RZ7dPrQ5jcHN11G', 16),
       ('iEhb4z4SsmWEdy4ZLEdncwDIP8xsQhBlyb3JAvbqA11DXVsAY0GKxzpnt8RCgLWL',
        'S6jKULL8iXYK6zzf10bPuA7e6zcHhLAO6Ng2QcHcePIEmz0z0RZ7dPrQ5jcHN11G', 17),
       ('RrLlwSZZOxwYY9WUYpy4x355RN3u6kzYlhk57IPVB874kdCobtW4NJ44FxtHC2rM',
        'S6jKULL8iXYK6zzf10bPuA7e6zcHhLAO6Ng2QcHcePIEmz0z0RZ7dPrQ5jcHN11G', 18),
       ('fn03zsKVPWbLPczrdb1OwGeIz5Ieq9zfrbaDArlRwHMyONr7hQrMoqGFuBY8bQdE',
        'S6jKULL8iXYK6zzf10bPuA7e6zcHhLAO6Ng2QcHcePIEmz0z0RZ7dPrQ5jcHN11G', 19),
       ('APLQGbS7qURVt21XlvFNuXi6q4o3brcpz4aZxlyrovpdV4TNhlywuLu12cQ6E9U1',
        'S6jKULL8iXYK6zzf10bPuA7e6zcHhLAO6Ng2QcHcePIEmz0z0RZ7dPrQ5jcHN11G', 20),
       ('kTu7c7L94jNQ2QNPmjuaFltsIfY9TC062EQIuAg6zKQhBalok2OoUrTBkUXYQK5U',
        'S6jKULL8iXYK6zzf10bPuA7e6zcHhLAO6Ng2QcHcePIEmz0z0RZ7dPrQ5jcHN11G', 21),
       ('ara0h62LJzu015FHJTYTkvozC0YXypmIkVeLnTe1zktUFkoLJJgI9yUBYYtZ7aSW',
        'S6jKULL8iXYK6zzf10bPuA7e6zcHhLAO6Ng2QcHcePIEmz0z0RZ7dPrQ5jcHN11G', 22),
       ('GiBNtgfvVSy7hsYk3bUOuTCBRwhSmgBAJlKLgBq1bavkhEyhqsVS0remBd7lPQDU',
        'S6jKULL8iXYK6zzf10bPuA7e6zcHhLAO6Ng2QcHcePIEmz0z0RZ7dPrQ5jcHN11G', 23),
       ('SdtYOXK29Z2SNH2lVZFZgdVJFG9RsGrDvZwVXbLUMOC6VOGe2BEXKmsihWJIFbj2',
        'S6jKULL8iXYK6zzf10bPuA7e6zcHhLAO6Ng2QcHcePIEmz0z0RZ7dPrQ5jcHN11G', 24),
       ('ICv3DpUv2Zh6CzDhrc1GiEXGfO5IZyXir73YZwQ3qSkfmlWN7o2g9J6V5Yf3tsLW',
        'S6jKULL8iXYK6zzf10bPuA7e6zcHhLAO6Ng2QcHcePIEmz0z0RZ7dPrQ5jcHN11G', 25),
       ('yCiYFetj4nq1idxAIwm53QoxwKzbMZkLl10K9PRq8zoF8U4jnLZq5mIzkjZyOchT',
        'S6jKULL8iXYK6zzf10bPuA7e6zcHhLAO6Ng2QcHcePIEmz0z0RZ7dPrQ5jcHN11G', 26),
       ('SSuy0jqtaKfVBBWgwfOwue8l8nDuCSjoTPZhQSXa3bxO0z1jtIHjxUHuKKgUu4Dz',
        'S6jKULL8iXYK6zzf10bPuA7e6zcHhLAO6Ng2QcHcePIEmz0z0RZ7dPrQ5jcHN11G', 27),
       ('ElSci5DpZQZBJbxATHDnYBD5JKrAAs7Kbokvai2BUQCXWQexxhEfSKyonQpIcaOz',
        'S6jKULL8iXYK6zzf10bPuA7e6zcHhLAO6Ng2QcHcePIEmz0z0RZ7dPrQ5jcHN11G', 28),
       ('pTzG37a43wATs4KZi2OwUph5eL4Jd2PLbxAUWvJrL2EKmGjy1dX2QLSzfBYWjzS9',
        'S6jKULL8iXYK6zzf10bPuA7e6zcHhLAO6Ng2QcHcePIEmz0z0RZ7dPrQ5jcHN11G', 29),
       ('1mQTY9j6zWTJPzHocljq2UuUClbKK67hlBqBmJyiexCD9NoeoY8qnoRrfSy6SLg4',
        'S6jKULL8iXYK6zzf10bPuA7e6zcHhLAO6Ng2QcHcePIEmz0z0RZ7dPrQ5jcHN11G', 30),
       ('4R7YLBMFFDR27zo4KLD03eTvFIm6vOzwOOuDgAithq20A3GGiwKLF88wj3ltYjav',
        'S6jKULL8iXYK6zzf10bPuA7e6zcHhLAO6Ng2QcHcePIEmz0z0RZ7dPrQ5jcHN11G', 31),
       ('YIa4FyEuOo5pySzqSIIUGyHq4Hpg5ANdIulX8LhSkHQCofC60HvED63rYgAa8lHP',
        'S6jKULL8iXYK6zzf10bPuA7e6zcHhLAO6Ng2QcHcePIEmz0z0RZ7dPrQ5jcHN11G', 32),
       ('YzagZh1HRRDqjeGvb0taNsPz1206Z0bA7MHn5AutfJD9fip5vFWTujzj7Dnoept0',
        'S6jKULL8iXYK6zzf10bPuA7e6zcHhLAO6Ng2QcHcePIEmz0z0RZ7dPrQ5jcHN11G', 33),
       ('FUbOJ5EAvIDZqhWfUoZ40gBQdrrGjUD3yLA8yWBHdzTkNLebhGGgl5LstuwY0Mlv',
        'S6jKULL8iXYK6zzf10bPuA7e6zcHhLAO6Ng2QcHcePIEmz0z0RZ7dPrQ5jcHN11G', 34),
       ('umXUFKyqYJJTfptiBS3HQwaApBWp0GJufbqpkRKKrfB1Z1s9dsZLAUlFL0unlKdu',
        'S6jKULL8iXYK6zzf10bPuA7e6zcHhLAO6Ng2QcHcePIEmz0z0RZ7dPrQ5jcHN11G', 35),
       ('pq1VrYkw3Xw6y6dxAY49BcGfS0jqDWRB2ftJCxSOsRfComkk2mGjihusP2BeWysP',
        'S6jKULL8iXYK6zzf10bPuA7e6zcHhLAO6Ng2QcHcePIEmz0z0RZ7dPrQ5jcHN11G', 36),
       ('atIY9ivXyHcC1mQH0P2PdEisMbc0kew1xFy3lJQa8a4MhFVLwoqxddJPs47vEeUC',
        'S6jKULL8iXYK6zzf10bPuA7e6zcHhLAO6Ng2QcHcePIEmz0z0RZ7dPrQ5jcHN11G', 37),
       ('vYbgHngK6x4HTaptf4XpDXJXIrDgGwJpmJokqkTfro0ehuY7nJgeuaBGA1nzUhqj',
        'S6jKULL8iXYK6zzf10bPuA7e6zcHhLAO6Ng2QcHcePIEmz0z0RZ7dPrQ5jcHN11G', 38),
       ('EgTYtv7LTdlyb4O6cuvX8J7EWhlKarRCI0uSgSZBU3qXGLYwI9VUKRToQb7BKNjQ',
        'S6jKULL8iXYK6zzf10bPuA7e6zcHhLAO6Ng2QcHcePIEmz0z0RZ7dPrQ5jcHN11G', 39),
       ('oxq5ofokl76JHIZ9Bvpud8lFk1QK5xM224d8VUNvl2obf9AtMkGpQx49w8bEd81j',
        'S6jKULL8iXYK6zzf10bPuA7e6zcHhLAO6Ng2QcHcePIEmz0z0RZ7dPrQ5jcHN11G', 40),
       ('S80pCq2d6b5Yt3XuBdbePdCVq4wGzm0kU2mQakmWj2Y9iHY0otCSEpmaBm6TLcbU',
        'S6jKULL8iXYK6zzf10bPuA7e6zcHhLAO6Ng2QcHcePIEmz0z0RZ7dPrQ5jcHN11G', 41),
       ('j778MuAM7I23Zu26o9lG5YFtIe0rICOlgRG2PB32U4QuF72TvXj5SXrJiydhL0OL',
        'S6jKULL8iXYK6zzf10bPuA7e6zcHhLAO6Ng2QcHcePIEmz0z0RZ7dPrQ5jcHN11G', 42),
       ('KOeKc66aUIL6xpgp5YgLyiVpjdxwyDywtBhfj8e7aW3WvAJFziOcJ7PwEIVHG9ot',
        'S6jKULL8iXYK6zzf10bPuA7e6zcHhLAO6Ng2QcHcePIEmz0z0RZ7dPrQ5jcHN11G', 43),
       ('MLUhBTFWdu9IgDTmXEvGAgbGow9ElcgiAX1pkbwDkW9660xYPUAf0pnlUiKwFUFq',
        'S6jKULL8iXYK6zzf10bPuA7e6zcHhLAO6Ng2QcHcePIEmz0z0RZ7dPrQ5jcHN11G', 44),
       ('Yfix5d20Xfn0uN7nsXdxgBE59ZFbNN2Q1PUp7ccAvOcLAFLv4wAy13r5Vqk22He9',
        'S6jKULL8iXYK6zzf10bPuA7e6zcHhLAO6Ng2QcHcePIEmz0z0RZ7dPrQ5jcHN11G', 45),
       ('FFxyv6KVkgJjrInrrFIiOwjOLuvHSpmzYnSEY3E9Ymelwr6uAFQU420u7A1cFldN',
        'S6jKULL8iXYK6zzf10bPuA7e6zcHhLAO6Ng2QcHcePIEmz0z0RZ7dPrQ5jcHN11G', 46);

INSERT INTO db.items
    (tag, type, price)
VALUES ('ab1uZy3y820niXUjHNE9itiU8u9RmVn4ZPDA05Hy3NpOR0WI8pyMu9hZGakwMtbJ', 'course', 40.00),
       ('TI5UfcCEHPpVomGugf7DswdAtEKXp53M1XPIRUPxTu2vYXTAM92GEsGXdvOInG8I', 'video', 0.00),
       ('d8Kj4NWVLtJYJO0XZeI2JUbvdTIEhKO7vKNesXDjd6LIOibAcfbKBhBfdZwhyBii', 'video', 0.81),
       ('rV2rWjuDoh82ap3aBxo1IO2iPxa2ngkRf7OCjaA52ai7c6faHZPigfb4ujyqcHVl', 'video', 1.83),
       ('M2cFrfKby9AHAyJ4ArCm9a4ZwLu0nnVxfTYeZfNecYRPkLTsBgRPy6b9GSlov6fw', 'video', 2.42),
       ('9kuGZ4G65467LXfld4XjKIdEaP1Q8Qk4TcsLDbRVEZb6pJCusSM65B0SW7zbCvQq', 'video', 2.65),
       ('WdjpZzHVBeDYPMYFl4RZl07u4w4hYcKGZ6kj0rK8x13wEj7QIrwmr7xMtkBPh7hD', 'video', 0.80),
       ('3jP3PwIGD8oaaXdUvQ7PTmGx1cgNckuwTsazRh5VQIUW1YJZ6Djdt7KGAPv2kIWa', 'video', 1.63),
       ('iAHOpUncId33rN3Bn85tIGV9T66dPoMJpEiTp4P08LwijNxL0n5H8VsSAGrem9Yk', 'video', 0.62),
       ('4iBrInTFFTidiKKW1XuLxN7smd0CUdNgVxkOAmPx2dYDLpWlbwNqOQZYq05NPdXl', 'video', 2.38),
       ('1owshPNp5QrlkjxLVNDaNxqgsTXgrh6TtKZrtyum5QNwrSOBAH7OGb56y3WszSBr', 'video', 0.70),
       ('T6bydVqmGWjxhj6vNdHEMA4tAh5HJM95rhAE2eir8lIokXznDMmJNrh9Au3I784Z', 'video', 1.04),
       ('qXuuuviGRZTCXgCEWKTLp1ngPX8Pl6GBQZkytUZzYv14cnacUrKt7EhJY9kUuz0p', 'video', 1.42),
       ('A5KpFSHrHESFdF8L4jCyBW6QXxj9GFTrF9Je4CJaOYLpQz1BlZzv4AIR7xWCIpkI', 'video', 1.69),
       ('TZqUswFdO8y1p5dttGdaoZNVUXgcaJxzmm4rj00KmvoNS9yzW5EEgTopMe2vuii0', 'video', 1.81),
       ('dOm8oQle994feGUCNg5RTOhlQlAf2Gb5hGQjpXMkWsK29R7QoFsnllMFOjPg01mZ', 'video', 1.14),
       ('lrISGKJ3fvrkqrdklrhif2q8KDAiy0PzWDRWbWXsI7XBFGIjmqcXRAmQFLo2Ub4C', 'video', 2.88),
       ('ptKJrjR8iWyqLpjZ9HuOtzhScZ4Rtb47XzG0uBMmDbHeEvmNRdflVg6kRUgA0obb', 'video', 2.88),
       ('BYhHXM42Hmy18aZjUxOZQ1vUCXuyh6xQpJ9vItlCJayCDAzZC901GzOtec9NkX1K', 'video', 2.16),
       ('4bgvzYRQAbk4axyMa0XRfVkCMmz0gXAf1TO6Wl3sXutETUKJCXJuw8lOMAOaPNGI', 'video', 1.83),
       ('Bnvhkipnv5s3xuqhvp6T7fR26yiMGnMCKXQfGVON09JGkqf25snD4DMZWOpZRHOg', 'video', 2.47),
       ('aL62OLLQb7IUVxlqPv8E4McCiphjRzKa7anLZqyP8c1QyCuPdX4rdiaW4bb7UKMO', 'video', 1.08),
       ('1ZrSwu5pqYQ3C2hDLClhqlgXYGqOgIQiBURn592wCJrE43sewr8hYOJn8ujcKs4x', 'video', 0.63),
       ('GMelCcgptdBgD0rbEKshzoCGyawIC7HX5XEioTedcNfqlu3jqGLL0lCnC5PIYOVc', 'video', 2.63),
       ('bKfCc5m4koI0Fra3bYbLEnLr2aa4uuh2lTI0Nw62UwODtTghL4Trihvp335T9d1C', 'video', 1.63),
       ('VXJfKfZB0wrEWG2ltFgp9per7WSVgt2l2l21C86sKL0UfYCHHOs5Wk93VJkSytdz', 'video', 1.67),
       ('Vf2JWk3N4FWCQMxATk4UPmf9g2ULzzTj7PrTHm1sEeBcfR29tsVXzMoVQwTXVr4H', 'video', 2.21),
       ('fpnfuICVjoeqQaAuPtrizhEaI7BOV577lRnZL4MHbVf67GUJvUsU0KYlPgP0CbyE', 'video', 0.71),
       ('fTB4oC4OSepTVhaB015a4Eyjzb75SoGv5NvfLEoheE5Pt4sYVjXv5hYzEPD6wNyE', 'video', 2.63),
       ('i5wu9IwW6vLHiKqDzNOuPX62YxP9KezJ95oSYYkJ1EWIUUd5bMyEoF5MDV5BSaRL', 'video', 2.22),
       ('pG9UNCPzKfm2MvhRXGMnraNVVqFQU1KzGpJU8SapKmhvd2H7wWcLRcYFYee7Iob3', 'video', 2.51),
       ('pzvx5eqOlRG6foNQKN05tqhMo8LCgEbcSdbWSrkKpo5IaReiN0owveEprjH7kCfa', 'video', 2.65),
       ('uae2ccOfTvkbu16TEMly1ubNS37l18MT56FMgEH3i96jaAmuJvUWriU7weEXA9aT', 'video', 1.15),
       ('swczoNhcpnJNw3QXTpROi2EiN1QRRrX4H0EyRIvsIFP3ONYSBynT2YDpi7vtQL3X', 'video', 0.58),
       ('jZ6uVudscHg0CV5vVPNxDA9fzjpB07J4Zs8TUJeumgBLlGyZagYMXuAuiyZ4NVQI', 'video', 1.38),
       ('ZPOaHHnRiY9bRMH68HeReU2cHrXJZaDFlICregTYpXFvbtgoqcXPRu9i65EGbHeQ', 'video', 2.20),
       ('q61K9qPVnvgnHTXNLzEWXOacQz7RTxoymh0zVmDZ9W9s4wYIE8aSJT1bzWW6vxTJ', 'video', 2.63),
       ('mH6UOTPL35COXkx8nxPCUnN2uiSE57Rlfd4WBeaFTtLColHOs0lZKG3Gm2AgtCbY', 'video', 1.81),
       ('4e7Nk0WQyrf15tFp5VJDcF7mUeHXkkvHMDlGVxzuwkCs5oSI7bOp0HlJ5bSSem9C', 'video', 2.52),
       ('EDozo52Sj873IAaCRmSCxmgSG3xNOFDayLVnfXiYbfdjolSwlycBl9kUp8XX5P3H', 'video', 0.87),
       ('bvIXJY6xyQyuyCB3hYg7SW1vViS2zXnvWsbh3iyq7qjbdDe8n1R7ZiFZYfbn17JE', 'video', 1.15),
       ('pVHNRCxuhEkrbjLOXd4XbtsN6ObFwnDxlvAVijFBCMEXU7Gkzn3WvhG8YLZDQ4KR', 'video', 1.49),
       ('4499Tx7NZBJpSVDEO9d8dH8LC23f4WR9XxVCuGCyIdyGSw0V09vA4RU1aWAIjnES', 'video', 2.51),
       ('SvHOoJPLCmA2dIpLt1cGje8Wl8ysvwkQUUOlFAzghOJI6KOVfh9iZPHoc5UgHk1z', 'video', 0.65),
       ('OTbn3XmlCzCYL6rJQT2Hfp4YZiIYitIxoYsvv3uUcYSJQBNR3f0OYYeN7o0LNPuR', 'video', 2.08),
       ('RAQ1MJfemVsfwwlGzGmmqwDji0crrpySPRQghCjIqCKxz45Eh83hWjUZXu5WWAuo', 'video', 1.34);

INSERT INTO db.courses
    (tag, name, description, subject, creator, views)
VALUES ('ab1uZy3y820niXUjHNE9itiU8u9RmVn4ZPDA05Hy3NpOR0WI8pyMu9hZGakwMtbJ', 'Crash Course Statistics',
        'Want to learn more about the astounding facts that can be gathered from large datasets and how they can be determined? Buy this course!',
        'mathematics', 3, 12776782);


INSERT INTO db.videos
    (tag, name, free, description, subject, uploader, views)
VALUES ('TI5UfcCEHPpVomGugf7DswdAtEKXp53M1XPIRUPxTu2vYXTAM92GEsGXdvOInG8I', 'Crash Course Statistics Preview', 1,
        'Welcome to Crash Course Statistics! In this series we&#x27;re going to take a closer look at how statistics play a significant role in our everyday lives. Now this a &quot;math&quot; course, and there will definitely be some math, but we&#x27;re going to focus on how statistics is useful and valuable to you - someone that performs AND consumes statistics all the time. Statistics are everywhere from batting averages and insurance rates to weather forecasting and smart assistants, and it&#x27;s our hope that when you finish this series you&#x27;ll get a better idea of the role statistics play in helping us better understand the world! <br /><br />Crash Course is on Patreon! You can support us directly by signing up at http://www.patreon.com/crashcourse<br /><br />Thanks to the following Patrons for their generous monthly contributions that help keep Crash Course free for everyone forever:<br /><br />Mark Brouwer, Nickie Miskell Jr., Jessica Wode, Eric Prestemon, Kathrin Benoit, Tom Trval, Jason Saslow, Nathan Taylor, Divonne Holmes ? Court, Brian Thomas Gossett, Khaled El Shalakany, Indika Siriwardena, Robert Kunz, SR Foxley, Sam Ferguson, Yasenia Cruz, Daniel Baulig, Eric Koslow, Caleb Weeks, Tim Curwick, Evren T?rkmeno?lu, Alexander Tamas, Justin Zingsheim, D.A. Noe, Shawn Arnold, mark austin, Ruth Perez, Malcolm Callis, Ken Penttinen, Advait Shinde, Cody Carpenter, Annamaria Herrera, William McGraw, Bader AlGhamdi, Vaso, Melissa Briski, Joey Quek, Andrei Krishkevich, Rachel Bright, Alex S, Mayumi Maeda, Kathy &amp; Tim Philip, Montather, Jirat, Eric Kitchen, Moritz Schmidt, Ian Dundore, Chris Peters, Sandra Aft, Steve Marshall<br />--<br /><br />Want to find Crash Course elsewhere on the internet?<br />Facebook - http://www.facebook.com/YouTubeCrashCourse<br />Twitter - http://www.twitter.com/TheCrashCourse<br />Tumblr - http://thecrashcourse.tumblr.com <br />Support Crash Course on Patreon: http://patreon.com/crashcourse<br /><br />CC Kids: http://www.youtube.com/crashcoursekids',
        'mathematics', 3, 927798),
       ('d8Kj4NWVLtJYJO0XZeI2JUbvdTIEhKO7vKNesXDjd6LIOibAcfbKBhBfdZwhyBii', 'What Is Statistics', 0,
        'Welcome to Crash Course Statistics! In this series we&#x27;re going to take a look at the important role statistics play in our everyday lives, because statistics are everywhere! Statistics help us better understand the world and make decisions from what you&#x27;ll wear tomorrow to government policy. But in the wrong hands, statistics can be used to misinform. So we&#x27;re going to try to do two things in this series. Help show you the usefulness of statistics, but also help you become a more informed consumer of statistics. From probabilities, paradoxes, and p-values there&#x27;s a lot to cover in this series, and there will be some math, but we promise only when it&#x27;s most important. But first, we should talk about what statistics actually are, and what we can do with them. Statistics are tools, but they can&#x27;t give us all the answers. <br /><br />Episode Notes:<br /><br />On Tea Tasting:<br />&quot;The Lady Tasting Tea&quot; by David Salsburg<br /><br />On Chain Saw Injuries:<br />https://www.cdc.gov/disasters/chainsaws.html<br />https://www.ncbi.nlm.nih.gov/pubmed/15027558<br />https://www.hindawi.com/journals/aem/2015/459697/ <br /><br />Crash Course is on Patreon! You can support us directly by signing up at http://www.patreon.com/crashcourse<br /><br />Thanks to the following Patrons for their generous monthly contributions that help keep Crash Course free for everyone forever:<br /><br />Mark Brouwer, Nickie Miskell Jr., Jessica Wode, Eric Prestemon, Kathrin Benoit, Tom Trval, Jason Saslow, Nathan Taylor, Divonne Holmes ? Court, Brian Thomas Gossett, Khaled El Shalakany, Indika Siriwardena, Robert Kunz, SR Foxley, Sam Ferguson, Yasenia Cruz, Daniel Baulig, Eric Koslow, Caleb Weeks, Tim Curwick, Evren T?rkmeno?lu, Alexander Tamas, Justin Zingsheim, D.A. Noe, Shawn Arnold, mark austin, Ruth Perez, Malcolm Callis, Ken Penttinen, Advait Shinde, Cody Carpenter, Annamaria Herrera, William McGraw, Bader AlGhamdi, Vaso, Melissa Briski, Joey Quek, Andrei Krishkevich, Rachel Bright, Alex S, Mayumi Maeda, Kathy &amp; Tim Philip, Montather, Jirat, Eric Kitchen, Moritz Schmidt, Ian Dundore, Chris Peters, Sandra Aft, Steve Marshall<br /><br />Want to find Crash Course elsewhere on the internet?<br />Facebook - http://www.facebook.com/YouTubeCrashC...<br />Twitter - http://www.twitter.com/TheCrashCourse<br />Tumblr - http://thecrashcourse.tumblr.com <br />Support Crash Course on Patreon: http://patreon.com/crashcourse<br />CC Kids: http://www.youtube.com/crashcoursekids',
        'mathematics', 3, 1517079),
       ('rV2rWjuDoh82ap3aBxo1IO2iPxa2ngkRf7OCjaA52ai7c6faHZPigfb4ujyqcHVl', 'Mathematical Thinking', 0,
        'Today we?re going to talk about numeracy - that is understanding numbers. From really really big numbers to really small numbers, it&#x27;s difficult to comprehend information at this scale, but these are often the types of numbers we see most in statistics. So understanding how these numbers work, how to best visualize them, and how they affect our world can help us become better decision makers - from deciding if we should really worry about Ebola to helping improve fighter jets during World War II!<br /><br />Episode Notes:<br /><br />Tim Urban?s wonderful post about visualizing large numbers:<br />https://waitbutwhy.com/2014/11/from-1-to-1000000.html<br /><br />Some of our reading that inspired this episode:<br />How Not to Be Wrong: The Power of Mathematical Thinking by Jordan Ellenberg<br />Innumeracy: Mathematical Illiteracy and its Consequences by John Allen Paulos<br /><br />Crash Course is on Patreon! You can support us directly by signing up at http://www.patreon.com/crashcourse<br /><br />Thanks to the following Patrons for their generous monthly contributions that help keep Crash Course free for everyone forever:<br /><br />Mark Brouwer, Nickie Miskell Jr., Jessica Wode, Eric Prestemon, Kathrin Benoit, Tom Trval, Jason Saslow, Nathan Taylor, Divonne Holmes ? Court, Brian Thomas Gossett, Khaled El Shalakany, Indika Siriwardena, Robert Kunz, SR Foxley, Sam Ferguson, Yasenia Cruz, Daniel Baulig, Eric Koslow, Caleb Weeks, Tim Curwick, Evren T?rkmeno?lu, Alexander Tamas, Justin Zingsheim, D.A. Noe, Shawn Arnold, mark austin, Ruth Perez, Malcolm Callis, Ken Penttinen, Advait Shinde, Cody Carpenter, Annamaria Herrera, William McGraw, Bader AlGhamdi, Vaso, Melissa Briski, Joey Quek, Andrei Krishkevich, Rachel Bright, Alex S, Mayumi Maeda, Kathy &amp; Tim Philip, Montather, Jirat, Eric Kitchen, Moritz Schmidt, Ian Dundore, Chris Peters, Sandra Aft, Steve Marshall<br /><br />Want to find Crash Course elsewhere on the internet?<br />Facebook - http://www.facebook.com/YouTubeCrashC...<br />Twitter - http://www.twitter.com/TheCrashCourse<br />Tumblr - http://thecrashcourse.tumblr.com <br />Support Crash Course on Patreon: http://patreon.com/crashcourse<br />CC Kids: http://www.youtube.com/crashcoursekids',
        'mathematics', 3, 666735),
       ('M2cFrfKby9AHAyJ4ArCm9a4ZwLu0nnVxfTYeZfNecYRPkLTsBgRPy6b9GSlov6fw',
        'Mean, Median, and Mode: Measures of Central Tendency', 0,
        'Today we?re going to talk about measures of central tendency - those are the numbers that tend to hang out in the middle of our data: the mean, the median, and mode. All of these numbers can be called ?averages? and they?re the numbers we tend to see most often - whether it?s in politics when talking about polling or income equality to batting averages in baseball (and cricket) and Amazon reviews. Averages are everywhere so today we?re going to discuss how these measures differ, how their relationship with one another can tell us a lot about the underlying data, and how they are sometimes used to mislead. <br /><br /><br />Crash Course is on Patreon! You can support us directly by signing up at http://www.patreon.com/crashcourse<br /><br />Thanks to the following Patrons for their generous monthly contributions that help keep Crash Course free for everyone forever:<br /><br />Mark Brouwer, Nickie Miskell Jr., Jessica Wode, Eric Prestemon, Kathrin Benoit, Tom Trval, Jason Saslow, Nathan Taylor, Divonne Holmes ? Court, Brian Thomas Gossett, Khaled El Shalakany, Indika Siriwardena, Robert Kunz, SR Foxley, Sam Ferguson, Yasenia Cruz, Daniel Baulig, Eric Koslow, Caleb Weeks, Tim Curwick, Evren T?rkmeno?lu, Alexander Tamas, Justin Zingsheim, D.A. Noe, Shawn Arnold, mark austin, Ruth Perez, Malcolm Callis, Ken Penttinen, Advait Shinde, Cody Carpenter, Annamaria Herrera, William McGraw, Bader AlGhamdi, Vaso, Melissa Briski, Joey Quek, Andrei Krishkevich, Rachel Bright, Alex S, Mayumi Maeda, Kathy &amp; Tim Philip, Montather, Jirat, Eric Kitchen, Moritz Schmidt, Ian Dundore, Chris Peters, Sandra Aft, Steve Marshall<br /><br />Want to find Crash Course elsewhere on the internet?<br />Facebook - http://www.facebook.com/YouTubeCrashC...<br />Twitter - http://www.twitter.com/TheCrashCourse<br />Tumblr - http://thecrashcourse.tumblr.com <br />Support Crash Course on Patreon: http://patreon.com/crashcourse<br />CC Kids: http://www.youtube.com/crashcoursekids',
        'mathematics', 3, 794374),
       ('9kuGZ4G65467LXfld4XjKIdEaP1Q8Qk4TcsLDbRVEZb6pJCusSM65B0SW7zbCvQq', 'Measures of Spread', 0,
        'Today, we&#x27;re looking at measures of spread, or dispersion, which we use to understand how well medians and means represent the data, and how reliable our conclusions are. They can help understand test scores, income inequality, spot stock bubbles, and plan gambling junkets. They&#x27;re pretty useful, and now you&#x27;re going to know how to calculate them!<br /><br />Crash Course is on Patreon! You can support us directly by signing up at http://www.patreon.com/crashcourse<br /><br />Thanks to the following Patrons for their generous monthly contributions that help keep Crash Course free for everyone forever:<br /><br />Mark Brouwer, Nickie Miskell Jr., Jessica Wode, Eric Prestemon, Kathrin Benoit, Tom Trval, Jason Saslow, Nathan Taylor, Divonne Holmes ? Court, Brian Thomas Gossett, Khaled El Shalakany, Indika Siriwardena, Robert Kunz, SR Foxley, Sam Ferguson, Yasenia Cruz, Daniel Baulig, Eric Koslow, Caleb Weeks, Tim Curwick, Evren T?rkmeno?lu, Alexander Tamas, Justin Zingsheim, D.A. Noe, Shawn Arnold, mark austin, Ruth Perez, Malcolm Callis, Ken Penttinen, Advait Shinde, Cody Carpenter, Annamaria Herrera, William McGraw, Bader AlGhamdi, Vaso, Melissa Briski, Joey Quek, Andrei Krishkevich, Rachel Bright, Alex S, Mayumi Maeda, Kathy &amp; Tim Philip, Montather, Jirat, Eric Kitchen, Moritz Schmidt, Ian Dundore, Chris Peters, Sandra Aft, Steve Marshall<br />--<br /><br />Want to find Crash Course elsewhere on the internet?<br />Facebook - http://www.facebook.com/YouTubeCrashCourse<br />Twitter - http://www.twitter.com/TheCrashCourse<br />Tumblr - http://thecrashcourse.tumblr.com <br />Support Crash Course on Patreon: http://patreon.com/crashcourse<br /><br />CC Kids: http://www.youtube.com/crashcoursekids',
        'mathematics', 3, 497469),
       ('WdjpZzHVBeDYPMYFl4RZl07u4w4hYcKGZ6kj0rK8x13wEj7QIrwmr7xMtkBPh7hD',
        'Charts Are Like Pasta - Data Visualization Part 1', 0,
        'Today we&#x27;re going to start our two-part unit on data visualization. Up to this point we&#x27;ve discussed raw data - which are just numbers - but usually it&#x27;s much more useful to represent this information with charts and graphs. There are two types of data we encounter, categorical and quantitative data, and they likewise require different types of visualizations. Today we&#x27;ll focus on bar charts, pie charts, pictographs, and histograms and show you what they can and cannot tell us about their underlying data as well as some of the ways they can be misused to misinform.  <br /><br />Crash Course is on Patreon! You can support us directly by signing up at http://www.patreon.com/crashcourse<br /><br />Thanks to the following Patrons for their generous monthly contributions that help keep Crash Course free for everyone forever:<br /><br />Mark Brouwer, Nickie Miskell Jr., Jessica Wode, Eric Prestemon, Kathrin Benoit, Tom Trval, Jason Saslow, Nathan Taylor, Divonne Holmes ? Court, Brian Thomas Gossett, Khaled El Shalakany, Indika Siriwardena, Robert Kunz, SR Foxley, Sam Ferguson, Yasenia Cruz, Daniel Baulig, Eric Koslow, Caleb Weeks, Tim Curwick, Evren T?rkmeno?lu, Alexander Tamas, Justin Zingsheim, D.A. Noe, Shawn Arnold, mark austin, Ruth Perez, Malcolm Callis, Ken Penttinen, Advait Shinde, Cody Carpenter, Annamaria Herrera, William McGraw, Bader AlGhamdi, Vaso, Melissa Briski, Joey Quek, Andrei Krishkevich, Rachel Bright, Alex S, Mayumi Maeda, Kathy &amp; Tim Philip, Montather, Jirat, Eric Kitchen, Moritz Schmidt, Ian Dundore, Chris Peters, Sandra Aft, Steve Marshall<br />--<br /><br />Want to find Crash Course elsewhere on the internet?<br />Facebook - http://www.facebook.com/YouTubeCrashCourse<br />Twitter - http://www.twitter.com/TheCrashCourse<br />Tumblr - http://thecrashcourse.tumblr.com <br />Support Crash Course on Patreon: http://patreon.com/crashcourse<br /><br />CC Kids: http://www.youtube.com/crashcoursekids',
        'mathematics', 3, 356902),
       ('3jP3PwIGD8oaaXdUvQ7PTmGx1cgNckuwTsazRh5VQIUW1YJZ6Djdt7KGAPv2kIWa',
        'Plots, Outliers, and Justin Timberlake: Data Visualization Part 2', 0,
        'Today we?re going to finish up our unit on data visualization by taking a closer look at how dot plots, box plots, and stem and leaf plots represent data. We?ll also talk about the rules we can use to identify outliers and apply our new data viz skills by taking a closer look at how Justin Timberlake?s song lyrics have changed since he went solo. <br /><br />We scraped our Justin Timberlake song data from lyrics.com. If you&#x27;re interested in how we did it or would like to try out the code on a different artist, check out our code on GitHub: https://github.com/cmparlettpelleriti/CC2018/tree/master/unique_lyrs <br /><br />DISCLAIMER: Please be respectful to lyrics websites when scraping data. Some sites may have limits for the number of requests you can make each day.<br /><br />Crash Course is on Patreon! You can support us directly by signing up at http://www.patreon.com/crashcourse<br /><br />Thanks to the following Patrons for their generous monthly contributions that help keep Crash Course free for everyone forever:<br /><br />Mark Brouwer, Nickie Miskell Jr., Jessica Wode, Eric Prestemon, Kathrin Benoit, Tom Trval, Jason Saslow, Nathan Taylor, Divonne Holmes ? Court, Brian Thomas Gossett, Khaled El Shalakany, Indika Siriwardena, Robert Kunz, SR Foxley, Sam Ferguson, Yasenia Cruz, Daniel Baulig, Eric Koslow, Caleb Weeks, Tim Curwick, Evren T?rkmeno?lu, Alexander Tamas, Justin Zingsheim, D.A. Noe, Shawn Arnold, mark austin, Ruth Perez, Malcolm Callis, Ken Penttinen, Advait Shinde, Cody Carpenter, Annamaria Herrera, William McGraw, Bader AlGhamdi, Vaso, Melissa Briski, Joey Quek, Andrei Krishkevich, Rachel Bright, Alex S, Mayumi Maeda, Kathy &amp; Tim Philip, Montather, Jirat, Eric Kitchen, Moritz Schmidt, Ian Dundore, Chris Peters, Sandra Aft, Steve Marshall<br /><br />Want to find Crash Course elsewhere on the internet?<br />Facebook - http://www.facebook.com/YouTubeCrashC...<br />Twitter - http://www.twitter.com/TheCrashCourse<br />Tumblr - http://thecrashcourse.tumblr.com <br />Support Crash Course on Patreon: http://patreon.com/crashcourse<br />CC Kids: http://www.youtube.com/crashcoursekids',
        'mathematics', 3, 248316),
       ('iAHOpUncId33rN3Bn85tIGV9T66dPoMJpEiTp4P08LwijNxL0n5H8VsSAGrem9Yk', 'The Shape of Data: Distributions', 0,
        'When collecting data to make observations about the world it usually just isn&#x27;t possible to collect ALL THE DATA. So instead of asking every single person about student loan debt for instance we take a sample of the population, and then use the shape of our samples to make inferences about the true underlying distribution our data. It turns out we can learn a lot about how something occurs, even if we don&#x27;t know the underlying process that causes it. Today, we?ll also introduce the normal (or bell) curve and talk about how we can learn some really useful things from a sample&#x27;s shape - like if an exam was particularly difficult, how often old faithful erupts, or if there are two types of runners that participate in marathons! <br /><br />Crash Course is on Patreon! You can support us directly by signing up at http://www.patreon.com/crashcourse<br /><br />Thanks to the following Patrons for their generous monthly contributions that help keep Crash Course free for everyone forever:<br /><br />Mark Brouwer, Justin Zingsheim, Nickie Miskell Jr., Jessica Wode, Eric Prestemon, Kathrin Benoit, Tom Trval, Jason Saslow, Nathan Taylor, Divonne Holmes ? Court, Brian Thomas Gossett, Khaled El Shalakany, Indika Siriwardena, Robert Kunz, SR Foxley, Sam Ferguson, Yasenia Cruz, Daniel Baulig, Eric Koslow, Caleb Weeks, Tim Curwick, Evren T?rkmeno?lu, Alexander Tamas, D.A. Noe, Shawn Arnold, mark austin, Ruth Perez, Malcolm Callis, Ken Penttinen, Advait Shinde, Cody Carpenter, Annamaria Herrera, William McGraw, Bader AlGhamdi, Vaso, Melissa Briski, Joey Quek, Andrei Krishkevich, Rachel Bright, Alex S, Mayumi Maeda, Kathy &amp; Tim Philip, Montather, Jirat, Eric Kitchen, Moritz Schmidt, Ian Dundore, Chris Peters,, Sandra Aft, Steve Marshall<br />--<br /><br />Want to find Crash Course elsewhere on the internet?<br />Facebook - http://www.facebook.com/YouTubeCrashCourse<br />Twitter - http://www.twitter.com/TheCrashCourse<br />Tumblr - http://thecrashcourse.tumblr.com <br />Support Crash Course on Patreon: http://patreon.com/crashcourse<br /><br />CC Kids: http://www.youtube.com/crashcoursekids',
        'mathematics', 3, 468258),
       ('4iBrInTFFTidiKKW1XuLxN7smd0CUdNgVxkOAmPx2dYDLpWlbwNqOQZYq05NPdXl', 'Correlation Doesn\'t Equal Causation', 0,
        'Today we?re going to talk about data relationships and what we can learn from them. We?ll focus on correlation, which is a measure of how two variables move together, and we?ll also introduce some useful statistical terms you?ve probably heard of like regression coefficient, correlation coefficient (r), and r^2. But first, we?ll need to introduce a useful way to represent bivariate continuous data - the scatter plot. The scatter plot has been called ?the most useful invention in the history of statistical graphics? but that doesn?t necessarily mean it can tell us everything. Just because two data sets move together doesn?t necessarily mean one CAUSES the other. This gives us one of the most important tenets of statistics: correlation does not imply causation. <br /><br />Crash Course is on Patreon! You can support us directly by signing up at http://www.patreon.com/crashcourse<br /><br />Thanks to the following Patrons for their generous monthly contributions that help keep Crash Course free for everyone forever:<br /><br />Mark Brouwer, Justin Zingsheim, Nickie Miskell Jr., Jessica Wode, Eric Prestemon, Kathrin Benoit, Tom Trval, Jason Saslow, Nathan Taylor, Divonne Holmes ? Court, Brian Thomas Gossett, Khaled El Shalakany, Indika Siriwardena, Robert Kunz, SR Foxley, Sam Ferguson, Yasenia Cruz, Daniel Baulig, Eric Koslow, Caleb Weeks, Tim Curwick, Evren T?rkmeno?lu, Alexander Tamas, D.A. Noe, Shawn Arnold, mark austin, Ruth Perez, Malcolm Callis, Ken Penttinen, Advait Shinde, Cody Carpenter, Annamaria Herrera, William McGraw, Bader AlGhamdi, Vaso, Melissa Briski, Joey Quek, Andrei Krishkevich, Rachel Bright, Alex S, Mayumi Maeda, Kathy &amp; Tim Philip, Montather, Jirat, Eric Kitchen, Moritz Schmidt, Ian Dundore, Chris Peters,, Sandra Aft, Steve Marshall<br />--<br /><br />Want to find Crash Course elsewhere on the internet?<br />Facebook - http://www.facebook.com/YouTubeCrashCourse<br />Twitter - http://www.twitter.com/TheCrashCourse<br />Tumblr - http://thecrashcourse.tumblr.com <br />Support Crash Course on Patreon: http://patreon.com/crashcourse<br /><br />CC Kids: http://www.youtube.com/crashcoursekids',
        'mathematics', 3, 375575),
       ('1owshPNp5QrlkjxLVNDaNxqgsTXgrh6TtKZrtyum5QNwrSOBAH7OGb56y3WszSBr', 'Controlled Experiments', 0,
        'We may be living IN a simulation (according to Elon Musk and many others), but that doesn&#x27;t mean we don&#x27;t need to perform simulations ourselves. Today, we&#x27;re going to talk about good experimental design and how we can create controlled experiments to minimize bias when collecting data. We&#x27;ll also talk about single and double blind studies, randomized block design, and how placebos work.  <br /><br />Crash Course is on Patreon! You can support us directly by signing up at http://www.patreon.com/crashcourse<br /><br />Thanks to the following Patrons for their generous monthly contributions that help keep Crash Course free for everyone forever:<br /><br />Mark Brouwer, Justin Zingsheim, Nickie Miskell Jr., Jessica Wode, Eric Prestemon, Kathrin Benoit, Tom Trval, Jason Saslow, Nathan Taylor, Divonne Holmes ? Court, Brian Thomas Gossett, Khaled El Shalakany, Indika Siriwardena, Robert Kunz, SR Foxley, Sam Ferguson, Yasenia Cruz, Daniel Baulig, Eric Koslow, Caleb Weeks, Tim Curwick, Evren T?rkmeno?lu, Alexander Tamas, D.A. Noe, Shawn Arnold, mark austin, Ruth Perez, Malcolm Callis, Ken Penttinen, Advait Shinde, Cody Carpenter, Annamaria Herrera, William McGraw, Bader AlGhamdi, Vaso, Melissa Briski, Joey Quek, Andrei Krishkevich, Rachel Bright, Alex S, Mayumi Maeda, Kathy &amp; Tim Philip, Montather, Jirat, Eric Kitchen, Moritz Schmidt, Ian Dundore, Chris Peters,, Sandra Aft, Steve Marshall<br />--<br /><br />Want to find Crash Course elsewhere on the internet?<br />Facebook - http://www.facebook.com/YouTubeCrashCourse<br />Twitter - http://www.twitter.com/TheCrashCourse<br />Tumblr - http://thecrashcourse.tumblr.com <br />Support Crash Course on Patreon: http://patreon.com/crashcourse<br /><br />CC Kids: http://www.youtube.com/crashcoursekids',
        'mathematics', 3, 225598),
       ('T6bydVqmGWjxhj6vNdHEMA4tAh5HJM95rhAE2eir8lIokXznDMmJNrh9Au3I784Z', 'Sampling Methods and Bias with Surveys', 0,
        'Today we?re going to talk about good and bad surveys. Surveys are everywhere, from user feedback surveys to telephone polls, and those questionnaires at your doctor&#x27;s office. Still, with their ease to create and distribute, they&#x27;re also susceptible to bias and error. So today we?re going to talk about identifying good and bad survey questions, and how groups (or samples) are selected to represent the entire population since it&#x27;s often just not feasible to ask everyone. <br /><br />Crash Course is on Patreon! You can support us directly by signing up at http://www.patreon.com/crashcourse<br /><br />Thanks to the following Patrons for their generous monthly contributions that help keep Crash Course free for everyone forever:<br /><br />Mark Brouwer, Justin Zingsheim, Nickie Miskell Jr., Jessica Wode, Eric Prestemon, Kathrin Benoit, Tom Trval, Jason Saslow, Nathan Taylor, Divonne Holmes ? Court, Brian Thomas Gossett, Khaled El Shalakany, Indika Siriwardena, Robert Kunz, SR Foxley, Sam Ferguson, Yasenia Cruz, Daniel Baulig, Eric Koslow, Caleb Weeks, Tim Curwick, Evren T?rkmeno?lu, Alexander Tamas, D.A. Noe, Shawn Arnold, mark austin, Ruth Perez, Malcolm Callis, Ken Penttinen, Advait Shinde, Cody Carpenter, Annamaria Herrera, William McGraw, Bader AlGhamdi, Vaso, Melissa Briski, Joey Quek, Andrei Krishkevich, Rachel Bright, Alex S, Mayumi Maeda, Kathy &amp; Tim Philip, Montather, Jirat, Eric Kitchen, Moritz Schmidt, Ian Dundore, Chris Peters,, Sandra Aft, Steve Marshall<br />--<br /><br />Want to find Crash Course elsewhere on the internet?<br />Facebook - http://www.facebook.com/YouTubeCrashCourse<br />Twitter - http://www.twitter.com/TheCrashCourse<br />Tumblr - http://thecrashcourse.tumblr.com <br />Support Crash Course on Patreon: http://patreon.com/crashcourse<br /><br />CC Kids: http://www.youtube.com/crashcoursekids',
        'mathematics', 3, 276644),
       ('qXuuuviGRZTCXgCEWKTLp1ngPX8Pl6GBQZkytUZzYv14cnacUrKt7EhJY9kUuz0p', 'Science Journalism', 0,
        'We?ve talked a lot in this series about how often you see data and statistics in the news and on social media - which is ALL THE TIME! But how do you know who and what you can trust? Today, we?re going to talk about how we, as consumers, can spot flawed studies, sensationalized articles, and just plain poor reporting. And this isn?t to say that all science articles you read on facebook or in magazines are wrong, but that it&#x27;s valuable to read those catchy headlines with some skepticism. <br /><br />Crash Course is on Patreon! You can support us directly by signing up at http://www.patreon.com/crashcourse<br /><br />Thanks to the following Patrons for their generous monthly contributions that help keep Crash Course free for everyone forever:<br /><br />Mark Brouwer, Glenn Elliott, Justin Zingsheim, Jessica Wode, Eric Prestemon, Kathrin Benoit, Tom Trval, Jason Saslow, Nathan Taylor, Divonne Holmes ? Court, Brian Thomas Gossett, Khaled El Shalakany, Indika Siriwardena, Robert Kunz, SR Foxley, Sam Ferguson, Yasenia Cruz, Eric Koslow, Caleb Weeks, Tim Curwick, Evren T?rkmeno?lu, Alexander Tamas, D.A. Noe, Shawn Arnold, mark austin, Ruth Perez, Malcolm Callis, Ken Penttinen, Advait  Shinde, Cody Carpenter, Annamaria Herrera, William McGraw, Bader AlGhamdi, Vaso, Melissa Briski, Joey Quek, Andrei Krishkevich, Rachel Bright, Alex S, Mayumi Maeda, Kathy &amp; Tim Philip, Montather, Jirat, Eric Kitchen, Moritz Schmidt, Ian Dundore, Chris Peters, Sandra Aft, Steve Marshall<br />--<br /><br />Want to find Crash Course elsewhere on the internet?<br />Facebook - http://www.facebook.com/YouTubeCrashCourse<br />Twitter - http://www.twitter.com/TheCrashCourse<br />Tumblr - http://thecrashcourse.tumblr.com <br />Support Crash Course on Patreon: http://patreon.com/crashcourse<br /><br />CC Kids: http://www.youtube.com/crashcoursekids',
        'mathematics', 3, 138206),
       ('A5KpFSHrHESFdF8L4jCyBW6QXxj9GFTrF9Je4CJaOYLpQz1BlZzv4AIR7xWCIpkI',
        'Henrietta Lacks, the Tuskegee Experiment, and Ethical Data Collection', 0,
        'Today we?re going to talk about ethical data collection. From the Tuskegee syphilis experiments and Henrietta Lacks? HeLa cells to the horrifying experiments performed at Nazi concentration camps, many strides have been made from Institutional Review Boards (or IRBs) to the Nuremberg Code to guarantee voluntariness, informed consent, and beneficence in modern statistical gathering. But as we?ll discuss, with the complexities of research in the digital age many new ethical questions arise. <br /><br />Crash Course is on Patreon! You can support us directly by signing up at http://www.patreon.com/crashcourse<br /><br />Thanks to the following Patrons for their generous monthly contributions that help keep Crash Course free for everyone forever:<br /><br />Mark Brouwer, Glenn Elliott, Justin Zingsheim, Jessica Wode, Eric Prestemon, Kathrin Benoit, Tom Trval, Jason Saslow, Nathan Taylor, Divonne Holmes ? Court, Brian Thomas Gossett, Khaled El Shalakany, Indika Siriwardena, Robert Kunz, SR Foxley, Sam Ferguson, Yasenia Cruz, Eric Koslow, Caleb Weeks, Tim Curwick, Evren T?rkmeno?lu, Alexander Tamas, D.A. Noe, Shawn Arnold, mark austin, Ruth Perez, Malcolm Callis, Ken Penttinen, Advait  Shinde, Cody Carpenter, Annamaria Herrera, William McGraw, Bader AlGhamdi, Vaso, Melissa Briski, Joey Quek, Andrei Krishkevich, Rachel Bright, Alex S, Mayumi Maeda, Kathy &amp; Tim Philip, Montather, Jirat, Eric Kitchen, Moritz Schmidt, Ian Dundore, Chris Peters, Sandra Aft, Steve Marshall<br />--<br /><br />Want to find Crash Course elsewhere on the internet?<br />Facebook - http://www.facebook.com/YouTubeCrashCourse<br />Twitter - http://www.twitter.com/TheCrashCourse<br />Tumblr - http://thecrashcourse.tumblr.com <br />Support Crash Course on Patreon: http://patreon.com/crashcourse<br /><br />CC Kids: http://www.youtube.com/crashcoursekids',
        'mathematics', 3, 298170),
       ('TZqUswFdO8y1p5dttGdaoZNVUXgcaJxzmm4rj00KmvoNS9yzW5EEgTopMe2vuii0', 'Probability Part 1: Rules and Patterns', 0,
        'Today we?re going to begin our discussion of probability. We?ll talk about how the addition (OR) rule, the multiplication (AND) rule, and conditional probabilities help us figure out the likelihood of sequences of events happening - from optimizing your chances of having a great night out with friends to seeing Cole Sprouse at IHop!<br /><br />Crash Course is on Patreon! You can support us directly by signing up at http://www.patreon.com/crashcourse<br /><br />Thanks to the following Patrons for their generous monthly contributions that help keep Crash Course free for everyone forever:<br /><br />Mark Brouwer, Glenn Elliott, Justin Zingsheim, Jessica Wode, Eric Prestemon, Kathrin Benoit, Tom Trval, Jason Saslow, Nathan Taylor, Divonne Holmes ? Court, Brian Thomas Gossett, Khaled El Shalakany, Indika Siriwardena, Robert Kunz, SR Foxley, Sam Ferguson, Yasenia Cruz, Eric Koslow, Caleb Weeks, Tim Curwick, Evren T?rkmeno?lu, Alexander Tamas, D.A. Noe, Shawn Arnold, mark austin, Ruth Perez, Malcolm Callis, Ken Penttinen, Advait  Shinde, Cody Carpenter, Annamaria Herrera, William McGraw, Bader AlGhamdi, Vaso, Melissa Briski, Joey Quek, Andrei Krishkevich, Rachel Bright, Alex S, Mayumi Maeda, Kathy &amp; Tim Philip, Montather, Jirat, Eric Kitchen, Moritz Schmidt, Ian Dundore, Chris Peters, Sandra Aft, Steve Marshall<br />--<br /><br />Want to find Crash Course elsewhere on the internet?<br />Facebook - http://www.facebook.com/YouTubeCrashCourse<br />Twitter - http://www.twitter.com/TheCrashCourse<br />Tumblr - http://thecrashcourse.tumblr.com <br />Support Crash Course on Patreon: http://patreon.com/crashcourse<br /><br />CC Kids: http://www.youtube.com/crashcoursekids',
        'mathematics', 3, 406702),
       ('dOm8oQle994feGUCNg5RTOhlQlAf2Gb5hGQjpXMkWsK29R7QoFsnllMFOjPg01mZ',
        'Probability Part 2: Updating Your Beliefs with Bayes', 0,
        'Today we&#x27;re going to introduce bayesian statistics and discuss how this new approach to statistics has revolutionized the field from artificial intelligence and clinical trials to how your computer filters spam! We&#x27;ll also discuss the Law of Large Numbers and how we can use simulations to help us better understand the &quot;rules&quot; of our data, even if we don&#x27;t know the equations that define those rules. <br /><br />Want to try out the law of large numbers simulation yourself? More details here: <br />https://github.com/cmparlettpelleriti/CC2018/blob/master/LLN.md<br /><br />Crash Course is on Patreon! You can support us directly by signing up at http://www.patreon.com/crashcourse<br /><br />Thanks to the following Patrons for their generous monthly contributions that help keep Crash Course free for everyone forever:<br /><br />Mark Brouwer, Glenn Elliott, Justin Zingsheim, Jessica Wode, Eric Prestemon, Kathrin Benoit, Tom Trval, Jason Saslow, Nathan Taylor, Divonne Holmes ? Court, Brian Thomas Gossett, Khaled El Shalakany, Indika Siriwardena, SR Foxley, Sam Ferguson, Yasenia Cruz, Eric Koslow, Caleb Weeks, Tim Curwick, Evren T?rkmeno?lu, D.A. Noe, Shawn  Arnold, mark austin, Ruth Perez, Malcolm Callis, Ken Penttinen, Advait Shinde, Cody Carpenter, Annamaria Herrera, William McGraw, Bader AlGhamdi, Vaso, Melissa Briski, Joey Quek, Andrei Krishkevich, Rachel Bright, Alex S, Mayumi Maeda, Kathy &amp; Tim Philip, Montather, Jirat, Eric Kitchen, Moritz Schmidt, Ian Dundore, Chris Peters, Sandra Aft, Steve Marshall<br /><br />Want to find Crash Course elsewhere on the internet?<br />Facebook - http://www.facebook.com/YouTubeCrashCourse<br />Twitter - http://www.twitter.com/TheCrashCourse<br />Tumblr - http://thecrashcourse.tumblr.com <br />Support Crash Course on Patreon: http://patreon.com/crashcourse<br /><br />CC Kids: http://www.youtube.com/crashcoursekids',
        'mathematics', 3, 208552),
       ('lrISGKJ3fvrkqrdklrhif2q8KDAiy0PzWDRWbWXsI7XBFGIjmqcXRAmQFLo2Ub4C', 'The Binomial Distribution', 0,
        'Today we&#x27;re going to discuss the Binomial Distribution and a special case of this distribution known as a Bernoulli Distribution. The formulas that define these distributions provide us with shortcuts for calculating the probabilities of all kinds of events that happen in everyday life. They can also be used to help us look at how probabilities are connected! For instance, knowing the chance of getting a flat tire today is useful, but knowing the likelihood of getting one this year, or in the next five years, may be more useful. And heads up, this episode is going to have a lot more equations than normal, but to sweeten the deal, we added zombies!<br /><br />If you want to try out some of the math from this video here is a great binomial probability calculator: http://vassarstats.net/textbook/ch5apx.html <br /><br />If you&#x27;d like more information on calculating the binomial coefficient (n-choose-k) read this: http://www.statisticshowto.com/binomial-coefficient/ <br /><br />Want to find Crash Course elsewhere on the internet?<br />Facebook - http://www.facebook.com/YouTubeCrashCourse<br />Twitter - http://www.twitter.com/TheCrashCourse<br />Tumblr - http://thecrashcourse.tumblr.com <br />Support Crash Course on Patreon: http://patreon.com/crashcourse<br /><br />CC Kids: http://www.youtube.com/crashcoursekids',
        'mathematics', 3, 285617),
       ('ptKJrjR8iWyqLpjZ9HuOtzhScZ4Rtb47XzG0uBMmDbHeEvmNRdflVg6kRUgA0obb',
        'Geometric Distributions and The Birthday Paradox', 0,
        'Geometric probabilities, and probabilities in general, allow us to guess how long we&#x27;ll have to wait for something to happen. Today, we&#x27;ll discuss how they can be used to figure out how many Bertie Bott&#x27;s Every Flavour Beans you could eat before getting the dreaded vomit flavored bean, and how they can help us make decisions when there is a little uncertainty - like getting a Pikachu in a pack of Pok?mon Cards! We&#x27;ll finish off this unit on probability by taking a closer look at the Birthday Paradox (or birthday problem) which asks the question: how many people do you think need to be in a room for there to likely be a shared birthday? (It&#x27;s likely much fewer than you would expect!)<br /><br />Crash Course is on Patreon! You can support us directly by signing up at http://www.patreon.com/crashcourse<br /><br />Thanks to the following Patrons for their generous monthly contributions that help keep Crash Course free for everyone forever:<br /><br />Mark Brouwer, Glenn Elliott, Justin Zingsheim, Jessica Wode, Eric Prestemon, Kathrin Benoit, Tom Trval, Jason Saslow, Nathan Taylor, Divonne Holmes ? Court, Brian Thomas Gossett, Khaled El Shalakany, Indika Siriwardena, SR Foxley, Sam Ferguson, Yasenia Cruz, Eric Koslow, Caleb Weeks, Tim Curwick, Evren T?rkmeno?lu, D.A. Noe, Shawn  Arnold, mark austin, Ruth Perez, Malcolm Callis, Ken Penttinen, Advait Shinde, Cody Carpenter, Annamaria Herrera, William McGraw, Bader AlGhamdi, Vaso, Melissa Briski, Joey Quek, Andrei Krishkevich, Rachel Bright, Alex S, Mayumi Maeda, Kathy &amp; Tim Philip, Montather, Jirat, Eric Kitchen, Moritz Schmidt, Ian Dundore, Chris Peters, Sandra Aft, Steve Marshall<br />--<br /><br />Want to find Crash Course elsewhere on the internet?<br />Facebook - http://www.facebook.com/YouTubeCrashCourse<br />Twitter - http://www.twitter.com/TheCrashCourse<br />Tumblr - http://thecrashcourse.tumblr.com <br />Support Crash Course on Patreon: http://patreon.com/crashcourse<br /><br />CC Kids: http://www.youtube.com/crashcoursekids',
        'mathematics', 3, 131047),
       ('BYhHXM42Hmy18aZjUxOZQ1vUCXuyh6xQpJ9vItlCJayCDAzZC901GzOtec9NkX1K', 'Randomness', 0,
        'There are a lot of events in life that we just can?t predict, but just because something is random doesn?t mean we don?t know or can?t learn anything about it. Today, we?re going to talk about how we can extract information from seemingly random events starting with the expected value or mean of a distribution and walking through the first four ?moments?  - the mean, variance, skewness, and kurtosis.<br /><br />Note: There are many formulas to calculate skewness and kurtosis (https://www.itl.nist.gov/div898/handbook/eda/section3/eda35b.htm), our formulas deal with what they have in common, their moment generating functions.<br /><br />More on sheep study:  http://aiweirdness.com/post/171451900302/do-neural-nets-dream-of-electric-sheep <br /><br />More on fecal matter study: http://aem.asm.org/content/early/2018/02/05/AEM.00044-18.abstract <br /><br />Crash Course is on Patreon! You can support us directly by signing up at http://www.patreon.com/crashcourse<br /><br />Thanks to the following Patrons for their generous monthly contributions that help keep Crash Course free for everyone forever:<br /><br />Mark Brouwer, Glenn Elliott, Justin Zingsheim, Jessica Wode, Eric Prestemon, Kathrin Benoit, Tom Trval, Jason Saslow, Nathan Taylor, Divonne Holmes ? Court, Brian Thomas Gossett, Khaled El Shalakany, Indika Siriwardena, SR Foxley, Sam Ferguson, Yasenia Cruz, Eric Koslow, Caleb Weeks, Tim Curwick, Evren T?rkmeno?lu, D.A. Noe, Shawn  Arnold, mark austin, Ruth Perez, Malcolm Callis, Ken Penttinen, Advait Shinde, Cody Carpenter, Annamaria Herrera, William McGraw, Bader AlGhamdi, Vaso, Melissa Briski, Joey Quek, Andrei Krishkevich, Rachel Bright, Alex S, Mayumi Maeda, Kathy &amp; Tim Philip, Montather, Jirat, Eric Kitchen, Moritz Schmidt, Ian Dundore, Chris Peters, Sandra Aft, Steve Marshall<br />--<br /><br />Want to find Crash Course elsewhere on the internet?<br />Facebook - http://www.facebook.com/YouTubeCrashCourse<br />Twitter - http://www.twitter.com/TheCrashCourse<br />Tumblr - http://thecrashcourse.tumblr.com <br />Support Crash Course on Patreon: http://patreon.com/crashcourse<br /><br />CC Kids: http://www.youtube.com/crashcoursekids',
        'mathematics', 3, 133036),
       ('4bgvzYRQAbk4axyMa0XRfVkCMmz0gXAf1TO6Wl3sXutETUKJCXJuw8lOMAOaPNGI', 'Z-Scores and Percentiles', 0,
        'Today we?re going to talk about how we compare things that aren?t exactly the same - or aren?t measured in the same way. For example, if you wanted to know if a 1200 on the SAT is better than the 25 on the ACT. For this, we need to standardize our data using z-scores - which allow us to make comparisons between two sets of data as long as they?re normally distributed. We?ll also talk about converting these scores to percentiles and discuss how percentiles, though valuable, don?t actually tell us how ?extreme? our data really is. <br /><br />Crash Course is on Patreon! You can support us directly by signing up at http://www.patreon.com/crashcourse<br /><br />Thanks to the following Patrons for their generous monthly contributions that help keep Crash Course free for everyone forever:<br /><br />Mark Brouwer, Glenn Elliott, Justin Zingsheim, Jessica Wode, Eric Prestemon, Kathrin Benoit, Tom Trval, Jason Saslow, Nathan Taylor, Divonne Holmes ? Court, Brian Thomas Gossett, Khaled El Shalakany, Indika Siriwardena, SR Foxley, Sam Ferguson, Yasenia Cruz, Eric Koslow, Caleb Weeks, Tim Curwick, Evren T?rkmeno?lu, D.A. Noe, Shawn  Arnold, mark austin, Ruth Perez, Malcolm Callis, Ken Penttinen, Advait Shinde, Cody Carpenter, Annamaria Herrera, William McGraw, Bader AlGhamdi, Vaso, Melissa Briski, Joey Quek, Andrei Krishkevich, Rachel Bright, Alex S, Mayumi Maeda, Kathy &amp; Tim Philip, Montather, Jirat, Eric Kitchen, Moritz Schmidt, Ian Dundore, Chris Peters, Sandra Aft, Steve Marshall<br />--<br /><br />Want to find Crash Course elsewhere on the internet?<br />Facebook - http://www.facebook.com/YouTubeCrashCourse<br />Twitter - http://www.twitter.com/TheCrashCourse<br />Tumblr - http://thecrashcourse.tumblr.com <br />Support Crash Course on Patreon: http://patreon.com/crashcourse<br /><br />CC Kids: http://www.youtube.com/crashcoursekids',
        'mathematics', 3, 426892),
       ('Bnvhkipnv5s3xuqhvp6T7fR26yiMGnMCKXQfGVON09JGkqf25snD4DMZWOpZRHOg', 'The Normal Distribution', 0,
        'Today is the day we finally talk about the normal distribution! The normal distribution is incredibly important in statistics because distributions of means are normally distributed even if populations aren&#x27;t. We&#x27;ll get into why this is so - due to the Central Limit Theorem - but it&#x27;s useful because it allows us to make comparisons between different groups even if we don&#x27;t know the underlying distribution of the population being studied.  <br /><br />Crash Course is on Patreon! You can support us directly by signing up at http://www.patreon.com/crashcourse<br /><br />Thanks to the following Patrons for their generous monthly contributions that help keep Crash Course free for everyone forever:<br /><br />Mark Brouwer, Glenn Elliott, Justin Zingsheim, Jessica Wode, Eric Prestemon, Kathrin Benoit, Tom Trval, Jason Saslow, Nathan Taylor, Divonne Holmes ? Court, Brian Thomas Gossett, Khaled El Shalakany, Indika Siriwardena, SR Foxley, Sam Ferguson, Yasenia Cruz, Eric Koslow, Caleb Weeks, Tim Curwick, Evren T?rkmeno?lu, D.A. Noe, Shawn Arnold, Ruth Perez, Malcolm Callis, Ken Penttinen, Advait Shinde, Cody Carpenter, Annamaria Herrera, William McGraw, Bader AlGhamdi, Vaso, Melissa Briski, Joey Quek, Andrei Krishkevich, Rachel Bright, Alex S, Mayumi Maeda, Kathy &amp; Tim Philip, Montather, Jirat, Eric Kitchen, Moritz Schmidt, Ian Dundore, Chris Peters, Sandra Aft<br />--<br /><br />Want to find Crash Course elsewhere on the internet?<br />Facebook - http://www.facebook.com/YouTubeCrashCourse<br />Twitter - http://www.twitter.com/TheCrashCourse<br />Tumblr - http://thecrashcourse.tumblr.com <br />Support Crash Course on Patreon: http://patreon.com/crashcourse<br /><br />CC Kids: http://www.youtube.com/crashcoursekids',
        'mathematics', 3, 286781),
       ('aL62OLLQb7IUVxlqPv8E4McCiphjRzKa7anLZqyP8c1QyCuPdX4rdiaW4bb7UKMO', 'Confidence Intervals', 0,
        'Today we?re going to talk about confidence intervals. Confidence intervals allow us to quantify our uncertainty, by allowing us to define a range of values for our predictions and assigning a likelihood that something falls within that range. And confidence intervals come up a lot like when you get delivery windows for packages, during elections when pollsters cite margin of errors, and we use them instinctively in everyday decisions. But confidence intervals also demonstrate the tradeoff of accuracy for precision - the greater our confidence, usually the less useful our range.  <br /><br />Crash Course is on Patreon! You can support us directly by signing up at http://www.patreon.com/crashcourse<br /><br />Thanks to the following Patrons for their generous monthly contributions that help keep Crash Course free for everyone forever:<br /><br />Mark Brouwer, Glenn Elliott, Justin Zingsheim, Jessica Wode, Eric Prestemon, Kathrin Benoit, Tom Trval, Jason Saslow, Nathan Taylor, Divonne Holmes ? Court, Brian Thomas Gossett, Khaled El Shalakany, Indika Siriwardena, SR Foxley, Sam Ferguson, Yasenia Cruz, Eric Koslow, Caleb Weeks, Tim Curwick, Evren T?rkmeno?lu, D.A. Noe, Shawn Arnold, Ruth Perez, Malcolm Callis, Ken Penttinen, Advait Shinde, Cody Carpenter, Annamaria Herrera, William McGraw, Bader AlGhamdi, Vaso, Melissa Briski, Joey Quek, Andrei Krishkevich, Rachel Bright, Alex S, Mayumi Maeda, Kathy &amp; Tim Philip, Montather, Jirat, Eric Kitchen, Moritz Schmidt, Ian Dundore, Chris Peters, Sandra Aft<br />--<br /><br />Want to find Crash Course elsewhere on the internet?<br />Facebook - http://www.facebook.com/YouTubeCrashCourse<br />Twitter - http://www.twitter.com/TheCrashCourse<br />Tumblr - http://thecrashcourse.tumblr.com <br />Support Crash Course on Patreon: http://patreon.com/crashcourse<br /><br />CC Kids: http://www.youtube.com/crashcoursekids',
        'mathematics', 3, 346869),
       ('1ZrSwu5pqYQ3C2hDLClhqlgXYGqOgIQiBURn592wCJrE43sewr8hYOJn8ujcKs4x', 'How P-Values Help Us Test Hypotheses', 0,
        'Today we&#x27;re going to begin our three-part unit on p-values. In this episode we&#x27;ll talk about Null Hypothesis Significance Testing (or NHST) which is a framework for comparing two sets of information. In NHST we assume that there is no difference between the two things we are observing and and use our p-value as a predetermined cutoff for if something seems sufficiently rare or not to allow us to reject that these two observations are the same. This p-value tells us if something is statistically significant, but as you&#x27;ll see that doesn&#x27;t necessarily mean the information is significant or meaningful to you. <br /><br />Crash Course is on Patreon! You can support us directly by signing up at http://www.patreon.com/crashcourse<br /><br />Thanks to the following Patrons for their generous monthly contributions that help keep Crash Course free for everyone forever:<br /><br />Mark Brouwer, Glenn Elliott, Justin Zingsheim, Jessica Wode, Eric Prestemon, Kathrin Benoit, Tom Trval, Jason Saslow, Nathan Taylor, Divonne Holmes ? Court, Brian Thomas Gossett, Khaled El Shalakany, Indika Siriwardena, SR Foxley, Sam Ferguson, Yasenia Cruz, Eric Koslow, Caleb Weeks, Tim Curwick, Evren T?rkmeno?lu, D.A. Noe, Shawn Arnold, Ruth Perez, Malcolm Callis, Ken Penttinen, Advait Shinde, Cody Carpenter, Annamaria Herrera, William McGraw, Bader AlGhamdi, Vaso, Melissa Briski, Joey Quek, Andrei Krishkevich, Rachel Bright, Alex S, Mayumi Maeda, Kathy &amp; Tim Philip, Montather, Jirat, Eric Kitchen, Moritz Schmidt, Ian Dundore, Chris Peters, Sandra Aft<br />--<br /><br />Want to find Crash Course elsewhere on the internet?<br />Facebook - http://www.facebook.com/YouTubeCrashCourse<br />Twitter - http://www.twitter.com/TheCrashCourse<br />Tumblr - http://thecrashcourse.tumblr.com <br />Support Crash Course on Patreon: http://patreon.com/crashcourse<br /><br />CC Kids: http://www.youtube.com/crashcoursekids',
        'mathematics', 3, 280785),
       ('GMelCcgptdBgD0rbEKshzoCGyawIC7HX5XEioTedcNfqlu3jqGLL0lCnC5PIYOVc', 'P-Value Problems', 0,
        'Last week we introduced p-values as a way to set a predetermined cutoff when testing if something seems unusual enough to reject our null hypothesis - that they are the same. But today we?re going to discuss some problems with the logic of p-values, how they are commonly misinterpreted, how p-values don?t give us exactly what we want to know, and how that cutoff is arbitrary - and arguably not stringent enough in some scenarios.  <br /><br />Crash Course is on Patreon! You can support us directly by signing up at http://www.patreon.com/crashcourse<br /><br />Thanks to the following Patrons for their generous monthly contributions that help keep Crash Course free for everyone forever:<br /><br />Mark Brouwer, Erika &amp; Alexa Saur Glenn Elliott, Justin Zingsheim, Jessica Wode, Eric Prestemon, Kathrin Benoit, Tom Trval, Nathan Taylor, Divonne Holmes ? Court, Brian Thomas Gossett, Khaled El Shalakany, Indika Siriwardena, SR Foxley, Sam Ferguson, Yasenia Cruz, Eric Koslow, Caleb Weeks, Tim Curwick, D.A. Noe, Shawn Arnold, Ruth Perez, Malcolm Callis, Ken Penttinen, Advait Shinde, William McGraw, Andrei Krishkevich, Rachel Bright, Mayumi Maeda, Kathy &amp; Tim Philip, Jirat, Eric Kitchen, Ian Dundore, Chris Peters<br />--<br /><br />Want to find Crash Course elsewhere on the internet?<br />Facebook - http://www.facebook.com/YouTubeCrashCourse<br />Twitter - http://www.twitter.com/TheCrashCourse<br />Tumblr - http://thecrashcourse.tumblr.com <br />Support Crash Course on Patreon: http://patreon.com/crashcourse<br /><br />CC Kids: http://www.youtube.com/crashcoursekids',
        'mathematics', 3, 125670),
       ('bKfCc5m4koI0Fra3bYbLEnLr2aa4uuh2lTI0Nw62UwODtTghL4Trihvp335T9d1C', 'Playing with Power: P-Values Pt 3', 0,
        'We&#x27;re going to finish up our discussion of p-values by taking a closer look at how they can get it wrong, and what we can do to minimize those errors. We&#x27;ll discuss Type 1 (when we think we&#x27;ve detected an effect, but there actually isn&#x27;t one) and Type 2 (when there was an effect we didn&#x27;t see) errors and introduce statistical power - which tells us the chance of detecting an effect if there is one. <br /><br />Crash Course is on Patreon! You can support us directly by signing up at http://www.patreon.com/crashcourse<br /><br />Thanks to the following Patrons for their generous monthly contributions that help keep Crash Course free for everyone forever:<br /><br />Mark Brouwer, Erika &amp; Alexa Saur Glenn Elliott, Justin Zingsheim, Jessica Wode, Eric Prestemon, Kathrin Benoit, Tom Trval, Nathan Taylor, Divonne Holmes ? Court, Brian Thomas Gossett, Khaled El Shalakany, Indika Siriwardena, SR Foxley, Sam Ferguson, Yasenia Cruz, Eric Koslow, Caleb Weeks, Tim Curwick, D.A. Noe, Shawn Arnold, Ruth Perez, Malcolm Callis, Ken Penttinen, Advait Shinde, William McGraw, Andrei Krishkevich, Rachel Bright, Mayumi Maeda, Kathy &amp; Tim Philip, Jirat, Eric Kitchen, Ian Dundore, Chris Peters<br />--<br /><br />Want to find Crash Course elsewhere on the internet?<br />Facebook - http://www.facebook.com/YouTubeCrashCourse<br />Twitter - http://www.twitter.com/TheCrashCourse<br />Tumblr - http://thecrashcourse.tumblr.com <br />Support Crash Course on Patreon: http://patreon.com/crashcourse<br /><br />CC Kids: http://www.youtube.com/crashcoursekids',
        'mathematics', 3, 95786),
       ('VXJfKfZB0wrEWG2ltFgp9per7WSVgt2l2l21C86sKL0UfYCHHOs5Wk93VJkSytdz', 'You Know I\'m All About that Bayes', 0,
        'Today we?re going to talk about Bayes Theorem and Bayesian hypothesis testing. Bayesian methods like these are different from how we&#x27;ve been approaching statistics so far, because they allow us to update our beliefs as we gather new information - which is how we tend to think naturally about the world. And this can be a really powerful tool, since it allows us to incorporate both scientifically rigorous data AND our previous biases into our evolving opinions.<br /><br />CORRECTION: At 2:09 the righthand side of the equation should not have P()&#x27;s, it should just be the raw numbers. <br /><br />Crash Course is on Patreon! You can support us directly by signing up at http://www.patreon.com/crashcourse<br /><br />Thanks to the following Patrons for their generous monthly contributions that help keep Crash Course free for everyone forever:<br /><br />Mark Brouwer, Erika &amp; Alexa Saur Glenn Elliott, Justin Zingsheim, Jessica Wode, Eric Prestemon, Kathrin Benoit, Tom Trval, Nathan Taylor, Divonne Holmes ? Court, Brian Thomas Gossett, Khaled El Shalakany, Indika Siriwardena, SR Foxley, Sam Ferguson, Yasenia Cruz, Eric Koslow, Caleb Weeks, Tim Curwick, D.A. Noe, Shawn Arnold, Ruth Perez, Malcolm Callis, Ken Penttinen, Advait Shinde, William McGraw, Andrei Krishkevich, Rachel Bright, Mayumi Maeda, Kathy &amp; Tim Philip, Jirat, Eric Kitchen, Ian Dundore, Chris Peters<br />--<br /><br />Want to find Crash Course elsewhere on the internet?<br />Facebook - http://www.facebook.com/YouTubeCrashCourse<br />Twitter - http://www.twitter.com/TheCrashCourse<br />Tumblr - http://thecrashcourse.tumblr.com <br />Support Crash Course on Patreon: http://patreon.com/crashcourse<br /><br />CC Kids: http://www.youtube.com/crashcoursekids',
        'mathematics', 3, 287415),
       ('Vf2JWk3N4FWCQMxATk4UPmf9g2ULzzTj7PrTHm1sEeBcfR29tsVXzMoVQwTXVr4H', 'Bayes in Science and Everyday Life', 0,
        'Today we&#x27;re going to finish up our discussion of Bayesian inference by showing you how we can it be used for continuous data sets and be applied both in science and everyday life. From A/B testing of websites and getting a better understanding of psychological disorders to helping with language translation and purchase recommendations Bayes statistics really are being used everywhere! <br /><br />Will Kurt&#x27;s A/B Testing Example: https://www.countbayesie.com/blog/2015/4/25/bayesian-ab-testing <br /><br />Crash Course is on Patreon! You can support us directly by signing up at http://www.patreon.com/crashcourse<br /><br />Thanks to the following Patrons for their generous monthly contributions that help keep Crash Course free for everyone forever:<br /><br />Mark Brouwer, Erika &amp; Alexa Saur, Glenn Elliott, Justin Zingsheim, Jessica Wode, Eric Prestemon, Kathrin Benoit, Tom Trval, Jason Saslow, Nathan Taylor, Divonne Holmes ? Court. Brian Thomas Gossett, Khaled El Shalakany, Indika Siriwardena, SR Foxley, Sam Ferguson, Yasenia Cruz, Eric Koslow, Caleb Weeks, Tim Curwick, D.A. Noe, Shawn Arnold, Ruth Perez, Malcolm Callis, Ken Penttinen, Advait Shinde, William McGraw, Andrei Krishkevich, Rachel Bright, Mayumi Maeda, Kathy &amp; Tim Philip, Jirat, Eric Kitchen, Ian Dundore, Chris Peters<br />--<br /><br />Want to find Crash Course elsewhere on the internet?<br />Facebook - http://www.facebook.com/YouTubeCrashCourse<br />Twitter - http://www.twitter.com/TheCrashCourse<br />Tumblr - http://thecrashcourse.tumblr.com <br />Support Crash Course on Patreon: http://patreon.com/crashcourse<br /><br />CC Kids: http://www.youtube.com/crashcoursekids',
        'mathematics', 3, 96254),
       ('fpnfuICVjoeqQaAuPtrizhEaI7BOV577lRnZL4MHbVf67GUJvUsU0KYlPgP0CbyE', 'Test Statistics', 0,
        'Test statistics allow us to quantify how close things are to our expectations or theories. Instead of going on our gut feelings, they allow us to add a little mathematical rigor when asking the question: ?Is this random? or real?? Today, we?ll introduce some examples using both t-tests and z-tests and explain how critical values and p-values are different ways of telling us the same information. We?ll get to some other test statistics like F tests and chi-square in a future episode. <br /><br />Crash Course is on Patreon! You can support us directly by signing up at http://www.patreon.com/crashcourse<br /><br />Thanks to the following Patrons for their generous monthly contributions that help keep Crash Course free for everyone forever:<br /><br />Mark Brouwer, Erika &amp; Alexa Saur, Glenn Elliott, Justin Zingsheim, Jessica Wode, Eric Prestemon, Kathrin Benoit, Tom Trval, Jason Saslow, Nathan Taylor, Divonne Holmes ? Court. Brian Thomas Gossett, Khaled El Shalakany, Indika Siriwardena, SR Foxley, Sam Ferguson, Yasenia Cruz, Eric Koslow, Caleb Weeks, Tim Curwick, D.A. Noe, Shawn Arnold, Ruth Perez, Malcolm Callis, Ken Penttinen, Advait Shinde, William McGraw, Andrei Krishkevich, Rachel Bright, Mayumi Maeda, Kathy &amp; Tim Philip, Jirat, Eric Kitchen, Ian Dundore, Chris Peters<br />--<br /><br />Want to find Crash Course elsewhere on the internet?<br />Facebook - http://www.facebook.com/YouTubeCrashCourse<br />Twitter - http://www.twitter.com/TheCrashCourse<br />Tumblr - http://thecrashcourse.tumblr.com <br />Support Crash Course on Patreon: http://patreon.com/crashcourse<br /><br />CC Kids: http://www.youtube.com/crashcoursekids',
        'mathematics', 3, 196465),
       ('fTB4oC4OSepTVhaB015a4Eyjzb75SoGv5NvfLEoheE5Pt4sYVjXv5hYzEPD6wNyE', 'T-Tests: A Matched Pair Made in Heaven', 0,
        'Today we&#x27;re going to walk through a couple of statistical approaches to answer the question: &quot;is coffee from the local cafe, Caf-fiend, better than that other cafe, The Blend Den?&quot; We&#x27;ll build a two sample t-test which will tell us how many standard errors away from the mean our observed difference is in our tasting experiment, and then we&#x27;ll introduce a matched pair t-tests which allow us to remove variation in the experiment. All of these approaches rely on the test statistic framework we introduced last episode. <br /><br />Crash Course is on Patreon! You can support us directly by signing up at http://www.patreon.com/crashcourse<br /><br />Thanks to the following Patrons for their generous monthly contributions that help keep Crash Course free for everyone forever:<br /><br />Mark Brouwer, Erika &amp; Alexa Saur, Glenn Elliott, Justin Zingsheim, Jessica Wode, Eric Prestemon, Kathrin Benoit, Tom Trval, Jason Saslow, Nathan Taylor, Divonne Holmes ? Court. Brian Thomas Gossett, Khaled El Shalakany, Indika Siriwardena, SR Foxley, Sam Ferguson, Yasenia Cruz, Eric Koslow, Caleb Weeks, Tim Curwick, D.A. Noe, Shawn Arnold, Ruth Perez, Malcolm Callis, Ken Penttinen, Advait Shinde, William McGraw, Andrei Krishkevich, Rachel Bright, Mayumi Maeda, Kathy &amp; Tim Philip, Jirat, Eric Kitchen, Ian Dundore, Chris Peters<br />--<br /><br />Want to find Crash Course elsewhere on the internet?<br />Facebook - http://www.facebook.com/YouTubeCrashCourse<br />Twitter - http://www.twitter.com/TheCrashCourse<br />Tumblr - http://thecrashcourse.tumblr.com <br />Support Crash Course on Patreon: http://patreon.com/crashcourse<br /><br />CC Kids: http://www.youtube.com/crashcoursekids',
        'mathematics', 3, 195229),
       ('i5wu9IwW6vLHiKqDzNOuPX62YxP9KezJ95oSYYkJ1EWIUUd5bMyEoF5MDV5BSaRL', 'Degrees of Freedom and Effect Sizes', 0,
        'Today we&#x27;re going to talk about degrees of freedom - which are the number of independent pieces of information that make up our models. More degrees of freedom typically mean more concrete results. But something that is statistically significant isn&#x27;t always practically significant. And to measure that, we&#x27;ll introduce another new concept - effect size. <br /><br />Crash Course is on Patreon! You can support us directly by signing up at http://www.patreon.com/crashcourse<br /><br />Thanks to the following Patrons for their generous monthly contributions that help keep Crash Course free for everyone forever:<br /><br />Mark Brouwer, Erika &amp; Alexa Saur, Glenn Elliott, Justin Zingsheim, Jessica Wode, Eric Prestemon, Kathrin Benoit, Tom Trval, Jason Saslow, Nathan Taylor, Divonne Holmes ? Court. Brian Thomas Gossett, Khaled El Shalakany, Indika Siriwardena, SR Foxley, Sam Ferguson, Yasenia Cruz, Eric Koslow, Caleb Weeks, Tim Curwick, D.A. Noe, Shawn Arnold, Ruth Perez, Malcolm Callis, Ken Penttinen, Advait Shinde, William McGraw, Andrei Krishkevich, Rachel Bright, Mayumi Maeda, Kathy &amp; Tim Philip, Jirat, Eric Kitchen, Ian Dundore, Chris Peters<br />--<br /><br />Want to find Crash Course elsewhere on the internet?<br />Facebook - http://www.facebook.com/YouTubeCrashCourse<br />Twitter - http://www.twitter.com/TheCrashCourse<br />Tumblr - http://thecrashcourse.tumblr.com <br />Support Crash Course on Patreon: http://patreon.com/crashcourse<br /><br />CC Kids: http://www.youtube.com/crashcoursekids',
        'mathematics', 3, 143173),
       ('pG9UNCPzKfm2MvhRXGMnraNVVqFQU1KzGpJU8SapKmhvd2H7wWcLRcYFYee7Iob3', 'Chi-Square Tests', 0,
        'Today we&#x27;re going to talk about Chi-Square Tests - which allow us to measure differences in strictly categorical data like hair color, dog breed, or academic degree. We&#x27;ll cover the three main Chi-Square tests: goodness of fit test, test of independence, and test of homogeneity. And explain how we can use each of these tests to make comparisons. <br /><br />Crash Course is on Patreon! You can support us directly by signing up at http://www.patreon.com/crashcourse<br /><br />Thanks to the following Patrons for their generous monthly contributions that help keep Crash Course free for everyone forever:<br /><br />Mark Brouwer, Erika &amp; Alexa Saur, Glenn Elliott, Justin Zingsheim, Jessica Wode, Eric Prestemon, Kathrin Benoit, Tom Trval, Jason Saslow, Nathan Taylor, Divonne Holmes ? Court. Brian Thomas Gossett, Khaled El Shalakany, Indika Siriwardena, SR Foxley, Sam Ferguson, Yasenia Cruz, Eric Koslow, Caleb Weeks, Tim Curwick, D.A. Noe, Shawn Arnold, Ruth Perez, Malcolm Callis, Ken Penttinen, Advait Shinde, William McGraw, Andrei Krishkevich, Rachel Bright, Mayumi Maeda, Kathy &amp; Tim Philip, Jirat, Eric Kitchen, Ian Dundore, Chris Peters<br />--<br /><br />Want to find Crash Course elsewhere on the internet?<br />Facebook - http://www.facebook.com/YouTubeCrashCourse<br />Twitter - http://www.twitter.com/TheCrashCourse<br />Tumblr - http://thecrashcourse.tumblr.com <br />Support Crash Course on Patreon: http://patreon.com/crashcourse<br /><br />CC Kids: http://www.youtube.com/crashcoursekids',
        'mathematics', 3, 452967),
       ('pzvx5eqOlRG6foNQKN05tqhMo8LCgEbcSdbWSrkKpo5IaReiN0owveEprjH7kCfa', 'P-Hacking', 0,
        'Today we&#x27;re going to talk about p-hacking (also called data dredging or data fishing). P-hacking is when data is analyzed to find patterns that produce statistically significant results, even if there really isn&#x27;t an underlying effect, and it has become a huge problem in science since many scientific theories rely on p-values as proof of their existence! Today, we&#x27;re going to talk about a few ways researchers have &quot;hacked&quot; their data, and give you some tips for identifying and avoiding these types of problems when you encounter stats in your own lives. <br /><br />XKCD&#x27;s comic on p-hacking: https://xkcd.com/882/ <br /><br />Crash Course is on Patreon! You can support us directly by signing up at http://www.patreon.com/crashcourse<br /><br />Thanks to the following Patrons for their generous monthly contributions that help keep Crash Course free for everyone forever:<br /><br />Mark Brouwer, Trevin Beattie, Satya Ridhima Parvathaneni, Erika &amp; Alexa Saur, Glenn Elliott, Justin Zingsheim, Jessica Wode, Eric Prestemon, Kathrin Benoit, Tom Trval, Jason Saslow, Nathan Taylor, Brian Thomas Gossett, Khaled El Shalakany, Indika Siriwardena, SR Foxley, Sam Ferguson, Yasenia Cruz, Eric Koslow, Caleb Weeks, Tim Curwick, D.A. Noe, Shawn Arnold, Ruth Perez, Malcolm Callis, Advait Shinde, William McGraw, Andrei Krishkevich, Rachel Bright, Mayumi Maeda, Kathy &amp; Tim Philip, Eric Kitchen, Ian Dundore, Chris Peters<br />--<br /><br />Want to find Crash Course elsewhere on the internet?<br />Facebook - http://www.facebook.com/YouTubeCrashCourse<br />Twitter - http://www.twitter.com/TheCrashCourse<br />Tumblr - http://thecrashcourse.tumblr.com <br />Support Crash Course on Patreon: http://patreon.com/crashcourse<br /><br />CC Kids: http://www.youtube.com/crashcoursekids',
        'mathematics', 3, 112897),
       ('uae2ccOfTvkbu16TEMly1ubNS37l18MT56FMgEH3i96jaAmuJvUWriU7weEXA9aT', 'The Replication Crisis', 0,
        'Replication (re-running studies to confirm results) and reproducibility (the ability to repeat an analyses on data) have come under fire over the past few years. The foundation of science itself is built upon statistical analysis and yet there has been more and more evidence that suggests possibly even the majority of studies cannot be replicated. This &quot;replication crisis&quot; is likely being caused by a number of factors which we&#x27;ll discuss as well as some of the proposed solutions to ensure that the results we&#x27;re drawing from scientific studies are reliable. <br /><br />Crash Course is on Patreon! You can support us directly by signing up at http://www.patreon.com/crashcourse<br /><br />Thanks to the following Patrons for their generous monthly contributions that help keep Crash Course free for everyone forever:<br /><br />Mark Brouwer, Trevin Beattie, Satya Ridhima Parvathaneni, Erika &amp; Alexa Saur, Glenn Elliott, Justin Zingsheim, Jessica Wode, Eric Prestemon, Kathrin Benoit, Tom Trval, Jason Saslow, Nathan Taylor, Brian Thomas Gossett, Khaled El Shalakany, Indika Siriwardena, SR Foxley, Sam Ferguson, Yasenia Cruz, Eric Koslow, Caleb Weeks, Tim Curwick, D.A. Noe, Shawn Arnold, Ruth Perez, Malcolm Callis, Advait Shinde, William McGraw, Andrei Krishkevich, Rachel Bright, Mayumi Maeda, Kathy &amp; Tim Philip, Eric Kitchen, Ian Dundore, Chris Peters<br />--<br /><br />Want to find Crash Course elsewhere on the internet?<br />Facebook - http://www.facebook.com/YouTubeCrashCourse<br />Twitter - http://www.twitter.com/TheCrashCourse<br />Tumblr - http://thecrashcourse.tumblr.com <br />Support Crash Course on Patreon: http://patreon.com/crashcourse<br /><br />CC Kids: http://www.youtube.com/crashcoursekids',
        'mathematics', 3, 78052),
       ('swczoNhcpnJNw3QXTpROi2EiN1QRRrX4H0EyRIvsIFP3ONYSBynT2YDpi7vtQL3X', 'Regression', 0,
        'Today we&#x27;re going to introduce one of the most flexible statistical tools - the General Linear Model (or GLM). GLMs allow us to create many different models to help describe the world - you see them a lot in science, economics, and politics. Today we&#x27;re going to build a hypothetical model to look at the relationship between likes and comments on a trending YouTube video using the Regression Model. We&#x27;ll be introducing other popular models over the next few episodes. <br /><br />Crash Course is on Patreon! You can support us directly by signing up at http://www.patreon.com/crashcourse<br /><br />Thanks to the following Patrons for their generous monthly contributions that help keep Crash Course free for everyone forever:<br /><br />Mark Brouwer, Kenneth F Penttinen, Trevin Beattie, Satya Ridhima Parvathaneni, Erika &amp; Alexa Saur, Glenn Elliott, Justin Zingsheim, Jessica Wode, Eric Prestemon, Kathrin Benoit, Tom Trval, Jason Saslow, Nathan Taylor, Brian Thomas Gossett, Khaled El Shalakany, Indika Siriwardena, SR Foxley, Sam Ferguson, Yasenia Cruz, Eric Koslow, Caleb Weeks, D.A. Noe, Shawn Arnold, Malcolm Callis, Advait Shinde, William McGraw, Andrei Krishkevich, Rachel Bright, Mayumi Maeda, Kathy &amp; Tim Philip, Jirat, Ian Dundore<br />--<br /><br />Want to find Crash Course elsewhere on the internet?<br />Facebook - http://www.facebook.com/YouTubeCrashCourse<br />Twitter - http://www.twitter.com/TheCrashCourse<br />Tumblr - http://thecrashcourse.tumblr.com <br />Support Crash Course on Patreon: http://patreon.com/crashcourse<br /><br />CC Kids: http://www.youtube.com/crashcoursekids',
        'mathematics', 3, 520905),
       ('jZ6uVudscHg0CV5vVPNxDA9fzjpB07J4Zs8TUJeumgBLlGyZagYMXuAuiyZ4NVQI', 'ANOVA', 0,
        'Today we&#x27;re going to continue our discussion of statistical models by showing how we can find if there are differences between multiple groups using a collection of models called ANOVA. ANOVA, which stands for Analysis of Variance is similar to regression (which we discussed in episode 32), but allows us to compare three or more groups for statistical significance.<br /><br />Crash Course is on Patreon! You can support us directly by signing up at http://www.patreon.com/crashcourse<br /><br />Thanks to the following Patrons for their generous monthly contributions that help keep Crash Course free for everyone forever:<br /><br />Mark Brouwer, Kenneth F Penttinen, Trevin Beattie, Satya Ridhima Parvathaneni, Erika &amp; Alexa Saur, Glenn Elliott, Justin Zingsheim, Jessica Wode, Eric Prestemon, Kathrin Benoit, Tom Trval, Jason Saslow, Nathan Taylor, Brian Thomas Gossett, Khaled El Shalakany, Indika Siriwardena, SR Foxley, Sam Ferguson, Yasenia Cruz, Eric Koslow, Caleb Weeks, D.A. Noe, Shawn Arnold, Malcolm Callis, Advait Shinde, William McGraw, Andrei Krishkevich, Rachel Bright, Mayumi Maeda, Kathy &amp; Tim Philip, Jirat, Ian Dundore<br />--<br /><br />Want to find Crash Course elsewhere on the internet?<br />Facebook - http://www.facebook.com/YouTubeCrashCourse<br />Twitter - http://www.twitter.com/TheCrashCourse<br />Tumblr - http://thecrashcourse.tumblr.com <br />Support Crash Course on Patreon: http://patreon.com/crashcourse<br /><br />CC Kids: http://www.youtube.com/crashcoursekids',
        'mathematics', 3, 391109),
       ('ZPOaHHnRiY9bRMH68HeReU2cHrXJZaDFlICregTYpXFvbtgoqcXPRu9i65EGbHeQ',
        'ANOVA Part 2: Dealing with Intersectional Groups', 0,
        'Do you think a red minivan would be more expensive than a beige one? Now what if the car was something sportier like a corvette? Last week we introduced the ANOVA model which allows us to compare measurements of more than two groups, and today we?re going to show you how it can be applied to look at data that belong to multiple groups that overlap and interact. Most things after all can be grouped in many different ways - like a car has a make, model, and color - so if we wanted to try to predict the price of a car, it?d be especially helpful to know how those different variables interact with one another. <br /><br />Crash Course is on Patreon! You can support us directly by signing up at http://www.patreon.com/crashcourse<br /><br />Thanks to the following Patrons for their generous monthly contributions that help keep Crash Course free for everyone forever:<br /><br />Mark Brouwer, Kenneth F Penttinen, Trevin Beattie, Satya Ridhima Parvathaneni, Erika &amp; Alexa Saur, Glenn Elliott, Justin Zingsheim, Jessica Wode, Eric Prestemon, Kathrin Benoit, Tom Trval, Jason Saslow, Nathan Taylor, Brian Thomas Gossett, Khaled El Shalakany, Indika Siriwardena, SR Foxley, Sam Ferguson, Yasenia Cruz, Eric Koslow, Caleb Weeks, D.A. Noe, Shawn Arnold, Malcolm Callis, Advait Shinde, William McGraw, Andrei Krishkevich, Rachel Bright, Mayumi Maeda, Kathy &amp; Tim Philip, Jirat, Ian Dundore<br />--<br /><br />Want to find Crash Course elsewhere on the internet?<br />Facebook - http://www.facebook.com/YouTubeCrashCourse<br />Twitter - http://www.twitter.com/TheCrashCourse<br />Tumblr - http://thecrashcourse.tumblr.com <br />Support Crash Course on Patreon: http://patreon.com/crashcourse<br /><br />CC Kids: http://www.youtube.com/crashcoursekids',
        'mathematics', 3, 65614),
       ('q61K9qPVnvgnHTXNLzEWXOacQz7RTxoymh0zVmDZ9W9s4wYIE8aSJT1bzWW6vxTJ', 'Fitting Models Is like Tetris', 0,
        'Today we&#x27;re going to wrap up our discussion of General Linear Models (or GLMs) by taking a closer looking at two final common models: ANCOVA (Analysis of Covariance) and RMA (Repeated Measures ANOVA). We&#x27;ll show you how additional variables, known has covariates can be used to reduce error, and show you how to tell if there&#x27;s a difference between 2 or more groups or conditions. Between Regression, ANOVA, ANCOVA, and RMA you should have the tools necessary to better analyze both categorical and continuous data.   <br /><br />Crash Course is on Patreon! You can support us directly by signing up at http://www.patreon.com/crashcourse<br /><br />Thanks to the following Patrons for their generous monthly contributions that help keep Crash Course free for everyone forever:<br /><br />Mark Brouwer, Kenneth F Penttinen, Trevin Beattie, Satya Ridhima Parvathaneni, Erika &amp; Alexa Saur, Glenn Elliott, Justin Zingsheim, Jessica Wode, Eric Prestemon, Kathrin Benoit, Tom Trval, Jason Saslow, Nathan Taylor, Brian Thomas Gossett, Khaled El Shalakany, Indika Siriwardena, SR Foxley, Sam Ferguson, Yasenia Cruz, Eric Koslow, Caleb Weeks, D.A. Noe, Shawn Arnold, Malcolm Callis, Advait Shinde, William McGraw, Andrei Krishkevich, Rachel Bright, Mayumi Maeda, Kathy &amp; Tim Philip, Jirat, Ian Dundore<br />--<br /><br />Want to find Crash Course elsewhere on the internet?<br />Facebook - http://www.facebook.com/YouTubeCrashCourse<br />Twitter - http://www.twitter.com/TheCrashCourse<br />Tumblr - http://thecrashcourse.tumblr.com <br />Support Crash Course on Patreon: http://patreon.com/crashcourse<br /><br />CC Kids: http://www.youtube.com/crashcoursekids',
        'mathematics', 3, 46428),
       ('mH6UOTPL35COXkx8nxPCUnN2uiSE57Rlfd4WBeaFTtLColHOs0lZKG3Gm2AgtCbY', 'Supervised Machine Learning', 0,
        'We&#x27;ve talked a lot about modeling data and making inferences about it, but today we&#x27;re going to look towards the future at how machine learning is being used to build models to predict future outcomes. We&#x27;ll discuss three popular types of supervised machine learning models: Logistic Regression, Linear discriminant Analysis (or LDA) and K Nearest Neighbors (or KNN). For a broader overview of machine learning, check out our episode in Crash Course Computer Science! https://www.youtube.com/watch?v=z-EtmaFJieY  <br /><br />Crash Course is on Patreon! You can support us directly by signing up at http://www.patreon.com/crashcourse<br /><br />Thanks to the following Patrons for their generous monthly contributions that help keep Crash Course free for everyone forever:<br /><br />Mark Brouwer, Kenneth F Penttinen, Trevin Beattie, Satya Ridhima Parvathaneni, Erika &amp; Alexa Saur, Glenn Elliott, Justin Zingsheim, Jessica Wode, Eric Prestemon, Kathrin Benoit, Tom Trval, Jason Saslow, Nathan Taylor, Brian Thomas Gossett, Khaled El Shalakany, Indika Siriwardena, SR Foxley, Sam Ferguson, Yasenia Cruz, Eric Koslow, Caleb Weeks, D.A. Noe, Shawn Arnold, Malcolm Callis, Advait Shinde, William McGraw, Andrei Krishkevich, Rachel Bright, Mayumi Maeda, Kathy &amp; Tim Philip, Jirat, Ian Dundore<br />--<br /><br />Want to find Crash Course elsewhere on the internet?<br />Facebook - http://www.facebook.com/YouTubeCrashCourse<br />Twitter - http://www.twitter.com/TheCrashCourse<br />Tumblr - http://thecrashcourse.tumblr.com <br />Support Crash Course on Patreon: http://patreon.com/crashcourse<br /><br />CC Kids: http://www.youtube.com/crashcoursekids',
        'mathematics', 3, 66209),
       ('4e7Nk0WQyrf15tFp5VJDcF7mUeHXkkvHMDlGVxzuwkCs5oSI7bOp0HlJ5bSSem9C', 'Unsupervised Machine Learning', 0,
        'Today we&#x27;re going to discuss how machine learning can be used to group and label information even if those labels don&#x27;t exist. We&#x27;ll explore two types of clustering used in Unsupervised Machine Learning: k-means and Hierarchical clustering, and show how they can be used in many ways - from book suggestions and medical interventions, to giving people better deals on pizza!<br /><br />Special thanks to Michele Atterson and the Butler University Student Disability Services Office for help with this video. <br /><br />Crash Course is on Patreon! You can support us directly by signing up at http://www.patreon.com/crashcourse<br /><br />Thanks to the following Patrons for their generous monthly contributions that help keep Crash Course free for everyone forever:<br /><br />Sam Buck, Mark Brouwer, James Hughes, Kenneth F Penttinen, Trevin Beattie, Satya Ridhima Parvathaneni, Erika &amp; Alexa Saur, Glenn Elliott, Justin Zingsheim, Jessica Wode, Eric Prestemon, Kathrin Benoit, Tom Trval, Jason Saslow, Nathan Taylor, Brian Thomas Gossett, Khaled El Shalakany, Indika Siriwardena, SR Foxley, Sam Ferguson, Yasenia Cruz, Eric Koslow, Caleb Weeks, Tim Curwick, D.A. Noe, Shawn Arnold, Malcolm Callis, Advait Shinde, William McGraw, Andrei Krishkevich, Rachel Bright, Mayumi Maeda, Kathy &amp; Tim Philip, Jirat, Ian Dundore<br />--<br /><br />Want to find Crash Course elsewhere on the internet?<br />Facebook - http://www.facebook.com/YouTubeCrashCourse<br />Twitter - http://www.twitter.com/TheCrashCourse<br />Tumblr - http://thecrashcourse.tumblr.com <br />Support Crash Course on Patreon: http://patreon.com/crashcourse<br /><br />CC Kids: http://www.youtube.com/crashcoursekids',
        'mathematics', 3, 67116),
       ('EDozo52Sj873IAaCRmSCxmgSG3xNOFDayLVnfXiYbfdjolSwlycBl9kUp8XX5P3H', 'Intro to Big Data', 0,
        'Today, we&#x27;re going to begin our discussion of Big Data. Everything from which videos we click (and how long we watch them) on YouTube to our likes on Facebook say a lot about us - and increasingly more and more sophisticated algorithms are being designed to learn about us from our clicks and not-clicks. Today we&#x27;re going to focus on some ways Big Data impacts on our lives from what liking Hello Kitty says about us to how Netflix chooses just the right thumbnail to encourage us to watch more content. And Big Data is necessarily a good thing, next week we&#x27;re going to discuss some of the problems that rise from collecting all that data. <br /><br />Crash Course is on Patreon! You can support us directly by signing up at http://www.patreon.com/crashcourse<br /><br />Thanks to the following Patrons for their generous monthly contributions that help keep Crash Course free for everyone forever:<br /><br />Sam Buck, Mark Brouwer, James Hughes, Kenneth F Penttinen, Trevin Beattie, Satya Ridhima Parvathaneni, Erika &amp; Alexa Saur, Glenn Elliott, Justin Zingsheim, Jessica Wode, Eric Prestemon, Kathrin Benoit, Tom Trval, Jason Saslow, Nathan Taylor, Brian Thomas Gossett, Khaled El Shalakany, Indika Siriwardena, SR Foxley, Sam Ferguson, Yasenia Cruz, Eric Koslow, Caleb Weeks, Tim Curwick, D.A. Noe, Shawn Arnold, Malcolm Callis, Advait Shinde, William McGraw, Andrei Krishkevich, Rachel Bright, Mayumi Maeda, Kathy &amp; Tim Philip, Jirat, Ian Dundore<br />--<br /><br />Want to find Crash Course elsewhere on the internet?<br />Facebook - http://www.facebook.com/YouTubeCrashCourse<br />Twitter - http://www.twitter.com/TheCrashCourse<br />Tumblr - http://thecrashcourse.tumblr.com <br />Support Crash Course on Patreon: http://patreon.com/crashcourse<br /><br />CC Kids: http://www.youtube.com/crashcoursekids',
        'mathematics', 3, 155870),
       ('bvIXJY6xyQyuyCB3hYg7SW1vViS2zXnvWsbh3iyq7qjbdDe8n1R7ZiFZYfbn17JE', 'Big Data Problems', 0,
        'There is a lot of excitement around the field of Big Data, but today we want to take a moment to look at some of the problems it creates. From questions of bias and transparency to privacy and security concerns, there is still a lot to be done to manage these problems as Big Data plays a bigger role in our lives.  <br /><br />Special thanks to Dr. Sameer Singh, the University of Washington, and the University of California Irvine for the content provided in this video. <br /><br />Crash Course is on Patreon! You can support us directly by signing up at http://www.patreon.com/crashcourse<br /><br />Thanks to the following Patrons for their generous monthly contributions that help keep Crash Course free for everyone forever:<br /><br />Sam Buck, Mark Brouwer, James Hughes, Kenneth F Penttinen, Trevin Beattie, Satya Ridhima Parvathaneni, Erika &amp; Alexa Saur, Glenn Elliott, Justin Zingsheim, Jessica Wode, Eric Prestemon, Kathrin Benoit, Tom Trval, Jason Saslow, Nathan Taylor, Brian Thomas Gossett, Khaled El Shalakany, Indika Siriwardena, SR Foxley, Sam Ferguson, Yasenia Cruz, Eric Koslow, Caleb Weeks, Tim Curwick, D.A. Noe, Shawn Arnold, Malcolm Callis, Advait Shinde, William McGraw, Andrei Krishkevich, Rachel Bright, Mayumi Maeda, Kathy &amp; Tim Philip, Jirat, Ian Dundore<br />--<br /><br />Want to find Crash Course elsewhere on the internet?<br />Facebook - http://www.facebook.com/YouTubeCrashCourse<br />Twitter - http://www.twitter.com/TheCrashCourse<br />Tumblr - http://thecrashcourse.tumblr.com <br />Support Crash Course on Patreon: http://patreon.com/crashcourse<br /><br />CC Kids: http://www.youtube.com/crashcoursekids',
        'mathematics', 3, 83276),
       ('pVHNRCxuhEkrbjLOXd4XbtsN6ObFwnDxlvAVijFBCMEXU7Gkzn3WvhG8YLZDQ4KR', 'Statistics in the Courts', 0,
        'As we near the end of the series, we&#x27;re going look at how statistics impacts our lives. Today, we&#x27;re going to discuss how statistics is often used and misused in the courtroom. We&#x27;re going to focus on three stories in which three huge statistical errors were made: the handwriting analysis of French officer Alfred Dreyfus in 1894, the murder charges of mother Sally Clark in 1998, and the expulsion of student Jonathan Dorfman from UC San Diego in 2011.  <br /><br />Crash Course is on Patreon! You can support us directly by signing up at http://www.patreon.com/crashcourse<br /><br />Thanks to the following Patrons for their generous monthly contributions that help keep Crash Course free for everyone forever:<br /><br />Sam Buck, Mark Brouwer, James Hughes, Kenneth F Penttinen, Trevin Beattie, Satya Ridhima Parvathaneni, Erika &amp; Alexa Saur, Glenn Elliott, Justin Zingsheim, Jessica Wode, Eric Prestemon, Kathrin Benoit, Tom Trval, Jason Saslow, Nathan Taylor, Brian Thomas Gossett, Khaled El Shalakany, Indika Siriwardena, SR Foxley, Sam Ferguson, Yasenia Cruz, Eric Koslow, Caleb Weeks, Tim Curwick, D.A. Noe, Shawn Arnold, Malcolm Callis, Advait Shinde, William McGraw, Andrei Krishkevich, Rachel Bright, Mayumi Maeda, Kathy &amp; Tim Philip, Jirat, Ian Dundore<br />--<br /><br />Want to find Crash Course elsewhere on the internet?<br />Facebook - http://www.facebook.com/YouTubeCrashCourse<br />Twitter - http://www.twitter.com/TheCrashCourse<br />Tumblr - http://thecrashcourse.tumblr.com <br />Support Crash Course on Patreon: http://patreon.com/crashcourse<br /><br />CC Kids: http://www.youtube.com/crashcoursekids',
        'mathematics', 3, 45657),
       ('4499Tx7NZBJpSVDEO9d8dH8LC23f4WR9XxVCuGCyIdyGSw0V09vA4RU1aWAIjnES', 'Neural Networks', 0,
        'Today we&#x27;re going to talk big picture about what Neural Networks are and how they work. Neural Networks, which are computer models that act like neurons in the human brain, are really popular right now - they&#x27;re being used in everything from self-driving cars and Snapchat filters to even creating original art! As data gets bigger and bigger neural networks will likely play an increasingly important role in helping us make sense of all that data. <br /><br />Special thanks to Max Deutsch giving us permission to use his Neural Network-written Harry Potter chapter in this episode! Read more about his work here:<br />https://medium.com/deep-writing/harry-potter-written-by-artificial-intelligence-8a9431803da6<br /><br />Neural Network to create anime characters:<br />https://arxiv.org/pdf/1708.05509.pdf<br /><br />Neural Network to great Van Gogh-like art:<br />https://towardsdatascience.com/gangogh-creating-art-with-gans-8d087d8f74a1<br /><br />Neural Network to create skate decks:<br />https://github.com/RJT1990/gandecks/ <br /><br />Crash Course is on Patreon! You can support us directly by signing up at http://www.patreon.com/crashcourse<br /><br />Thanks to the following Patrons for their generous monthly contributions that help keep Crash Course free for everyone forever:<br /><br />Sam Buck, Mark Brouwer, Jennifer French Lee, Brandon Westmoreland, dorsey, Indika Siriwardena, James Hughes, Kenneth F Penttinen, Trevin Beattie, Satya Ridhima Parvathaneni, Erika &amp; Alexa Saur, Glenn Elliott, Justin Zingsheim, Jessica Wode, Eric Prestemon, Kathrin Benoit, Tom Trval, Jason Saslow, Nathan Taylor, Brian Thomas Gossett, Khaled El Shalakany, SR Foxley, Sam Ferguson, Yasenia Cruz, Eric Koslow, Caleb Weeks, Tim Curwick, D.A. Noe, Shawn Arnold, Malcolm Callis, Advait Shinde, William McGraw, Andrei Krishkevich, Rachel Bright, Kathy &amp; Tim Philip, Jirat, Ian Dundore<br />--<br /><br />Want to find Crash Course elsewhere on the internet?<br />Facebook - http://www.facebook.com/YouTubeCrashCourse<br />Twitter - http://www.twitter.com/TheCrashCourse<br />Tumblr - http://thecrashcourse.tumblr.com <br />Support Crash Course on Patreon: http://patreon.com/crashcourse<br /><br />CC Kids: http://www.youtube.com/crashcoursekids',
        'mathematics', 3, 79684),
       ('SvHOoJPLCmA2dIpLt1cGje8Wl8ysvwkQUUOlFAzghOJI6KOVfh9iZPHoc5UgHk1z', 'War', 0,
        'Today we&#x27;re going to discuss the role of statistics during war. From helping the Allies break Nazi Enigma codes and estimate tank production rates to finding sunken submarines, statistics have and continue to play a critical role on the battlefield. <br /><br />Crash Course is on Patreon! You can support us directly by signing up at http://www.patreon.com/crashcourse<br /><br />Thanks to the following Patrons for their generous monthly contributions that help keep Crash Course free for everyone forever:<br /><br />Sam Buck, Mark Brouwer, Jennifer French Lee, Brandon Westmoreland, dorsey, Indika Siriwardena, James Hughes, Kenneth F Penttinen, Trevin Beattie, Satya Ridhima Parvathaneni, Erika &amp; Alexa Saur, Glenn Elliott, Justin Zingsheim, Jessica Wode, Eric Prestemon, Kathrin Benoit, Tom Trval, Jason Saslow, Nathan Taylor, Brian Thomas Gossett, Khaled El Shalakany, SR Foxley, Sam Ferguson, Yasenia Cruz, Eric Koslow, Caleb Weeks, Tim Curwick, D.A. Noe, Shawn Arnold, Malcolm Callis, Advait Shinde, William McGraw, Andrei Krishkevich, Rachel Bright, Kathy &amp; Tim Philip, Jirat, Ian Dundore<br />--<br /><br />Want to find Crash Course elsewhere on the internet?<br />Facebook - http://www.facebook.com/YouTubeCrashCourse<br />Twitter - http://www.twitter.com/TheCrashCourse<br />Tumblr - http://thecrashcourse.tumblr.com <br />Support Crash Course on Patreon: http://patreon.com/crashcourse<br /><br />CC Kids: http://www.youtube.com/crashcoursekids',
        'mathematics', 3, 67042),
       ('OTbn3XmlCzCYL6rJQT2Hfp4YZiIYitIxoYsvv3uUcYSJQBNR3f0OYYeN7o0LNPuR', 'When Predictions Fail', 0,
        'Today we?re going to talk about why many predictions fail - specifically we?ll take a look at the 2008 financial crisis, the 2016 U.S. presidential election, and earthquake prediction in general. From inaccurate or just too little data to biased models and polling errors, knowing when and why we make inaccurate predictions can help us make better ones in the future. And even knowing what we can?t predict can help us make better decisions too. <br /><br />Crash Course is on Patreon! You can support us directly by signing up at http://www.patreon.com/crashcourse<br /><br />Thanks to the following Patrons for their generous monthly contributions that help keep Crash Course free for everyone forever:<br /><br />Eric Prestemon, Sam Buck, Mark Brouwer, Naman Goel, Patrick Wiener II, Nathan Catchings, Efrain R. Pedroza, Brandon Westmoreland, dorsey, Indika Siriwardena, James Hughes, Kenneth F Penttinen, Trevin Beattie, Satya Ridhima Parvathaneni, Erika &amp; Alexa Saur, Glenn Elliott, Justin Zingsheim, Jessica Wode, Kathrin Benoit, Tom Trval, Jason Saslow, Nathan Taylor, Brian Thomas Gossett, Khaled El Shalakany, SR Foxley, Yasenia Cruz, Eric Koslow, Caleb Weeks, Tim Curwick, D.A. Noe, Shawn Arnold, Malcolm Callis, Advait Shinde, William McGraw, Andrei Krishkevich, Rachel Bright, Jirat, Ian Dundore<br />--<br /><br />Want to find Crash Course elsewhere on the internet?<br />Facebook - http://www.facebook.com/YouTubeCrashCourse<br />Twitter - http://www.twitter.com/TheCrashCourse<br />Tumblr - http://thecrashcourse.tumblr.com <br />Support Crash Course on Patreon: http://patreon.com/crashcourse<br /><br />CC Kids: http://www.youtube.com/crashcoursekids',
        'mathematics', 3, 54721),
       ('RAQ1MJfemVsfwwlGzGmmqwDji0crrpySPRQghCjIqCKxz45Eh83hWjUZXu5WWAuo', 'When Predictions Succeed', 0,
        'In our series finale, we&#x27;re going to take a look at some of the times we&#x27;ve used statistics to gaze into our crystal ball, and actually got it right! We&#x27;ll talk about how stores know what we want to buy (which can sometimes be a good thing), how baseball was changed forever when Paul DePodesta created a record-winning Oakland A&#x27;s baseball team, and how statistics keeps us safe with the incredible strides we&#x27;ve made in weather forecasting. Statistics are everywhere, and even if you don&#x27;t remember all the formulae and graphs we&#x27;ve thrown at you in this series, we hope you take with you a better appreciation of the many ways statistics impacts your life, and hopefully we&#x27;ve given your a more math-y perspective on how the world works. Thanks so much for watching DFTBAQ!<br /><br />Crash Course is on Patreon! You can support us directly by signing up at http://www.patreon.com/crashcourse<br /><br />Thanks to the following Patrons for their generous monthly contributions that help keep Crash Course free for everyone forever:<br /><br />Eric Prestemon, Sam Buck, Mark Brouwer, Naman Goel, Patrick Wiener II, Nathan Catchings, Efrain R. Pedroza, Brandon Westmoreland, dorsey, Indika Siriwardena, James Hughes, Kenneth F Penttinen, Trevin Beattie, Satya Ridhima Parvathaneni, Erika &amp; Alexa Saur, Glenn Elliott, Justin Zingsheim, Jessica Wode, Kathrin Benoit, Tom Trval, Jason Saslow, Nathan Taylor, Brian Thomas Gossett, Khaled El Shalakany, SR Foxley, Yasenia Cruz, Eric Koslow, Caleb Weeks, Tim Curwick, D.A. Noe, Shawn Arnold, Malcolm Callis, Advait Shinde, William McGraw, Andrei Krishkevich, Rachel Bright, Jirat, Ian Dundore<br />--<br /><br />Want to find Crash Course elsewhere on the internet?<br />Facebook - http://www.facebook.com/YouTubeCrashCourse<br />Twitter - http://www.twitter.com/TheCrashCourse<br />Tumblr - http://thecrashcourse.tumblr.com <br />Support Crash Course on Patreon: http://patreon.com/crashcourse<br /><br />CC Kids: http://www.youtube.com/crashcoursekids',
        'mathematics', 3, 51838);

INSERT INTO db.course_videos
    (video_tag, course_tag, `order`)
VALUES ('TI5UfcCEHPpVomGugf7DswdAtEKXp53M1XPIRUPxTu2vYXTAM92GEsGXdvOInG8I',
        'ab1uZy3y820niXUjHNE9itiU8u9RmVn4ZPDA05Hy3NpOR0WI8pyMu9hZGakwMtbJ', 0),
       ('d8Kj4NWVLtJYJO0XZeI2JUbvdTIEhKO7vKNesXDjd6LIOibAcfbKBhBfdZwhyBii',
        'ab1uZy3y820niXUjHNE9itiU8u9RmVn4ZPDA05Hy3NpOR0WI8pyMu9hZGakwMtbJ', 1),
       ('rV2rWjuDoh82ap3aBxo1IO2iPxa2ngkRf7OCjaA52ai7c6faHZPigfb4ujyqcHVl',
        'ab1uZy3y820niXUjHNE9itiU8u9RmVn4ZPDA05Hy3NpOR0WI8pyMu9hZGakwMtbJ', 2),
       ('M2cFrfKby9AHAyJ4ArCm9a4ZwLu0nnVxfTYeZfNecYRPkLTsBgRPy6b9GSlov6fw',
        'ab1uZy3y820niXUjHNE9itiU8u9RmVn4ZPDA05Hy3NpOR0WI8pyMu9hZGakwMtbJ', 3),
       ('9kuGZ4G65467LXfld4XjKIdEaP1Q8Qk4TcsLDbRVEZb6pJCusSM65B0SW7zbCvQq',
        'ab1uZy3y820niXUjHNE9itiU8u9RmVn4ZPDA05Hy3NpOR0WI8pyMu9hZGakwMtbJ', 4),
       ('WdjpZzHVBeDYPMYFl4RZl07u4w4hYcKGZ6kj0rK8x13wEj7QIrwmr7xMtkBPh7hD',
        'ab1uZy3y820niXUjHNE9itiU8u9RmVn4ZPDA05Hy3NpOR0WI8pyMu9hZGakwMtbJ', 5),
       ('3jP3PwIGD8oaaXdUvQ7PTmGx1cgNckuwTsazRh5VQIUW1YJZ6Djdt7KGAPv2kIWa',
        'ab1uZy3y820niXUjHNE9itiU8u9RmVn4ZPDA05Hy3NpOR0WI8pyMu9hZGakwMtbJ', 6),
       ('iAHOpUncId33rN3Bn85tIGV9T66dPoMJpEiTp4P08LwijNxL0n5H8VsSAGrem9Yk',
        'ab1uZy3y820niXUjHNE9itiU8u9RmVn4ZPDA05Hy3NpOR0WI8pyMu9hZGakwMtbJ', 7),
       ('4iBrInTFFTidiKKW1XuLxN7smd0CUdNgVxkOAmPx2dYDLpWlbwNqOQZYq05NPdXl',
        'ab1uZy3y820niXUjHNE9itiU8u9RmVn4ZPDA05Hy3NpOR0WI8pyMu9hZGakwMtbJ', 8),
       ('1owshPNp5QrlkjxLVNDaNxqgsTXgrh6TtKZrtyum5QNwrSOBAH7OGb56y3WszSBr',
        'ab1uZy3y820niXUjHNE9itiU8u9RmVn4ZPDA05Hy3NpOR0WI8pyMu9hZGakwMtbJ', 9),
       ('T6bydVqmGWjxhj6vNdHEMA4tAh5HJM95rhAE2eir8lIokXznDMmJNrh9Au3I784Z',
        'ab1uZy3y820niXUjHNE9itiU8u9RmVn4ZPDA05Hy3NpOR0WI8pyMu9hZGakwMtbJ', 10),
       ('qXuuuviGRZTCXgCEWKTLp1ngPX8Pl6GBQZkytUZzYv14cnacUrKt7EhJY9kUuz0p',
        'ab1uZy3y820niXUjHNE9itiU8u9RmVn4ZPDA05Hy3NpOR0WI8pyMu9hZGakwMtbJ', 11),
       ('A5KpFSHrHESFdF8L4jCyBW6QXxj9GFTrF9Je4CJaOYLpQz1BlZzv4AIR7xWCIpkI',
        'ab1uZy3y820niXUjHNE9itiU8u9RmVn4ZPDA05Hy3NpOR0WI8pyMu9hZGakwMtbJ', 12),
       ('TZqUswFdO8y1p5dttGdaoZNVUXgcaJxzmm4rj00KmvoNS9yzW5EEgTopMe2vuii0',
        'ab1uZy3y820niXUjHNE9itiU8u9RmVn4ZPDA05Hy3NpOR0WI8pyMu9hZGakwMtbJ', 13),
       ('dOm8oQle994feGUCNg5RTOhlQlAf2Gb5hGQjpXMkWsK29R7QoFsnllMFOjPg01mZ',
        'ab1uZy3y820niXUjHNE9itiU8u9RmVn4ZPDA05Hy3NpOR0WI8pyMu9hZGakwMtbJ', 14),
       ('lrISGKJ3fvrkqrdklrhif2q8KDAiy0PzWDRWbWXsI7XBFGIjmqcXRAmQFLo2Ub4C',
        'ab1uZy3y820niXUjHNE9itiU8u9RmVn4ZPDA05Hy3NpOR0WI8pyMu9hZGakwMtbJ', 15),
       ('ptKJrjR8iWyqLpjZ9HuOtzhScZ4Rtb47XzG0uBMmDbHeEvmNRdflVg6kRUgA0obb',
        'ab1uZy3y820niXUjHNE9itiU8u9RmVn4ZPDA05Hy3NpOR0WI8pyMu9hZGakwMtbJ', 16),
       ('BYhHXM42Hmy18aZjUxOZQ1vUCXuyh6xQpJ9vItlCJayCDAzZC901GzOtec9NkX1K',
        'ab1uZy3y820niXUjHNE9itiU8u9RmVn4ZPDA05Hy3NpOR0WI8pyMu9hZGakwMtbJ', 17),
       ('4bgvzYRQAbk4axyMa0XRfVkCMmz0gXAf1TO6Wl3sXutETUKJCXJuw8lOMAOaPNGI',
        'ab1uZy3y820niXUjHNE9itiU8u9RmVn4ZPDA05Hy3NpOR0WI8pyMu9hZGakwMtbJ', 18),
       ('Bnvhkipnv5s3xuqhvp6T7fR26yiMGnMCKXQfGVON09JGkqf25snD4DMZWOpZRHOg',
        'ab1uZy3y820niXUjHNE9itiU8u9RmVn4ZPDA05Hy3NpOR0WI8pyMu9hZGakwMtbJ', 19),
       ('aL62OLLQb7IUVxlqPv8E4McCiphjRzKa7anLZqyP8c1QyCuPdX4rdiaW4bb7UKMO',
        'ab1uZy3y820niXUjHNE9itiU8u9RmVn4ZPDA05Hy3NpOR0WI8pyMu9hZGakwMtbJ', 20),
       ('1ZrSwu5pqYQ3C2hDLClhqlgXYGqOgIQiBURn592wCJrE43sewr8hYOJn8ujcKs4x',
        'ab1uZy3y820niXUjHNE9itiU8u9RmVn4ZPDA05Hy3NpOR0WI8pyMu9hZGakwMtbJ', 21),
       ('GMelCcgptdBgD0rbEKshzoCGyawIC7HX5XEioTedcNfqlu3jqGLL0lCnC5PIYOVc',
        'ab1uZy3y820niXUjHNE9itiU8u9RmVn4ZPDA05Hy3NpOR0WI8pyMu9hZGakwMtbJ', 22),
       ('bKfCc5m4koI0Fra3bYbLEnLr2aa4uuh2lTI0Nw62UwODtTghL4Trihvp335T9d1C',
        'ab1uZy3y820niXUjHNE9itiU8u9RmVn4ZPDA05Hy3NpOR0WI8pyMu9hZGakwMtbJ', 23),
       ('VXJfKfZB0wrEWG2ltFgp9per7WSVgt2l2l21C86sKL0UfYCHHOs5Wk93VJkSytdz',
        'ab1uZy3y820niXUjHNE9itiU8u9RmVn4ZPDA05Hy3NpOR0WI8pyMu9hZGakwMtbJ', 24),
       ('Vf2JWk3N4FWCQMxATk4UPmf9g2ULzzTj7PrTHm1sEeBcfR29tsVXzMoVQwTXVr4H',
        'ab1uZy3y820niXUjHNE9itiU8u9RmVn4ZPDA05Hy3NpOR0WI8pyMu9hZGakwMtbJ', 25),
       ('fpnfuICVjoeqQaAuPtrizhEaI7BOV577lRnZL4MHbVf67GUJvUsU0KYlPgP0CbyE',
        'ab1uZy3y820niXUjHNE9itiU8u9RmVn4ZPDA05Hy3NpOR0WI8pyMu9hZGakwMtbJ', 26),
       ('fTB4oC4OSepTVhaB015a4Eyjzb75SoGv5NvfLEoheE5Pt4sYVjXv5hYzEPD6wNyE',
        'ab1uZy3y820niXUjHNE9itiU8u9RmVn4ZPDA05Hy3NpOR0WI8pyMu9hZGakwMtbJ', 27),
       ('i5wu9IwW6vLHiKqDzNOuPX62YxP9KezJ95oSYYkJ1EWIUUd5bMyEoF5MDV5BSaRL',
        'ab1uZy3y820niXUjHNE9itiU8u9RmVn4ZPDA05Hy3NpOR0WI8pyMu9hZGakwMtbJ', 28),
       ('pG9UNCPzKfm2MvhRXGMnraNVVqFQU1KzGpJU8SapKmhvd2H7wWcLRcYFYee7Iob3',
        'ab1uZy3y820niXUjHNE9itiU8u9RmVn4ZPDA05Hy3NpOR0WI8pyMu9hZGakwMtbJ', 29),
       ('pzvx5eqOlRG6foNQKN05tqhMo8LCgEbcSdbWSrkKpo5IaReiN0owveEprjH7kCfa',
        'ab1uZy3y820niXUjHNE9itiU8u9RmVn4ZPDA05Hy3NpOR0WI8pyMu9hZGakwMtbJ', 30),
       ('uae2ccOfTvkbu16TEMly1ubNS37l18MT56FMgEH3i96jaAmuJvUWriU7weEXA9aT',
        'ab1uZy3y820niXUjHNE9itiU8u9RmVn4ZPDA05Hy3NpOR0WI8pyMu9hZGakwMtbJ', 31),
       ('swczoNhcpnJNw3QXTpROi2EiN1QRRrX4H0EyRIvsIFP3ONYSBynT2YDpi7vtQL3X',
        'ab1uZy3y820niXUjHNE9itiU8u9RmVn4ZPDA05Hy3NpOR0WI8pyMu9hZGakwMtbJ', 32),
       ('jZ6uVudscHg0CV5vVPNxDA9fzjpB07J4Zs8TUJeumgBLlGyZagYMXuAuiyZ4NVQI',
        'ab1uZy3y820niXUjHNE9itiU8u9RmVn4ZPDA05Hy3NpOR0WI8pyMu9hZGakwMtbJ', 33),
       ('ZPOaHHnRiY9bRMH68HeReU2cHrXJZaDFlICregTYpXFvbtgoqcXPRu9i65EGbHeQ',
        'ab1uZy3y820niXUjHNE9itiU8u9RmVn4ZPDA05Hy3NpOR0WI8pyMu9hZGakwMtbJ', 34),
       ('q61K9qPVnvgnHTXNLzEWXOacQz7RTxoymh0zVmDZ9W9s4wYIE8aSJT1bzWW6vxTJ',
        'ab1uZy3y820niXUjHNE9itiU8u9RmVn4ZPDA05Hy3NpOR0WI8pyMu9hZGakwMtbJ', 35),
       ('mH6UOTPL35COXkx8nxPCUnN2uiSE57Rlfd4WBeaFTtLColHOs0lZKG3Gm2AgtCbY',
        'ab1uZy3y820niXUjHNE9itiU8u9RmVn4ZPDA05Hy3NpOR0WI8pyMu9hZGakwMtbJ', 36),
       ('4e7Nk0WQyrf15tFp5VJDcF7mUeHXkkvHMDlGVxzuwkCs5oSI7bOp0HlJ5bSSem9C',
        'ab1uZy3y820niXUjHNE9itiU8u9RmVn4ZPDA05Hy3NpOR0WI8pyMu9hZGakwMtbJ', 37),
       ('EDozo52Sj873IAaCRmSCxmgSG3xNOFDayLVnfXiYbfdjolSwlycBl9kUp8XX5P3H',
        'ab1uZy3y820niXUjHNE9itiU8u9RmVn4ZPDA05Hy3NpOR0WI8pyMu9hZGakwMtbJ', 38),
       ('bvIXJY6xyQyuyCB3hYg7SW1vViS2zXnvWsbh3iyq7qjbdDe8n1R7ZiFZYfbn17JE',
        'ab1uZy3y820niXUjHNE9itiU8u9RmVn4ZPDA05Hy3NpOR0WI8pyMu9hZGakwMtbJ', 39),
       ('pVHNRCxuhEkrbjLOXd4XbtsN6ObFwnDxlvAVijFBCMEXU7Gkzn3WvhG8YLZDQ4KR',
        'ab1uZy3y820niXUjHNE9itiU8u9RmVn4ZPDA05Hy3NpOR0WI8pyMu9hZGakwMtbJ', 40),
       ('4499Tx7NZBJpSVDEO9d8dH8LC23f4WR9XxVCuGCyIdyGSw0V09vA4RU1aWAIjnES',
        'ab1uZy3y820niXUjHNE9itiU8u9RmVn4ZPDA05Hy3NpOR0WI8pyMu9hZGakwMtbJ', 41),
       ('SvHOoJPLCmA2dIpLt1cGje8Wl8ysvwkQUUOlFAzghOJI6KOVfh9iZPHoc5UgHk1z',
        'ab1uZy3y820niXUjHNE9itiU8u9RmVn4ZPDA05Hy3NpOR0WI8pyMu9hZGakwMtbJ', 42),
       ('OTbn3XmlCzCYL6rJQT2Hfp4YZiIYitIxoYsvv3uUcYSJQBNR3f0OYYeN7o0LNPuR',
        'ab1uZy3y820niXUjHNE9itiU8u9RmVn4ZPDA05Hy3NpOR0WI8pyMu9hZGakwMtbJ', 43),
       ('RAQ1MJfemVsfwwlGzGmmqwDji0crrpySPRQghCjIqCKxz45Eh83hWjUZXu5WWAuo',
        'ab1uZy3y820niXUjHNE9itiU8u9RmVn4ZPDA05Hy3NpOR0WI8pyMu9hZGakwMtbJ', 44);
