-- Physics
INSERT INTO db.items
    (tag, type, price)
VALUES ('bh5ubPO5vCg71d5D64a5GeQMP2enL02DHBiOSTne5vYdlS15rGmsRWuwAuW8t06h', 'course', 50.00),
       ('63GIeZ6XJTJXbwEw4Db9emAkvTIUCXMbcoQXP3jaXfeOsOB7381vmdSzMjdiJNLR', 'video', 0.00),
       ('vK8yP4LMzVRwwdY3SHs0iABG331oVCdYv8cKHOH86fINsWPQb5A3oATLyXqYCqVJ', 'video', 7.81),
       ('qcWK9DWwjP6f8SJL0KhsMyyMk4pmnnLYymc613YYiWQshGvDTXxXg6wT5QvebPWx', 'video', 5.18),
       ('RddEePfFImWe9IHhA936j9VfCQUoFXfPiIajJ7trfzxfXJ2WVg9h366370Cc83gP', 'video', 6.28),
       ('o0nKwvR2B7cYMAX4MMvRtJ4U5Slwz7ocXhK9gW553PhRQZa5lFtwXduQQ2oLvjEO', 'video', 6.71),
       ('9ezDC61ZzAz2qJflAyWvXe3NYFjdh5uM9cjLbrrQDFkKp8YRsS1FWFgpN42jhiSV', 'video', 6.90),
       ('lUaT7A3UY3VRvWcKuWAbC3N8s7FUfECzP3oW5AV4hUrSrW7mXGOKaQEcEVzNTxci', 'video', 5.11),
       ('wnuC6C67NM3d2ClcKPRtncZ5BIf1onaF9fYgtJBhfzbp9C3zHHnPA0HdlcmBg7We', 'video', 4.26),
       ('PSNbdWHPhvv7Kk4BWDCStFo9hWsb4LciGK21jhFX0jUhKyC8VRffPjh4u8uEbs0G', 'video', 3.63),
       ('eHCL8ejirNV2Y9fnZIyWrjI01Z1btOUvwyA8RF20tpes07OleJdPAnYQMdNGbwlv', 'video', 9.77),
       ('lzOUmieuInaUrDkg8XvkCM0jWZKiNXir0N3dBRdiCW5tyeQk9WXzNlHUAgRMFKxz', 'video', 8.09),
       ('GOV4KM1HZQALpWiwJFif1XUIYAnMI8aNZeJBozZbhZytNlVX8MyebrZt4algqnEQ', 'video', 6.91),
       ('88GeMISQ0df2hqZDcJzmyfCw0v8DJVNKfPbAVgWImpSFHOJFLy8PbWGSUqECi2WN', 'video', 6.80),
       ('b6oD3MEu5Lz0urII6JRLucRZP2OhG0QaiB4cK9vUoyITUWHy3QZXUJb1teW2gOjZ', 'video', 9.71),
       ('lnNHflpZ0kV92aN3dPflUMSjbCWkWCzssUQY8YTxoAnB4A4NhBEYqoxGu8JJa65h', 'video', 5.45),
       ('1w5lOLbaC4Fu1UyZs38q53CBKRjsLi2UKnVfctcjjstfKPSV5CkdCrU2OtBveVL1', 'video', 7.26),
       ('jRBoR3ac00oizqyOcfIYL5ZAOgyNCywujPMuIy7dUfw9sXvCFpATbb6SA6Q4B9Hs', 'video', 6.89),
       ('oOA99DTyMs8uz1y29KDJL92RMfUnmhEp8IwtaSo9xOYZJqPBHcTDDTF1mIAgqALo', 'video', 5.53),
       ('93URO9yWTNdr5OQVLGOgCIlImKE1oj8pc3XCgcqBVJhiGKoHGm2wef6ypMbeceKv', 'video', 5.48),
       ('MJBx1XC2hlysepyGtju7XB4QNr7YwHJKsIGaNy7fw5vp6VIqdOlOOpjKxZVtalHN', 'video', 9.36),
       ('Yv3cVbMMZ0uu6yhVbzb6i85g5uVAtIinjNDwOsvuY1oXkgYsU8KVglKW1UrxhtOA', 'video', 9.29),
       ('leRLhYL6okkMYlo7PzAweGGBp1gw5TmuDbY9zUpomQK9SqnayWiFZg2YU6OTWpGy', 'video', 4.70),
       ('Fv3XGnE8visCCtUDpPsQKJFrITXznRDjgif0e2Xn1Fck1MlXXlyU3gFGu7VK5JuV', 'video', 9.52),
       ('VRHLCb79KlTKh36NZYxY0WYRlHIkW9JZdYvQfW2qWzghHAT2JBjLDAavK85624EM', 'video', 9.24),
       ('H6UHDktvz8d4MfXbrOQn2VCNzAfCzJZurH8yXnOe8dnJwcPNgv1CAXUdgOkcNWdd', 'video', 5.03),
       ('YaUvq23Ju4RFpI2ZX8aQyiVH1llFQbdnVTtfdrNUiBawLIr5D723ra1fLjBfThHa', 'video', 4.71),
       ('TCkP1gBrIWDhD45Xvk4HF9kwlEAnDW67FFqVxS1hdJUQ3qeseQtXNA8P6uac05J8', 'video', 4.00),
       ('H8EiErCfAPGnHEgxCT8de7DPteKlEcIF4B3sCBuLzi2ifgfiuMQi2Ip2gMXNCRtE', 'video', 7.43),
       ('SO3NHxlxnry250JUY7rLnapoHtgQsbqdI6AEXtNbkAwO5AI3V7C8DMkxJnA5Cq1f', 'video', 8.17),
       ('lLcundODvFpRVuXs7AU2SMIavbrHvLDTGzEuV0zBYHs6dyK4wCt5LoRTepkPOCYt', 'video', 8.08),
       ('Tp8g7iqKIW9Y6HFTkBVNRBAQNjmxjnIEziDTqdAAJOmASx3V3qnlt0BO9ACiKpn4', 'video', 9.75),
       ('H8HQXMETfVOuAOp6Ljt9i68E0fljFLlWxAJuOjYKeMKt496EbBC5vJLzOEmuQgtv', 'video', 7.26),
       ('LpPFXOnxx5B1xD8fnStnOtvuQgMUwvWO3ynbtGt5hYTAAOYrossXiKQ89CjJry0f', 'video', 8.90),
       ('HutsuDd2RH1K1ufNR1NK7FsHt20kmoOlKOgNPlY69BLv9OGykERSSdHqLuswVetr', 'video', 3.73),
       ('GueWfFpmvzIr3ACKjc5zOwSIOI8z754sM7ntOBe07A4K30cOnE74Tql9ooSyYuhE', 'video', 6.28),
       ('3ayHyvuZA5JFn9qLfVNGDh3T3bHLcy6gi2NFX44h8jgSgFu2lShJhCIFVM0oCBAR', 'video', 7.24),
       ('y70J4GMcerZLcB6mCWjwTdnbl9vQJZMOM0gDcMG2SE2LfMWs0xTsFPMYQ5ufmXuM', 'video', 9.01),
       ('yQbOdkSM2D29h8vvCkbJYJsLY3uQOkT3Db8aiCC0FEIw3jMqVnTraVVl1f6aZR7R', 'video', 5.11),
       ('p61uboe1GiXrRvIjMnGtsi7JmIdUlumSEziZYCkljEdIi1S8WEcMb5RNCBijR35h', 'video', 3.14),
       ('lycnevm4OkjTUD1eq2b1JycKfcFHqzTcqZ7iugdut66Jhg9JBK9MlNKjRIOz75Nr', 'video', 9.80),
       ('pc3LlbeZ54MVm6lfm776KzpomPsxIsXuYWdveosAeHWeUHYN7FfHsOYGWq2NrPSo', 'video', 8.75),
       ('1Xh5AIF7raOGa0l0Vhf1bCOo4JQEs7EqHRIf0HyvvXEupMWp9GkYV62VRK5p3c7C', 'video', 9.55),
       ('IXCOYyJPTvR5F0eZt2EmZFzTKKf5zKeobAoiFzPLjR9KZlSb8o1PEUb6SNrhoUbr', 'video', 9.62),
       ('guoN57qNXlNI6miJuonsXt5aKeyqqBr3UjmiqocVqI7n7vH41krRUxkMEcZPXGn5', 'video', 3.24),
       ('xW9rKtLkt8DqkUoFz5rCDESCrtTiXHTMQXzndlRcXviQmFLhU8SI5fT9ul9UBsEp', 'video', 8.98),
       ('1oI90zgcSpNlHAHNoWwob9CdUgRyeefVzqtPdvfXj2z6zORrSswDLfuJszHPBzX2', 'video', 3.68),
       ('NMW5sovCrMzjRJxuPUZBqKzMxR1Gl7iG4vezyiITDn2i8lkgd7BP0C9DoHBYP1q8', 'video', 8.26);

INSERT INTO db.courses
    (tag, name, description, subject, creator)
VALUES ('bh5ubPO5vCg71d5D64a5GeQMP2enL02DHBiOSTne5vYdlS15rGmsRWuwAuW8t06h', 'CC Physics',
        'Example Physics course by Crash Course!', 'physics', 3);


INSERT INTO db.videos
    (tag, name, free, description, subject, uploader)
VALUES ('63GIeZ6XJTJXbwEw4Db9emAkvTIUCXMbcoQXP3jaXfeOsOB7381vmdSzMjdiJNLR', 'Crash Course Physics Preview', 1,
        'TODO: descrition', 'physics', 3),
       ('vK8yP4LMzVRwwdY3SHs0iABG331oVCdYv8cKHOH86fINsWPQb5A3oATLyXqYCqVJ',
        'Motion in a Straight Line', 0, 'TODO: descrition', 'physics', 3),
       ('qcWK9DWwjP6f8SJL0KhsMyyMk4pmnnLYymc613YYiWQshGvDTXxXg6wT5QvebPWx', 'Derivatives', 0,
        'TODO: descrition', 'physics', 3),
       ('RddEePfFImWe9IHhA936j9VfCQUoFXfPiIajJ7trfzxfXJ2WVg9h366370Cc83gP', 'Integrals', 0,
        'TODO: descrition', 'physics', 3),
       ('o0nKwvR2B7cYMAX4MMvRtJ4U5Slwz7ocXhK9gW553PhRQZa5lFtwXduQQ2oLvjEO',
        'Vectors and 2D Motion', 0, 'TODO: descrition', 'physics', 3),
       ('9ezDC61ZzAz2qJflAyWvXe3NYFjdh5uM9cjLbrrQDFkKp8YRsS1FWFgpN42jhiSV', 'Newton\'s Laws', 0,
        'TODO: descrition', 'physics', 3),
       ('lUaT7A3UY3VRvWcKuWAbC3N8s7FUfECzP3oW5AV4hUrSrW7mXGOKaQEcEVzNTxci', 'Friction', 0,
        'TODO: descrition', 'physics', 3),
       ('wnuC6C67NM3d2ClcKPRtncZ5BIf1onaF9fYgtJBhfzbp9C3zHHnPA0HdlcmBg7We',
        'Uniform Circular Motion', 0, 'TODO: descrition', 'physics', 3),
       ('PSNbdWHPhvv7Kk4BWDCStFo9hWsb4LciGK21jhFX0jUhKyC8VRffPjh4u8uEbs0G', 'Newtonian Gravity',
        0, 'TODO: descrition', 'physics', 3),
       ('eHCL8ejirNV2Y9fnZIyWrjI01Z1btOUvwyA8RF20tpes07OleJdPAnYQMdNGbwlv',
        'Work, Energy, and Power', 0, 'TODO: descrition', 'physics', 3),
       ('lzOUmieuInaUrDkg8XvkCM0jWZKiNXir0N3dBRdiCW5tyeQk9WXzNlHUAgRMFKxz', 'Collisions', 0,
        'TODO: descrition', 'physics', 3),
       ('GOV4KM1HZQALpWiwJFif1XUIYAnMI8aNZeJBozZbhZytNlVX8MyebrZt4algqnEQ', 'Rotational Motion',
        0, 'TODO: descrition', 'physics', 3),
       ('88GeMISQ0df2hqZDcJzmyfCw0v8DJVNKfPbAVgWImpSFHOJFLy8PbWGSUqECi2WN', 'Torque', 0,
        'TODO: descrition', 'physics', 3),
       ('b6oD3MEu5Lz0urII6JRLucRZP2OhG0QaiB4cK9vUoyITUWHy3QZXUJb1teW2gOjZ', 'Statics', 0,
        'TODO: descrition', 'physics', 3),
       ('lnNHflpZ0kV92aN3dPflUMSjbCWkWCzssUQY8YTxoAnB4A4NhBEYqoxGu8JJa65h', 'Fluids at Rest', 0,
        'TODO: descrition', 'physics', 3),
       ('1w5lOLbaC4Fu1UyZs38q53CBKRjsLi2UKnVfctcjjstfKPSV5CkdCrU2OtBveVL1', 'Fluids in Motion', 0,
        'TODO: descrition', 'physics', 3),
       ('jRBoR3ac00oizqyOcfIYL5ZAOgyNCywujPMuIy7dUfw9sXvCFpATbb6SA6Q4B9Hs',
        'Simple Harmonic Motion', 0, 'TODO: descrition', 'physics', 3),
       ('oOA99DTyMs8uz1y29KDJL92RMfUnmhEp8IwtaSo9xOYZJqPBHcTDDTF1mIAgqALo', 'Traveling Waves', 0,
        'TODO: descrition', 'physics', 3),
       ('93URO9yWTNdr5OQVLGOgCIlImKE1oj8pc3XCgcqBVJhiGKoHGm2wef6ypMbeceKv', 'Sound', 0,
        'TODO: descrition', 'physics', 3),
       ('MJBx1XC2hlysepyGtju7XB4QNr7YwHJKsIGaNy7fw5vp6VIqdOlOOpjKxZVtalHN',
        'The Physics of Music', 0, 'TODO: descrition', 'physics', 3),
       ('Yv3cVbMMZ0uu6yhVbzb6i85g5uVAtIinjNDwOsvuY1oXkgYsU8KVglKW1UrxhtOA', 'Temperature', 0,
        'TODO: descrition', 'physics', 3),
       ('leRLhYL6okkMYlo7PzAweGGBp1gw5TmuDbY9zUpomQK9SqnayWiFZg2YU6OTWpGy',
        'Kinetic Theory and Phase Changes', 0, 'TODO: descrition', 'physics', 3),
       ('Fv3XGnE8visCCtUDpPsQKJFrITXznRDjgif0e2Xn1Fck1MlXXlyU3gFGu7VK5JuV', 'The Physics of Heat',
        0, 'TODO: descrition', 'physics', 3),
       ('VRHLCb79KlTKh36NZYxY0WYRlHIkW9JZdYvQfW2qWzghHAT2JBjLDAavK85624EM', 'Thermodynamics', 0,
        'TODO: descrition', 'physics', 3),
       ('H6UHDktvz8d4MfXbrOQn2VCNzAfCzJZurH8yXnOe8dnJwcPNgv1CAXUdgOkcNWdd', 'Engines', 0,
        'TODO: descrition', 'physics', 3),
       ('YaUvq23Ju4RFpI2ZX8aQyiVH1llFQbdnVTtfdrNUiBawLIr5D723ra1fLjBfThHa', 'Electric Charge', 0,
        'TODO: descrition', 'physics', 3),
       ('TCkP1gBrIWDhD45Xvk4HF9kwlEAnDW67FFqVxS1hdJUQ3qeseQtXNA8P6uac05J8', 'Electric Fields', 0,
        'TODO: descrition', 'physics', 3),
       ('H8EiErCfAPGnHEgxCT8de7DPteKlEcIF4B3sCBuLzi2ifgfiuMQi2Ip2gMXNCRtE',
        'Voltage, Electric Energy, and Capacitors', 0, 'TODO: descrition', 'physics', 3),
       ('SO3NHxlxnry250JUY7rLnapoHtgQsbqdI6AEXtNbkAwO5AI3V7C8DMkxJnA5Cq1f', 'Electric Current', 0,
        'TODO: descrition', 'physics', 3),
       ('lLcundODvFpRVuXs7AU2SMIavbrHvLDTGzEuV0zBYHs6dyK4wCt5LoRTepkPOCYt',
        'DC Resistors & Batteries', 0, 'TODO: descrition', 'physics', 3),
       ('Tp8g7iqKIW9Y6HFTkBVNRBAQNjmxjnIEziDTqdAAJOmASx3V3qnlt0BO9ACiKpn4', 'Circuit Analysis', 0,
        'TODO: descrition', 'physics', 3),
       ('H8HQXMETfVOuAOp6Ljt9i68E0fljFLlWxAJuOjYKeMKt496EbBC5vJLzOEmuQgtv',
        'Capacitors and Kirchhoff', 0, 'TODO: descrition', 'physics', 3),
       ('LpPFXOnxx5B1xD8fnStnOtvuQgMUwvWO3ynbtGt5hYTAAOYrossXiKQ89CjJry0f', 'Magnetism', 0,
        'TODO: descrition', 'physics', 3),
       ('HutsuDd2RH1K1ufNR1NK7FsHt20kmoOlKOgNPlY69BLv9OGykERSSdHqLuswVetr', 'Ampère\'s Law', 0,
        'TODO: descrition', 'physics', 3),
       ('GueWfFpmvzIr3ACKjc5zOwSIOI8z754sM7ntOBe07A4K30cOnE74Tql9ooSyYuhE',
        'Induction - An Introduction', 0, 'TODO: descrition', 'physics', 3),
       ('3ayHyvuZA5JFn9qLfVNGDh3T3bHLcy6gi2NFX44h8jgSgFu2lShJhCIFVM0oCBAR',
        'How Power Gets to Your Home', 0, 'TODO: descrition', 'physics', 3),
       ('y70J4GMcerZLcB6mCWjwTdnbl9vQJZMOM0gDcMG2SE2LfMWs0xTsFPMYQ5ufmXuM', 'AC Circuits', 0,
        'TODO: descrition', 'physics', 3),
       ('yQbOdkSM2D29h8vvCkbJYJsLY3uQOkT3Db8aiCC0FEIw3jMqVnTraVVl1f6aZR7R',
        'Maxwell\'s Equations', 0, 'TODO: descrition', 'physics', 3),
       ('p61uboe1GiXrRvIjMnGtsi7JmIdUlumSEziZYCkljEdIi1S8WEcMb5RNCBijR35h', 'Geometric Optics', 0,
        'TODO: descrition', 'physics', 3),
       ('lycnevm4OkjTUD1eq2b1JycKfcFHqzTcqZ7iugdut66Jhg9JBK9MlNKjRIOz75Nr', 'Light Is Waves', 0,
        'TODO: descrition', 'physics', 3),
       ('pc3LlbeZ54MVm6lfm776KzpomPsxIsXuYWdveosAeHWeUHYN7FfHsOYGWq2NrPSo',
        'Spectra Interference', 0, 'TODO: descrition', 'physics', 3),
       ('1Xh5AIF7raOGa0l0Vhf1bCOo4JQEs7EqHRIf0HyvvXEupMWp9GkYV62VRK5p3c7C', 'Optical Instruments',
        0, 'TODO: descrition', 'physics', 3),
       ('IXCOYyJPTvR5F0eZt2EmZFzTKKf5zKeobAoiFzPLjR9KZlSb8o1PEUb6SNrhoUbr', 'Special Relativity',
        0, 'TODO: descrition', 'physics', 3),
       ('guoN57qNXlNI6miJuonsXt5aKeyqqBr3UjmiqocVqI7n7vH41krRUxkMEcZPXGn5',
        'Quantum Mechanics - Part 1', 0, 'TODO: descrition', 'physics', 3),
       ('xW9rKtLkt8DqkUoFz5rCDESCrtTiXHTMQXzndlRcXviQmFLhU8SI5fT9ul9UBsEp',
        'Quantum Mechanics - Part 2', 0, 'TODO: descrition', 'physics', 3),
       ('1oI90zgcSpNlHAHNoWwob9CdUgRyeefVzqtPdvfXj2z6zORrSswDLfuJszHPBzX2', 'Nuclear Physics', 0,
        'TODO: descrition', 'physics', 3),
       ('NMW5sovCrMzjRJxuPUZBqKzMxR1Gl7iG4vezyiITDn2i8lkgd7BP0C9DoHBYP1q8',
        'Astrophysics and Cosmology', 0, 'TODO: descrition', 'physics', 3);

INSERT INTO db.course_videos
    (video_tag, course_tag, `order`)
VALUES ('63GIeZ6XJTJXbwEw4Db9emAkvTIUCXMbcoQXP3jaXfeOsOB7381vmdSzMjdiJNLR',
        'bh5ubPO5vCg71d5D64a5GeQMP2enL02DHBiOSTne5vYdlS15rGmsRWuwAuW8t06h', 0),
       ('vK8yP4LMzVRwwdY3SHs0iABG331oVCdYv8cKHOH86fINsWPQb5A3oATLyXqYCqVJ',
        'bh5ubPO5vCg71d5D64a5GeQMP2enL02DHBiOSTne5vYdlS15rGmsRWuwAuW8t06h', 1),
       ('qcWK9DWwjP6f8SJL0KhsMyyMk4pmnnLYymc613YYiWQshGvDTXxXg6wT5QvebPWx',
        'bh5ubPO5vCg71d5D64a5GeQMP2enL02DHBiOSTne5vYdlS15rGmsRWuwAuW8t06h', 2),
       ('RddEePfFImWe9IHhA936j9VfCQUoFXfPiIajJ7trfzxfXJ2WVg9h366370Cc83gP',
        'bh5ubPO5vCg71d5D64a5GeQMP2enL02DHBiOSTne5vYdlS15rGmsRWuwAuW8t06h', 3),
       ('o0nKwvR2B7cYMAX4MMvRtJ4U5Slwz7ocXhK9gW553PhRQZa5lFtwXduQQ2oLvjEO',
        'bh5ubPO5vCg71d5D64a5GeQMP2enL02DHBiOSTne5vYdlS15rGmsRWuwAuW8t06h', 4),
       ('9ezDC61ZzAz2qJflAyWvXe3NYFjdh5uM9cjLbrrQDFkKp8YRsS1FWFgpN42jhiSV',
        'bh5ubPO5vCg71d5D64a5GeQMP2enL02DHBiOSTne5vYdlS15rGmsRWuwAuW8t06h', 5),
       ('lUaT7A3UY3VRvWcKuWAbC3N8s7FUfECzP3oW5AV4hUrSrW7mXGOKaQEcEVzNTxci',
        'bh5ubPO5vCg71d5D64a5GeQMP2enL02DHBiOSTne5vYdlS15rGmsRWuwAuW8t06h', 6),
       ('wnuC6C67NM3d2ClcKPRtncZ5BIf1onaF9fYgtJBhfzbp9C3zHHnPA0HdlcmBg7We',
        'bh5ubPO5vCg71d5D64a5GeQMP2enL02DHBiOSTne5vYdlS15rGmsRWuwAuW8t06h', 7),
       ('PSNbdWHPhvv7Kk4BWDCStFo9hWsb4LciGK21jhFX0jUhKyC8VRffPjh4u8uEbs0G',
        'bh5ubPO5vCg71d5D64a5GeQMP2enL02DHBiOSTne5vYdlS15rGmsRWuwAuW8t06h', 8),
       ('eHCL8ejirNV2Y9fnZIyWrjI01Z1btOUvwyA8RF20tpes07OleJdPAnYQMdNGbwlv',
        'bh5ubPO5vCg71d5D64a5GeQMP2enL02DHBiOSTne5vYdlS15rGmsRWuwAuW8t06h', 9),
       ('lzOUmieuInaUrDkg8XvkCM0jWZKiNXir0N3dBRdiCW5tyeQk9WXzNlHUAgRMFKxz',
        'bh5ubPO5vCg71d5D64a5GeQMP2enL02DHBiOSTne5vYdlS15rGmsRWuwAuW8t06h', 10),
       ('GOV4KM1HZQALpWiwJFif1XUIYAnMI8aNZeJBozZbhZytNlVX8MyebrZt4algqnEQ',
        'bh5ubPO5vCg71d5D64a5GeQMP2enL02DHBiOSTne5vYdlS15rGmsRWuwAuW8t06h', 11),
       ('88GeMISQ0df2hqZDcJzmyfCw0v8DJVNKfPbAVgWImpSFHOJFLy8PbWGSUqECi2WN',
        'bh5ubPO5vCg71d5D64a5GeQMP2enL02DHBiOSTne5vYdlS15rGmsRWuwAuW8t06h', 12),
       ('b6oD3MEu5Lz0urII6JRLucRZP2OhG0QaiB4cK9vUoyITUWHy3QZXUJb1teW2gOjZ',
        'bh5ubPO5vCg71d5D64a5GeQMP2enL02DHBiOSTne5vYdlS15rGmsRWuwAuW8t06h', 13),
       ('lnNHflpZ0kV92aN3dPflUMSjbCWkWCzssUQY8YTxoAnB4A4NhBEYqoxGu8JJa65h',
        'bh5ubPO5vCg71d5D64a5GeQMP2enL02DHBiOSTne5vYdlS15rGmsRWuwAuW8t06h', 14),
       ('1w5lOLbaC4Fu1UyZs38q53CBKRjsLi2UKnVfctcjjstfKPSV5CkdCrU2OtBveVL1',
        'bh5ubPO5vCg71d5D64a5GeQMP2enL02DHBiOSTne5vYdlS15rGmsRWuwAuW8t06h', 15),
       ('jRBoR3ac00oizqyOcfIYL5ZAOgyNCywujPMuIy7dUfw9sXvCFpATbb6SA6Q4B9Hs',
        'bh5ubPO5vCg71d5D64a5GeQMP2enL02DHBiOSTne5vYdlS15rGmsRWuwAuW8t06h', 16),
       ('oOA99DTyMs8uz1y29KDJL92RMfUnmhEp8IwtaSo9xOYZJqPBHcTDDTF1mIAgqALo',
        'bh5ubPO5vCg71d5D64a5GeQMP2enL02DHBiOSTne5vYdlS15rGmsRWuwAuW8t06h', 17),
       ('93URO9yWTNdr5OQVLGOgCIlImKE1oj8pc3XCgcqBVJhiGKoHGm2wef6ypMbeceKv',
        'bh5ubPO5vCg71d5D64a5GeQMP2enL02DHBiOSTne5vYdlS15rGmsRWuwAuW8t06h', 18),
       ('MJBx1XC2hlysepyGtju7XB4QNr7YwHJKsIGaNy7fw5vp6VIqdOlOOpjKxZVtalHN',
        'bh5ubPO5vCg71d5D64a5GeQMP2enL02DHBiOSTne5vYdlS15rGmsRWuwAuW8t06h', 19),
       ('Yv3cVbMMZ0uu6yhVbzb6i85g5uVAtIinjNDwOsvuY1oXkgYsU8KVglKW1UrxhtOA',
        'bh5ubPO5vCg71d5D64a5GeQMP2enL02DHBiOSTne5vYdlS15rGmsRWuwAuW8t06h', 20),
       ('leRLhYL6okkMYlo7PzAweGGBp1gw5TmuDbY9zUpomQK9SqnayWiFZg2YU6OTWpGy',
        'bh5ubPO5vCg71d5D64a5GeQMP2enL02DHBiOSTne5vYdlS15rGmsRWuwAuW8t06h', 21),
       ('Fv3XGnE8visCCtUDpPsQKJFrITXznRDjgif0e2Xn1Fck1MlXXlyU3gFGu7VK5JuV',
        'bh5ubPO5vCg71d5D64a5GeQMP2enL02DHBiOSTne5vYdlS15rGmsRWuwAuW8t06h', 22),
       ('VRHLCb79KlTKh36NZYxY0WYRlHIkW9JZdYvQfW2qWzghHAT2JBjLDAavK85624EM',
        'bh5ubPO5vCg71d5D64a5GeQMP2enL02DHBiOSTne5vYdlS15rGmsRWuwAuW8t06h', 23),
       ('H6UHDktvz8d4MfXbrOQn2VCNzAfCzJZurH8yXnOe8dnJwcPNgv1CAXUdgOkcNWdd',
        'bh5ubPO5vCg71d5D64a5GeQMP2enL02DHBiOSTne5vYdlS15rGmsRWuwAuW8t06h', 24),
       ('YaUvq23Ju4RFpI2ZX8aQyiVH1llFQbdnVTtfdrNUiBawLIr5D723ra1fLjBfThHa',
        'bh5ubPO5vCg71d5D64a5GeQMP2enL02DHBiOSTne5vYdlS15rGmsRWuwAuW8t06h', 25),
       ('TCkP1gBrIWDhD45Xvk4HF9kwlEAnDW67FFqVxS1hdJUQ3qeseQtXNA8P6uac05J8',
        'bh5ubPO5vCg71d5D64a5GeQMP2enL02DHBiOSTne5vYdlS15rGmsRWuwAuW8t06h', 26),
       ('H8EiErCfAPGnHEgxCT8de7DPteKlEcIF4B3sCBuLzi2ifgfiuMQi2Ip2gMXNCRtE',
        'bh5ubPO5vCg71d5D64a5GeQMP2enL02DHBiOSTne5vYdlS15rGmsRWuwAuW8t06h', 27),
       ('SO3NHxlxnry250JUY7rLnapoHtgQsbqdI6AEXtNbkAwO5AI3V7C8DMkxJnA5Cq1f',
        'bh5ubPO5vCg71d5D64a5GeQMP2enL02DHBiOSTne5vYdlS15rGmsRWuwAuW8t06h', 28),
       ('lLcundODvFpRVuXs7AU2SMIavbrHvLDTGzEuV0zBYHs6dyK4wCt5LoRTepkPOCYt',
        'bh5ubPO5vCg71d5D64a5GeQMP2enL02DHBiOSTne5vYdlS15rGmsRWuwAuW8t06h', 29),
       ('Tp8g7iqKIW9Y6HFTkBVNRBAQNjmxjnIEziDTqdAAJOmASx3V3qnlt0BO9ACiKpn4',
        'bh5ubPO5vCg71d5D64a5GeQMP2enL02DHBiOSTne5vYdlS15rGmsRWuwAuW8t06h', 30),
       ('H8HQXMETfVOuAOp6Ljt9i68E0fljFLlWxAJuOjYKeMKt496EbBC5vJLzOEmuQgtv',
        'bh5ubPO5vCg71d5D64a5GeQMP2enL02DHBiOSTne5vYdlS15rGmsRWuwAuW8t06h', 31),
       ('LpPFXOnxx5B1xD8fnStnOtvuQgMUwvWO3ynbtGt5hYTAAOYrossXiKQ89CjJry0f',
        'bh5ubPO5vCg71d5D64a5GeQMP2enL02DHBiOSTne5vYdlS15rGmsRWuwAuW8t06h', 32),
       ('HutsuDd2RH1K1ufNR1NK7FsHt20kmoOlKOgNPlY69BLv9OGykERSSdHqLuswVetr',
        'bh5ubPO5vCg71d5D64a5GeQMP2enL02DHBiOSTne5vYdlS15rGmsRWuwAuW8t06h', 33),
       ('GueWfFpmvzIr3ACKjc5zOwSIOI8z754sM7ntOBe07A4K30cOnE74Tql9ooSyYuhE',
        'bh5ubPO5vCg71d5D64a5GeQMP2enL02DHBiOSTne5vYdlS15rGmsRWuwAuW8t06h', 34),
       ('3ayHyvuZA5JFn9qLfVNGDh3T3bHLcy6gi2NFX44h8jgSgFu2lShJhCIFVM0oCBAR',
        'bh5ubPO5vCg71d5D64a5GeQMP2enL02DHBiOSTne5vYdlS15rGmsRWuwAuW8t06h', 35),
       ('y70J4GMcerZLcB6mCWjwTdnbl9vQJZMOM0gDcMG2SE2LfMWs0xTsFPMYQ5ufmXuM',
        'bh5ubPO5vCg71d5D64a5GeQMP2enL02DHBiOSTne5vYdlS15rGmsRWuwAuW8t06h', 36),
       ('yQbOdkSM2D29h8vvCkbJYJsLY3uQOkT3Db8aiCC0FEIw3jMqVnTraVVl1f6aZR7R',
        'bh5ubPO5vCg71d5D64a5GeQMP2enL02DHBiOSTne5vYdlS15rGmsRWuwAuW8t06h', 37),
       ('p61uboe1GiXrRvIjMnGtsi7JmIdUlumSEziZYCkljEdIi1S8WEcMb5RNCBijR35h',
        'bh5ubPO5vCg71d5D64a5GeQMP2enL02DHBiOSTne5vYdlS15rGmsRWuwAuW8t06h', 38),
       ('lycnevm4OkjTUD1eq2b1JycKfcFHqzTcqZ7iugdut66Jhg9JBK9MlNKjRIOz75Nr',
        'bh5ubPO5vCg71d5D64a5GeQMP2enL02DHBiOSTne5vYdlS15rGmsRWuwAuW8t06h', 39),
       ('pc3LlbeZ54MVm6lfm776KzpomPsxIsXuYWdveosAeHWeUHYN7FfHsOYGWq2NrPSo',
        'bh5ubPO5vCg71d5D64a5GeQMP2enL02DHBiOSTne5vYdlS15rGmsRWuwAuW8t06h', 40),
       ('1Xh5AIF7raOGa0l0Vhf1bCOo4JQEs7EqHRIf0HyvvXEupMWp9GkYV62VRK5p3c7C',
        'bh5ubPO5vCg71d5D64a5GeQMP2enL02DHBiOSTne5vYdlS15rGmsRWuwAuW8t06h', 41),
       ('IXCOYyJPTvR5F0eZt2EmZFzTKKf5zKeobAoiFzPLjR9KZlSb8o1PEUb6SNrhoUbr',
        'bh5ubPO5vCg71d5D64a5GeQMP2enL02DHBiOSTne5vYdlS15rGmsRWuwAuW8t06h', 42),
       ('guoN57qNXlNI6miJuonsXt5aKeyqqBr3UjmiqocVqI7n7vH41krRUxkMEcZPXGn5',
        'bh5ubPO5vCg71d5D64a5GeQMP2enL02DHBiOSTne5vYdlS15rGmsRWuwAuW8t06h', 43),
       ('xW9rKtLkt8DqkUoFz5rCDESCrtTiXHTMQXzndlRcXviQmFLhU8SI5fT9ul9UBsEp',
        'bh5ubPO5vCg71d5D64a5GeQMP2enL02DHBiOSTne5vYdlS15rGmsRWuwAuW8t06h', 44),
       ('1oI90zgcSpNlHAHNoWwob9CdUgRyeefVzqtPdvfXj2z6zORrSswDLfuJszHPBzX2',
        'bh5ubPO5vCg71d5D64a5GeQMP2enL02DHBiOSTne5vYdlS15rGmsRWuwAuW8t06h', 45),
       ('NMW5sovCrMzjRJxuPUZBqKzMxR1Gl7iG4vezyiITDn2i8lkgd7BP0C9DoHBYP1q8',
        'bh5ubPO5vCg71d5D64a5GeQMP2enL02DHBiOSTne5vYdlS15rGmsRWuwAuW8t06h', 46);

-- Environmental Science
INSERT INTO db.items
    (tag, type, price)
VALUES ('bPp0NYKzPJb8s6iBjnTphRwn9RG09phKh6V65UgqwsiY1kw1DaeFxmHgen4nx9QR', 'course', 20.00),
       ('l2TiuglxfLOvijvYyJlQaD2qRW2vLTvJm87mMRgLJ5KHgOhqDI51E0rleDDVJZwM', 'video', 0.00),
       ('tYQXvGn0b3rme4Xsuzb4mO3Mtiz98VHRZlt8HaPpuMIELlwKZa3TGJJHwF6VlAXF', 'video', 4.29),
       ('b8WwqMjf5qgY6Kov1d9S3KA2Mc0y9yrhBW1hBwHesOpnh2FP9NLIJvlkeYyJpLiH', 'video', 8.87),
       ('dBtKr6SjZ0Lp1avnzmkcJpspH6qXzZtEkTm80iWH72LkbVMX27MyH2YrQrLN9M5d', 'video', 3.84),
       ('rjuPO8FJV9GOY6Mx0rVnodhn6kyJM9pHL3JCHcBsrxSByQWjVDDngOltcAwXMYtI', 'video', 9.30),
       ('lUrlLNE4b4W9qvgdiIINTqrW7ZdUnsj62xir4TyvLjw7xUN51ui1zFCvV3FXHtjA', 'video', 7.63),
       ('NvSpyhEjlQTRqnBtOeXgNHtM9J4r69uJo5THo2uGNSBcu9TmSlgUN2XzaMqnheuP', 'video', 6.09),
       ('YZbEmdM2q4INjLWUrGpYJ7Gv9QOQUz0CDMOpKCxV4R8dGwXVdq7N4xNaMqzhv2vG', 'video', 4.66),
       ('cvbTo1jTaiEqDStwcmcPeBQAxBJcTTpdvvo2BfJdTbFkf6LYRsgBMcUr6baGKQvN', 'video', 9.51),
       ('9cgxSm206bn83pN40AWxguY1UbLP7CMvZtXGZZZl6D8VuSqpwMKQBtgRueZr4mGA', 'video', 5.24),
       ('6TUs8yYYvtt5xYml2KnSApDP4998lAiyhDMzL3CRErFfpVdfXTf73OAFMVkQ64eG', 'video', 3.31),
       ('8w7OcmLlf0t51izmat0Sp2gZEnwWeKvk7VomxbtPGyutnUr7ByoS5FqZaqoN0A4N', 'video', 6.64),
       ('WXqp7TC4U1Cr5pUgdDXN2XIentjwQVf8tQqPj6W2YLBbweCHUsMbop8IVxekaPYc', 'video', 9.85),
       ('X215DvmNcgb5pB75yU2Mpxny6L1NklDFDiaXLcTq7ozFX31XF5BqhHsFh7SkTgx4', 'video', 4.43),
       ('czc5sYYwJ0zbgF1sfjwh4s1xxCFDcKcbQvFshwghTYaiS1HbzCVrRymJ7j7v8HtQ', 'video', 6.36),
       ('XvdnL8ioFYQQjcHfGElkegsKmDVxJS8SjcH0sYzNGskT3YVTZhuCcPhKeTOpK1et', 'video', 4.96),
       ('NOgi14hM8pLU2tAAO2UZcq6t6bu6WIoTH6WMjOiF7A096E3pgJpO0q5ZhgDuxgCI', 'video', 6.76),
       ('GGNxoIzCVoDihwoNOBc7ZbZcYlO3luIMgUlmQWwe2BolVSrDvAGOuRucg4wZd4kN', 'video', 3.56);

INSERT INTO db.courses
    (tag, name, description, subject, creator)
VALUES ('bPp0NYKzPJb8s6iBjnTphRwn9RG09phKh6V65UgqwsiY1kw1DaeFxmHgen4nx9QR', 'CC Environmental Science',
        'Example Environmental Science course by Crash Course!', 'geography', 3);


INSERT INTO db.videos
    (tag, name, free, description, subject, uploader)
VALUES ('l2TiuglxfLOvijvYyJlQaD2qRW2vLTvJm87mMRgLJ5KHgOhqDI51E0rleDDVJZwM', 'What is Climate Change?', 1,
        'TODO: descrition', 'geography', 3),
       ('tYQXvGn0b3rme4Xsuzb4mO3Mtiz98VHRZlt8HaPpuMIELlwKZa3TGJJHwF6VlAXF', 'Climate Science', 0, 'TODO: descrition',
        'geography', 3),
       ('b8WwqMjf5qgY6Kov1d9S3KA2Mc0y9yrhBW1hBwHesOpnh2FP9NLIJvlkeYyJpLiH', 'What Are Glaciers?', 0, 'TODO: descrition',
        'geography', 3),
       ('dBtKr6SjZ0Lp1avnzmkcJpspH6qXzZtEkTm80iWH72LkbVMX27MyH2YrQrLN9M5d', 'What Does the Atmosphere Do?', 0,
        'TODO: descrition', 'geography', 3),
       ('rjuPO8FJV9GOY6Mx0rVnodhn6kyJM9pHL3JCHcBsrxSByQWjVDDngOltcAwXMYtI', 'Natural Hazards', 0, 'TODO: descrition',
        'geography', 3),
       ('lUrlLNE4b4W9qvgdiIINTqrW7ZdUnsj62xir4TyvLjw7xUN51ui1zFCvV3FXHtjA', 'Sustainable Cities', 0, 'TODO: descrition',
        'geography', 3),
       ('NvSpyhEjlQTRqnBtOeXgNHtM9J4r69uJo5THo2uGNSBcu9TmSlgUN2XzaMqnheuP',
        'The Engineering Challenges of Renewable Energy', 0, 'TODO: descrition', 'geography', 3),
       ('YZbEmdM2q4INjLWUrGpYJ7Gv9QOQUz0CDMOpKCxV4R8dGwXVdq7N4xNaMqzhv2vG', 'The Future of Clean Energy', 0,
        'TODO: descrition', 'geography', 3),
       ('cvbTo1jTaiEqDStwcmcPeBQAxBJcTTpdvvo2BfJdTbFkf6LYRsgBMcUr6baGKQvN',
        'Preventing Flint - Environmental Engineering', 0, 'TODO: descrition', 'geography', 3),
       ('9cgxSm206bn83pN40AWxguY1UbLP7CMvZtXGZZZl6D8VuSqpwMKQBtgRueZr4mGA', 'Controlling the Environment', 0,
        'TODO: descrition', 'geography', 3),
       ('6TUs8yYYvtt5xYml2KnSApDP4998lAiyhDMzL3CRErFfpVdfXTf73OAFMVkQ64eG', 'How the Environment Affects Your Health',
        0, 'TODO: descrition', 'geography', 3),
       ('8w7OcmLlf0t51izmat0Sp2gZEnwWeKvk7VomxbtPGyutnUr7ByoS5FqZaqoN0A4N', 'Why Do Outbreaks Affect People Unequally?',
        0, 'TODO: descrition', 'geography', 3),
       ('WXqp7TC4U1Cr5pUgdDXN2XIentjwQVf8tQqPj6W2YLBbweCHUsMbop8IVxekaPYc', '5 Human Impacts on the Environment', 0,
        'TODO: descrition', 'geography', 3),
       ('X215DvmNcgb5pB75yU2Mpxny6L1NklDFDiaXLcTq7ozFX31XF5BqhHsFh7SkTgx4', 'The Hydrologic and Carbon Cycles', 0,
        'TODO: descrition', 'geography', 3),
       ('czc5sYYwJ0zbgF1sfjwh4s1xxCFDcKcbQvFshwghTYaiS1HbzCVrRymJ7j7v8HtQ', 'Nitrogen & Phosphorus Cycles', 0,
        'TODO: descrition', 'geography', 3),
       ('XvdnL8ioFYQQjcHfGElkegsKmDVxJS8SjcH0sYzNGskT3YVTZhuCcPhKeTOpK1et', 'Pollution', 0, 'TODO: descrition',
        'geography', 3),
       ('NOgi14hM8pLU2tAAO2UZcq6t6bu6WIoTH6WMjOiF7A096E3pgJpO0q5ZhgDuxgCI', 'Conservation and Restoration Ecology', 0,
        'TODO: descrition', 'geography', 3),
       ('GGNxoIzCVoDihwoNOBc7ZbZcYlO3luIMgUlmQWwe2BolVSrDvAGOuRucg4wZd4kN', 'The Anthropocene and the Near Future', 0,
        'TODO: descrition', 'geography', 3);

INSERT INTO db.course_videos
    (video_tag, course_tag, `order`)
VALUES ('l2TiuglxfLOvijvYyJlQaD2qRW2vLTvJm87mMRgLJ5KHgOhqDI51E0rleDDVJZwM',
        'bPp0NYKzPJb8s6iBjnTphRwn9RG09phKh6V65UgqwsiY1kw1DaeFxmHgen4nx9QR', 0),
       ('tYQXvGn0b3rme4Xsuzb4mO3Mtiz98VHRZlt8HaPpuMIELlwKZa3TGJJHwF6VlAXF',
        'bPp0NYKzPJb8s6iBjnTphRwn9RG09phKh6V65UgqwsiY1kw1DaeFxmHgen4nx9QR', 1),
       ('b8WwqMjf5qgY6Kov1d9S3KA2Mc0y9yrhBW1hBwHesOpnh2FP9NLIJvlkeYyJpLiH',
        'bPp0NYKzPJb8s6iBjnTphRwn9RG09phKh6V65UgqwsiY1kw1DaeFxmHgen4nx9QR', 2),
       ('dBtKr6SjZ0Lp1avnzmkcJpspH6qXzZtEkTm80iWH72LkbVMX27MyH2YrQrLN9M5d',
        'bPp0NYKzPJb8s6iBjnTphRwn9RG09phKh6V65UgqwsiY1kw1DaeFxmHgen4nx9QR', 3),
       ('rjuPO8FJV9GOY6Mx0rVnodhn6kyJM9pHL3JCHcBsrxSByQWjVDDngOltcAwXMYtI',
        'bPp0NYKzPJb8s6iBjnTphRwn9RG09phKh6V65UgqwsiY1kw1DaeFxmHgen4nx9QR', 4),
       ('lUrlLNE4b4W9qvgdiIINTqrW7ZdUnsj62xir4TyvLjw7xUN51ui1zFCvV3FXHtjA',
        'bPp0NYKzPJb8s6iBjnTphRwn9RG09phKh6V65UgqwsiY1kw1DaeFxmHgen4nx9QR', 5),
       ('NvSpyhEjlQTRqnBtOeXgNHtM9J4r69uJo5THo2uGNSBcu9TmSlgUN2XzaMqnheuP',
        'bPp0NYKzPJb8s6iBjnTphRwn9RG09phKh6V65UgqwsiY1kw1DaeFxmHgen4nx9QR', 6),
       ('YZbEmdM2q4INjLWUrGpYJ7Gv9QOQUz0CDMOpKCxV4R8dGwXVdq7N4xNaMqzhv2vG',
        'bPp0NYKzPJb8s6iBjnTphRwn9RG09phKh6V65UgqwsiY1kw1DaeFxmHgen4nx9QR', 7),
       ('cvbTo1jTaiEqDStwcmcPeBQAxBJcTTpdvvo2BfJdTbFkf6LYRsgBMcUr6baGKQvN',
        'bPp0NYKzPJb8s6iBjnTphRwn9RG09phKh6V65UgqwsiY1kw1DaeFxmHgen4nx9QR', 8),
       ('9cgxSm206bn83pN40AWxguY1UbLP7CMvZtXGZZZl6D8VuSqpwMKQBtgRueZr4mGA',
        'bPp0NYKzPJb8s6iBjnTphRwn9RG09phKh6V65UgqwsiY1kw1DaeFxmHgen4nx9QR', 9),
       ('6TUs8yYYvtt5xYml2KnSApDP4998lAiyhDMzL3CRErFfpVdfXTf73OAFMVkQ64eG',
        'bPp0NYKzPJb8s6iBjnTphRwn9RG09phKh6V65UgqwsiY1kw1DaeFxmHgen4nx9QR', 10),
       ('8w7OcmLlf0t51izmat0Sp2gZEnwWeKvk7VomxbtPGyutnUr7ByoS5FqZaqoN0A4N',
        'bPp0NYKzPJb8s6iBjnTphRwn9RG09phKh6V65UgqwsiY1kw1DaeFxmHgen4nx9QR', 11),
       ('WXqp7TC4U1Cr5pUgdDXN2XIentjwQVf8tQqPj6W2YLBbweCHUsMbop8IVxekaPYc',
        'bPp0NYKzPJb8s6iBjnTphRwn9RG09phKh6V65UgqwsiY1kw1DaeFxmHgen4nx9QR', 12),
       ('X215DvmNcgb5pB75yU2Mpxny6L1NklDFDiaXLcTq7ozFX31XF5BqhHsFh7SkTgx4',
        'bPp0NYKzPJb8s6iBjnTphRwn9RG09phKh6V65UgqwsiY1kw1DaeFxmHgen4nx9QR', 13),
       ('czc5sYYwJ0zbgF1sfjwh4s1xxCFDcKcbQvFshwghTYaiS1HbzCVrRymJ7j7v8HtQ',
        'bPp0NYKzPJb8s6iBjnTphRwn9RG09phKh6V65UgqwsiY1kw1DaeFxmHgen4nx9QR', 14),
       ('XvdnL8ioFYQQjcHfGElkegsKmDVxJS8SjcH0sYzNGskT3YVTZhuCcPhKeTOpK1et',
        'bPp0NYKzPJb8s6iBjnTphRwn9RG09phKh6V65UgqwsiY1kw1DaeFxmHgen4nx9QR', 15),
       ('NOgi14hM8pLU2tAAO2UZcq6t6bu6WIoTH6WMjOiF7A096E3pgJpO0q5ZhgDuxgCI',
        'bPp0NYKzPJb8s6iBjnTphRwn9RG09phKh6V65UgqwsiY1kw1DaeFxmHgen4nx9QR', 16),
       ('GGNxoIzCVoDihwoNOBc7ZbZcYlO3luIMgUlmQWwe2BolVSrDvAGOuRucg4wZd4kN',
        'bPp0NYKzPJb8s6iBjnTphRwn9RG09phKh6V65UgqwsiY1kw1DaeFxmHgen4nx9QR', 17);

-- IUCN
INSERT INTO db.items
    (tag, type, price)
VALUES ('69z4eIxCHLIkEoR6jNTdAoyEjaRwj0Q8wGgsjj4pBtgIyH0XtgxAXBT1VfCWXWtS', 'course', 8.00),
       ('RsszczsnLyWKdBCcoEsMwm8tkMaUQmvLvdy4sLNCZM1Mn5koFwx2oa2fmPJojxcG', 'video', 0.00),
       ('FQgCkg2ZVrwzVlln4FIIi43edzQvWwuU0nxISJeE6h55946gAYcp8nupGTC7U7fL', 'video', 4.04),
       ('7Rpg1ikqjb2eMpZ7jJ2RWyKdnGNrg5kBBMECqqSrnlrLStc4rmJsjaFs1Od8KNpE', 'video', 2.86),
       ('Eu8McO5SI1H4oHe3CZmMtiWfIKNDRYgRf3blZ1UrAFA6X9lRUnsqWlDXYolWHJuC', 'video', 3.72),
       ('KCHJrfxocuPgQ7e52RL4vLbCkr1TmISRgFzJhIcCmfgBYGlAYaoFbhTmxCBmqnMf', 'video', 3.61),
       ('fqaWYZQDZWIgKpYiiCdgwQtblev0Ln6sjeCz0v3YrXabYRFxcpk7gr5sywskFON5', 'video', 1.45);

INSERT INTO db.courses
    (tag, name, description, subject, creator)
VALUES ('69z4eIxCHLIkEoR6jNTdAoyEjaRwj0Q8wGgsjj4pBtgIyH0XtgxAXBT1VfCWXWtS', 'Indigenous Insights',
        'Extra conservation course by IUCN', 'geography', 4);


INSERT INTO db.videos
    (tag, name, free, description, subject, uploader)
VALUES ('RsszczsnLyWKdBCcoEsMwm8tkMaUQmvLvdy4sLNCZM1Mn5koFwx2oa2fmPJojxcG', 'An end-of-the-year reflection', 1,
        'TODO: descrition', 'geography', 4),
       ('FQgCkg2ZVrwzVlln4FIIi43edzQvWwuU0nxISJeE6h55946gAYcp8nupGTC7U7fL', 'Protecting 80% of the Amazon by 2025', 0,
        'TODO: descrition', 'geography', 4),
       ('7Rpg1ikqjb2eMpZ7jJ2RWyKdnGNrg5kBBMECqqSrnlrLStc4rmJsjaFs1Od8KNpE', 'Biodiversity and climate change', 0,
        'TODO: descrition', 'geography', 4),
       ('Eu8McO5SI1H4oHe3CZmMtiWfIKNDRYgRf3blZ1UrAFA6X9lRUnsqWlDXYolWHJuC', 'Indigenous Women Leaders', 0,
        'TODO: descrition', 'geography', 4),
       ('KCHJrfxocuPgQ7e52RL4vLbCkr1TmISRgFzJhIcCmfgBYGlAYaoFbhTmxCBmqnMf', 'Indigenous Food Systems', 0,
        'TODO: descrition', 'geography', 4),
       ('fqaWYZQDZWIgKpYiiCdgwQtblev0Ln6sjeCz0v3YrXabYRFxcpk7gr5sywskFON5', 'Indigenous governance and conservation', 0,
        'TODO: descrition', 'geography', 4);

INSERT INTO db.course_videos
    (video_tag, course_tag, `order`)
VALUES ('RsszczsnLyWKdBCcoEsMwm8tkMaUQmvLvdy4sLNCZM1Mn5koFwx2oa2fmPJojxcG',
        '69z4eIxCHLIkEoR6jNTdAoyEjaRwj0Q8wGgsjj4pBtgIyH0XtgxAXBT1VfCWXWtS', 0),
       ('FQgCkg2ZVrwzVlln4FIIi43edzQvWwuU0nxISJeE6h55946gAYcp8nupGTC7U7fL',
        '69z4eIxCHLIkEoR6jNTdAoyEjaRwj0Q8wGgsjj4pBtgIyH0XtgxAXBT1VfCWXWtS', 1),
       ('7Rpg1ikqjb2eMpZ7jJ2RWyKdnGNrg5kBBMECqqSrnlrLStc4rmJsjaFs1Od8KNpE',
        '69z4eIxCHLIkEoR6jNTdAoyEjaRwj0Q8wGgsjj4pBtgIyH0XtgxAXBT1VfCWXWtS', 2),
       ('Eu8McO5SI1H4oHe3CZmMtiWfIKNDRYgRf3blZ1UrAFA6X9lRUnsqWlDXYolWHJuC',
        '69z4eIxCHLIkEoR6jNTdAoyEjaRwj0Q8wGgsjj4pBtgIyH0XtgxAXBT1VfCWXWtS', 3),
       ('KCHJrfxocuPgQ7e52RL4vLbCkr1TmISRgFzJhIcCmfgBYGlAYaoFbhTmxCBmqnMf',
        '69z4eIxCHLIkEoR6jNTdAoyEjaRwj0Q8wGgsjj4pBtgIyH0XtgxAXBT1VfCWXWtS', 4),
       ('fqaWYZQDZWIgKpYiiCdgwQtblev0Ln6sjeCz0v3YrXabYRFxcpk7gr5sywskFON5',
        '69z4eIxCHLIkEoR6jNTdAoyEjaRwj0Q8wGgsjj4pBtgIyH0XtgxAXBT1VfCWXWtS', 5);
