INSERT INTO db.items
    (tag, type, price)
VALUES ('bh5ubPO5vCg71d5D64a5GeQMP2enL02DHBiOSTne5vYdlS15rGmsRWuwAuW8t06h', 'course', 50.00),
       ('63GIeZ6XJTJXbwEw4Db9emAkvTIUCXMbcoQXP3jaXfeOsOB7381vmdSzMjdiJNLR', 'video', 0.00),
       ('vK8yP4LMzVRwwdY3SHs0iABG331oVCdYv8cKHOH86fINsWPQb5A3oATLyXqYCqVJ', 'video', 7.81),
       ('qcWK9DWwjP6f8SJL0KhsMyyMk4pmnnLYymc613YYiWQshGvDTXxXg6wT5QvebPWx', 'video', 5.18),
       ('RddEePfFImWe9IHhA936j9VfCQUoFXfPiIajJ7trfzxfXJ2WVg9h366370Cc83gP', 'video', 6.28),
       ('o0nKwvR2B7cYMAX4MMvRtJ4U5Slwz7ocXhK9gW553PhRQZa5lFtwXduQQ2oLvjEO', 'video', 6.71),
       ('9ezDC61ZzAz2qJflAyWvXe3NYFjdh5uM9cjLbrrQDFkKp8YRsS1FWFgpN42jhiSV', 'video', 6.90),
       ('lUaT7A3UY3VRvWcKuWAbC3N8s7FUfECzP3oW5AV4hUrSrW7mXGOKaQEcEVzNTxci', 'video', 5.11),
       ('wnuC6C67NM3d2ClcKPRtncZ5BIf1onaF9fYgtJBhfzbp9C3zHHnPA0HdlcmBg7We', 'video', 4.26),
       ('PSNbdWHPhvv7Kk4BWDCStFo9hWsb4LciGK21jhFX0jUhKyC8VRffPjh4u8uEbs0G', 'video', 3.63),
       ('eHCL8ejirNV2Y9fnZIyWrjI01Z1btOUvwyA8RF20tpes07OleJdPAnYQMdNGbwlv', 'video', 9.77),
       ('lzOUmieuInaUrDkg8XvkCM0jWZKiNXir0N3dBRdiCW5tyeQk9WXzNlHUAgRMFKxz', 'video', 8.09),
       ('GOV4KM1HZQALpWiwJFif1XUIYAnMI8aNZeJBozZbhZytNlVX8MyebrZt4algqnEQ', 'video', 6.91),
       ('88GeMISQ0df2hqZDcJzmyfCw0v8DJVNKfPbAVgWImpSFHOJFLy8PbWGSUqECi2WN', 'video', 6.80),
       ('b6oD3MEu5Lz0urII6JRLucRZP2OhG0QaiB4cK9vUoyITUWHy3QZXUJb1teW2gOjZ', 'video', 9.71),
       ('lnNHflpZ0kV92aN3dPflUMSjbCWkWCzssUQY8YTxoAnB4A4NhBEYqoxGu8JJa65h', 'video', 5.45),
       ('1w5lOLbaC4Fu1UyZs38q53CBKRjsLi2UKnVfctcjjstfKPSV5CkdCrU2OtBveVL1', 'video', 7.26),
       ('jRBoR3ac00oizqyOcfIYL5ZAOgyNCywujPMuIy7dUfw9sXvCFpATbb6SA6Q4B9Hs', 'video', 6.89),
       ('oOA99DTyMs8uz1y29KDJL92RMfUnmhEp8IwtaSo9xOYZJqPBHcTDDTF1mIAgqALo', 'video', 5.53),
       ('93URO9yWTNdr5OQVLGOgCIlImKE1oj8pc3XCgcqBVJhiGKoHGm2wef6ypMbeceKv', 'video', 5.48),
       ('MJBx1XC2hlysepyGtju7XB4QNr7YwHJKsIGaNy7fw5vp6VIqdOlOOpjKxZVtalHN', 'video', 9.36),
       ('Yv3cVbMMZ0uu6yhVbzb6i85g5uVAtIinjNDwOsvuY1oXkgYsU8KVglKW1UrxhtOA', 'video', 9.29),
       ('leRLhYL6okkMYlo7PzAweGGBp1gw5TmuDbY9zUpomQK9SqnayWiFZg2YU6OTWpGy', 'video', 4.70),
       ('Fv3XGnE8visCCtUDpPsQKJFrITXznRDjgif0e2Xn1Fck1MlXXlyU3gFGu7VK5JuV', 'video', 9.52),
       ('VRHLCb79KlTKh36NZYxY0WYRlHIkW9JZdYvQfW2qWzghHAT2JBjLDAavK85624EM', 'video', 9.24),
       ('H6UHDktvz8d4MfXbrOQn2VCNzAfCzJZurH8yXnOe8dnJwcPNgv1CAXUdgOkcNWdd', 'video', 5.03),
       ('YaUvq23Ju4RFpI2ZX8aQyiVH1llFQbdnVTtfdrNUiBawLIr5D723ra1fLjBfThHa', 'video', 4.71),
       ('TCkP1gBrIWDhD45Xvk4HF9kwlEAnDW67FFqVxS1hdJUQ3qeseQtXNA8P6uac05J8', 'video', 4.00),
       ('H8EiErCfAPGnHEgxCT8de7DPteKlEcIF4B3sCBuLzi2ifgfiuMQi2Ip2gMXNCRtE', 'video', 7.43),
       ('SO3NHxlxnry250JUY7rLnapoHtgQsbqdI6AEXtNbkAwO5AI3V7C8DMkxJnA5Cq1f', 'video', 8.17),
       ('lLcundODvFpRVuXs7AU2SMIavbrHvLDTGzEuV0zBYHs6dyK4wCt5LoRTepkPOCYt', 'video', 8.08),
       ('Tp8g7iqKIW9Y6HFTkBVNRBAQNjmxjnIEziDTqdAAJOmASx3V3qnlt0BO9ACiKpn4', 'video', 9.75),
       ('H8HQXMETfVOuAOp6Ljt9i68E0fljFLlWxAJuOjYKeMKt496EbBC5vJLzOEmuQgtv', 'video', 7.26),
       ('LpPFXOnxx5B1xD8fnStnOtvuQgMUwvWO3ynbtGt5hYTAAOYrossXiKQ89CjJry0f', 'video', 8.90),
       ('HutsuDd2RH1K1ufNR1NK7FsHt20kmoOlKOgNPlY69BLv9OGykERSSdHqLuswVetr', 'video', 3.73),
       ('GueWfFpmvzIr3ACKjc5zOwSIOI8z754sM7ntOBe07A4K30cOnE74Tql9ooSyYuhE', 'video', 6.28),
       ('3ayHyvuZA5JFn9qLfVNGDh3T3bHLcy6gi2NFX44h8jgSgFu2lShJhCIFVM0oCBAR', 'video', 7.24),
       ('y70J4GMcerZLcB6mCWjwTdnbl9vQJZMOM0gDcMG2SE2LfMWs0xTsFPMYQ5ufmXuM', 'video', 9.01),
       ('yQbOdkSM2D29h8vvCkbJYJsLY3uQOkT3Db8aiCC0FEIw3jMqVnTraVVl1f6aZR7R', 'video', 5.11),
       ('p61uboe1GiXrRvIjMnGtsi7JmIdUlumSEziZYCkljEdIi1S8WEcMb5RNCBijR35h', 'video', 3.14),
       ('lycnevm4OkjTUD1eq2b1JycKfcFHqzTcqZ7iugdut66Jhg9JBK9MlNKjRIOz75Nr', 'video', 9.80),
       ('pc3LlbeZ54MVm6lfm776KzpomPsxIsXuYWdveosAeHWeUHYN7FfHsOYGWq2NrPSo', 'video', 8.75),
       ('1Xh5AIF7raOGa0l0Vhf1bCOo4JQEs7EqHRIf0HyvvXEupMWp9GkYV62VRK5p3c7C', 'video', 9.55),
       ('IXCOYyJPTvR5F0eZt2EmZFzTKKf5zKeobAoiFzPLjR9KZlSb8o1PEUb6SNrhoUbr', 'video', 9.62),
       ('guoN57qNXlNI6miJuonsXt5aKeyqqBr3UjmiqocVqI7n7vH41krRUxkMEcZPXGn5', 'video', 3.24),
       ('xW9rKtLkt8DqkUoFz5rCDESCrtTiXHTMQXzndlRcXviQmFLhU8SI5fT9ul9UBsEp', 'video', 8.98),
       ('1oI90zgcSpNlHAHNoWwob9CdUgRyeefVzqtPdvfXj2z6zORrSswDLfuJszHPBzX2', 'video', 3.68),
       ('NMW5sovCrMzjRJxuPUZBqKzMxR1Gl7iG4vezyiITDn2i8lkgd7BP0C9DoHBYP1q8', 'video', 8.26);

INSERT INTO db.courses
    (tag, name, description, subject, creator)
VALUES ('bh5ubPO5vCg71d5D64a5GeQMP2enL02DHBiOSTne5vYdlS15rGmsRWuwAuW8t06h', 'CC Physics',
        'Example Physics course by Crash Course!', 'physics', 3);


INSERT INTO db.videos
    (tag, name, free, description, subject, uploader)
VALUES ('63GIeZ6XJTJXbwEw4Db9emAkvTIUCXMbcoQXP3jaXfeOsOB7381vmdSzMjdiJNLR', 'Crash Course Physics Preview', 1,
        'TODO: descrition', 'physics', 3),
       ('vK8yP4LMzVRwwdY3SHs0iABG331oVCdYv8cKHOH86fINsWPQb5A3oATLyXqYCqVJ',
        'Motion in a Straight Line： Crash Course Physics', 0, 'TODO: descrition', 'physics', 3),
       ('qcWK9DWwjP6f8SJL0KhsMyyMk4pmnnLYymc613YYiWQshGvDTXxXg6wT5QvebPWx', 'Derivatives： Crash Course Physics', 0,
        'TODO: descrition', 'physics', 3),
       ('RddEePfFImWe9IHhA936j9VfCQUoFXfPiIajJ7trfzxfXJ2WVg9h366370Cc83gP', 'Integrals： Crash Course Physics', 0,
        'TODO: descrition', 'physics', 3),
       ('o0nKwvR2B7cYMAX4MMvRtJ4U5Slwz7ocXhK9gW553PhRQZa5lFtwXduQQ2oLvjEO',
        'Vectors and 2D Motion： Crash Course Physics', 0, 'TODO: descrition', 'physics', 3),
       ('9ezDC61ZzAz2qJflAyWvXe3NYFjdh5uM9cjLbrrQDFkKp8YRsS1FWFgpN42jhiSV', 'Newton\'s Laws： Crash Course Physics', 0,
        'TODO: descrition', 'physics', 3),
       ('lUaT7A3UY3VRvWcKuWAbC3N8s7FUfECzP3oW5AV4hUrSrW7mXGOKaQEcEVzNTxci', 'Friction： Crash Course Physics', 0,
        'TODO: descrition', 'physics', 3),
       ('wnuC6C67NM3d2ClcKPRtncZ5BIf1onaF9fYgtJBhfzbp9C3zHHnPA0HdlcmBg7We',
        'Uniform Circular Motion： Crash Course Physics', 0, 'TODO: descrition', 'physics', 3),
       ('PSNbdWHPhvv7Kk4BWDCStFo9hWsb4LciGK21jhFX0jUhKyC8VRffPjh4u8uEbs0G', 'Newtonian Gravity： Crash Course Physics',
        0, 'TODO: descrition', 'physics', 3),
       ('eHCL8ejirNV2Y9fnZIyWrjI01Z1btOUvwyA8RF20tpes07OleJdPAnYQMdNGbwlv',
        'Work, Energy, and Power： Crash Course Physics', 0, 'TODO: descrition', 'physics', 3),
       ('lzOUmieuInaUrDkg8XvkCM0jWZKiNXir0N3dBRdiCW5tyeQk9WXzNlHUAgRMFKxz', 'Collisions： Crash Course Physics', 0,
        'TODO: descrition', 'physics', 3),
       ('GOV4KM1HZQALpWiwJFif1XUIYAnMI8aNZeJBozZbhZytNlVX8MyebrZt4algqnEQ', 'Rotational Motion： Crash Course Physics',
        0, 'TODO: descrition', 'physics', 3),
       ('88GeMISQ0df2hqZDcJzmyfCw0v8DJVNKfPbAVgWImpSFHOJFLy8PbWGSUqECi2WN', 'Torque： Crash Course Physics', 0,
        'TODO: descrition', 'physics', 3),
       ('b6oD3MEu5Lz0urII6JRLucRZP2OhG0QaiB4cK9vUoyITUWHy3QZXUJb1teW2gOjZ', 'Statics： Crash Course Physics', 0,
        'TODO: descrition', 'physics', 3),
       ('lnNHflpZ0kV92aN3dPflUMSjbCWkWCzssUQY8YTxoAnB4A4NhBEYqoxGu8JJa65h', 'Fluids at Rest： Crash Course Physics', 0,
        'TODO: descrition', 'physics', 3),
       ('1w5lOLbaC4Fu1UyZs38q53CBKRjsLi2UKnVfctcjjstfKPSV5CkdCrU2OtBveVL1', 'Fluids in Motion： Crash Course Physics', 0,
        'TODO: descrition', 'physics', 3),
       ('jRBoR3ac00oizqyOcfIYL5ZAOgyNCywujPMuIy7dUfw9sXvCFpATbb6SA6Q4B9Hs',
        'Simple Harmonic Motion： Crash Course Physics', 0, 'TODO: descrition', 'physics', 3),
       ('oOA99DTyMs8uz1y29KDJL92RMfUnmhEp8IwtaSo9xOYZJqPBHcTDDTF1mIAgqALo', 'Traveling Waves： Crash Course Physics', 0,
        'TODO: descrition', 'physics', 3),
       ('93URO9yWTNdr5OQVLGOgCIlImKE1oj8pc3XCgcqBVJhiGKoHGm2wef6ypMbeceKv', 'Sound： Crash Course Physics', 0,
        'TODO: descrition', 'physics', 3),
       ('MJBx1XC2hlysepyGtju7XB4QNr7YwHJKsIGaNy7fw5vp6VIqdOlOOpjKxZVtalHN',
        'The Physics of Music： Crash Course Physics', 0, 'TODO: descrition', 'physics', 3),
       ('Yv3cVbMMZ0uu6yhVbzb6i85g5uVAtIinjNDwOsvuY1oXkgYsU8KVglKW1UrxhtOA', 'Temperature： Crash Course Physics', 0,
        'TODO: descrition', 'physics', 3),
       ('leRLhYL6okkMYlo7PzAweGGBp1gw5TmuDbY9zUpomQK9SqnayWiFZg2YU6OTWpGy',
        'Kinetic Theory and Phase Changes： Crash Course Physics', 0, 'TODO: descrition', 'physics', 3),
       ('Fv3XGnE8visCCtUDpPsQKJFrITXznRDjgif0e2Xn1Fck1MlXXlyU3gFGu7VK5JuV', 'The Physics of Heat： Crash Course Physics',
        0, 'TODO: descrition', 'physics', 3),
       ('VRHLCb79KlTKh36NZYxY0WYRlHIkW9JZdYvQfW2qWzghHAT2JBjLDAavK85624EM', 'Thermodynamics： Crash Course Physics', 0,
        'TODO: descrition', 'physics', 3),
       ('H6UHDktvz8d4MfXbrOQn2VCNzAfCzJZurH8yXnOe8dnJwcPNgv1CAXUdgOkcNWdd', 'Engines： Crash Course Physics', 0,
        'TODO: descrition', 'physics', 3),
       ('YaUvq23Ju4RFpI2ZX8aQyiVH1llFQbdnVTtfdrNUiBawLIr5D723ra1fLjBfThHa', 'Electric Charge： Crash Course Physics', 0,
        'TODO: descrition', 'physics', 3),
       ('TCkP1gBrIWDhD45Xvk4HF9kwlEAnDW67FFqVxS1hdJUQ3qeseQtXNA8P6uac05J8', 'Electric Fields： Crash Course Physics', 0,
        'TODO: descrition', 'physics', 3),
       ('H8EiErCfAPGnHEgxCT8de7DPteKlEcIF4B3sCBuLzi2ifgfiuMQi2Ip2gMXNCRtE',
        'Voltage, Electric Energy, and Capacitors： Crash Course Physics', 0, 'TODO: descrition', 'physics', 3),
       ('SO3NHxlxnry250JUY7rLnapoHtgQsbqdI6AEXtNbkAwO5AI3V7C8DMkxJnA5Cq1f', 'Electric Current： Crash Course Physics', 0,
        'TODO: descrition', 'physics', 3),
       ('lLcundODvFpRVuXs7AU2SMIavbrHvLDTGzEuV0zBYHs6dyK4wCt5LoRTepkPOCYt',
        'DC Resistors & Batteries： Crash Course Physics', 0, 'TODO: descrition', 'physics', 3),
       ('Tp8g7iqKIW9Y6HFTkBVNRBAQNjmxjnIEziDTqdAAJOmASx3V3qnlt0BO9ACiKpn4', 'Circuit Analysis： Crash Course Physics', 0,
        'TODO: descrition', 'physics', 3),
       ('H8HQXMETfVOuAOp6Ljt9i68E0fljFLlWxAJuOjYKeMKt496EbBC5vJLzOEmuQgtv',
        'Capacitors and Kirchhoff： Crash Course Physics', 0, 'TODO: descrition', 'physics', 3),
       ('LpPFXOnxx5B1xD8fnStnOtvuQgMUwvWO3ynbtGt5hYTAAOYrossXiKQ89CjJry0f', 'Magnetism： Crash Course Physics', 0,
        'TODO: descrition', 'physics', 3),
       ('HutsuDd2RH1K1ufNR1NK7FsHt20kmoOlKOgNPlY69BLv9OGykERSSdHqLuswVetr', 'Ampère\'s Law： Crash Course Physics', 0,
        'TODO: descrition', 'physics', 3),
       ('GueWfFpmvzIr3ACKjc5zOwSIOI8z754sM7ntOBe07A4K30cOnE74Tql9ooSyYuhE',
        'Induction - An Introduction： Crash Course Physics', 0, 'TODO: descrition', 'physics', 3),
       ('3ayHyvuZA5JFn9qLfVNGDh3T3bHLcy6gi2NFX44h8jgSgFu2lShJhCIFVM0oCBAR',
        'How Power Gets to Your Home： Crash Course Physics', 0, 'TODO: descrition', 'physics', 3),
       ('y70J4GMcerZLcB6mCWjwTdnbl9vQJZMOM0gDcMG2SE2LfMWs0xTsFPMYQ5ufmXuM', 'AC Circuits： Crash Course Physics', 0,
        'TODO: descrition', 'physics', 3),
       ('yQbOdkSM2D29h8vvCkbJYJsLY3uQOkT3Db8aiCC0FEIw3jMqVnTraVVl1f6aZR7R',
        'Maxwell\'s Equations： Crash Course Physics', 0, 'TODO: descrition', 'physics', 3),
       ('p61uboe1GiXrRvIjMnGtsi7JmIdUlumSEziZYCkljEdIi1S8WEcMb5RNCBijR35h', 'Geometric Optics： Crash Course Physics', 0,
        'TODO: descrition', 'physics', 3),
       ('lycnevm4OkjTUD1eq2b1JycKfcFHqzTcqZ7iugdut66Jhg9JBK9MlNKjRIOz75Nr', 'Light Is Waves： Crash Course Physics', 0,
        'TODO: descrition', 'physics', 3),
       ('pc3LlbeZ54MVm6lfm776KzpomPsxIsXuYWdveosAeHWeUHYN7FfHsOYGWq2NrPSo',
        'Spectra Interference： Crash Course Physics', 0, 'TODO: descrition', 'physics', 3),
       ('1Xh5AIF7raOGa0l0Vhf1bCOo4JQEs7EqHRIf0HyvvXEupMWp9GkYV62VRK5p3c7C', 'Optical Instruments： Crash Course Physics',
        0, 'TODO: descrition', 'physics', 3),
       ('IXCOYyJPTvR5F0eZt2EmZFzTKKf5zKeobAoiFzPLjR9KZlSb8o1PEUb6SNrhoUbr', 'Special Relativity： Crash Course Physics',
        0, 'TODO: descrition', 'physics', 3),
       ('guoN57qNXlNI6miJuonsXt5aKeyqqBr3UjmiqocVqI7n7vH41krRUxkMEcZPXGn5',
        'Quantum Mechanics - Part 1： Crash Course Physics', 0, 'TODO: descrition', 'physics', 3),
       ('xW9rKtLkt8DqkUoFz5rCDESCrtTiXHTMQXzndlRcXviQmFLhU8SI5fT9ul9UBsEp',
        'Quantum Mechanics - Part 2： Crash Course Physics', 0, 'TODO: descrition', 'physics', 3),
       ('1oI90zgcSpNlHAHNoWwob9CdUgRyeefVzqtPdvfXj2z6zORrSswDLfuJszHPBzX2', 'Nuclear Physics： Crash Course Physics', 0,
        'TODO: descrition', 'physics', 3),
       ('NMW5sovCrMzjRJxuPUZBqKzMxR1Gl7iG4vezyiITDn2i8lkgd7BP0C9DoHBYP1q8',
        'Astrophysics and Cosmology： Crash Course Physics', 0, 'TODO: descrition', 'physics', 3);

INSERT INTO db.course_videos
    (video_tag, course_tag, `order`)
VALUES ('63GIeZ6XJTJXbwEw4Db9emAkvTIUCXMbcoQXP3jaXfeOsOB7381vmdSzMjdiJNLR',
        'bh5ubPO5vCg71d5D64a5GeQMP2enL02DHBiOSTne5vYdlS15rGmsRWuwAuW8t06h', 0),
       ('vK8yP4LMzVRwwdY3SHs0iABG331oVCdYv8cKHOH86fINsWPQb5A3oATLyXqYCqVJ',
        'bh5ubPO5vCg71d5D64a5GeQMP2enL02DHBiOSTne5vYdlS15rGmsRWuwAuW8t06h', 1),
       ('qcWK9DWwjP6f8SJL0KhsMyyMk4pmnnLYymc613YYiWQshGvDTXxXg6wT5QvebPWx',
        'bh5ubPO5vCg71d5D64a5GeQMP2enL02DHBiOSTne5vYdlS15rGmsRWuwAuW8t06h', 2),
       ('RddEePfFImWe9IHhA936j9VfCQUoFXfPiIajJ7trfzxfXJ2WVg9h366370Cc83gP',
        'bh5ubPO5vCg71d5D64a5GeQMP2enL02DHBiOSTne5vYdlS15rGmsRWuwAuW8t06h', 3),
       ('o0nKwvR2B7cYMAX4MMvRtJ4U5Slwz7ocXhK9gW553PhRQZa5lFtwXduQQ2oLvjEO',
        'bh5ubPO5vCg71d5D64a5GeQMP2enL02DHBiOSTne5vYdlS15rGmsRWuwAuW8t06h', 4),
       ('9ezDC61ZzAz2qJflAyWvXe3NYFjdh5uM9cjLbrrQDFkKp8YRsS1FWFgpN42jhiSV',
        'bh5ubPO5vCg71d5D64a5GeQMP2enL02DHBiOSTne5vYdlS15rGmsRWuwAuW8t06h', 5),
       ('lUaT7A3UY3VRvWcKuWAbC3N8s7FUfECzP3oW5AV4hUrSrW7mXGOKaQEcEVzNTxci',
        'bh5ubPO5vCg71d5D64a5GeQMP2enL02DHBiOSTne5vYdlS15rGmsRWuwAuW8t06h', 6),
       ('wnuC6C67NM3d2ClcKPRtncZ5BIf1onaF9fYgtJBhfzbp9C3zHHnPA0HdlcmBg7We',
        'bh5ubPO5vCg71d5D64a5GeQMP2enL02DHBiOSTne5vYdlS15rGmsRWuwAuW8t06h', 7),
       ('PSNbdWHPhvv7Kk4BWDCStFo9hWsb4LciGK21jhFX0jUhKyC8VRffPjh4u8uEbs0G',
        'bh5ubPO5vCg71d5D64a5GeQMP2enL02DHBiOSTne5vYdlS15rGmsRWuwAuW8t06h', 8),
       ('eHCL8ejirNV2Y9fnZIyWrjI01Z1btOUvwyA8RF20tpes07OleJdPAnYQMdNGbwlv',
        'bh5ubPO5vCg71d5D64a5GeQMP2enL02DHBiOSTne5vYdlS15rGmsRWuwAuW8t06h', 9),
       ('lzOUmieuInaUrDkg8XvkCM0jWZKiNXir0N3dBRdiCW5tyeQk9WXzNlHUAgRMFKxz',
        'bh5ubPO5vCg71d5D64a5GeQMP2enL02DHBiOSTne5vYdlS15rGmsRWuwAuW8t06h', 10),
       ('GOV4KM1HZQALpWiwJFif1XUIYAnMI8aNZeJBozZbhZytNlVX8MyebrZt4algqnEQ',
        'bh5ubPO5vCg71d5D64a5GeQMP2enL02DHBiOSTne5vYdlS15rGmsRWuwAuW8t06h', 11),
       ('88GeMISQ0df2hqZDcJzmyfCw0v8DJVNKfPbAVgWImpSFHOJFLy8PbWGSUqECi2WN',
        'bh5ubPO5vCg71d5D64a5GeQMP2enL02DHBiOSTne5vYdlS15rGmsRWuwAuW8t06h', 12),
       ('b6oD3MEu5Lz0urII6JRLucRZP2OhG0QaiB4cK9vUoyITUWHy3QZXUJb1teW2gOjZ',
        'bh5ubPO5vCg71d5D64a5GeQMP2enL02DHBiOSTne5vYdlS15rGmsRWuwAuW8t06h', 13),
       ('lnNHflpZ0kV92aN3dPflUMSjbCWkWCzssUQY8YTxoAnB4A4NhBEYqoxGu8JJa65h',
        'bh5ubPO5vCg71d5D64a5GeQMP2enL02DHBiOSTne5vYdlS15rGmsRWuwAuW8t06h', 14),
       ('1w5lOLbaC4Fu1UyZs38q53CBKRjsLi2UKnVfctcjjstfKPSV5CkdCrU2OtBveVL1',
        'bh5ubPO5vCg71d5D64a5GeQMP2enL02DHBiOSTne5vYdlS15rGmsRWuwAuW8t06h', 15),
       ('jRBoR3ac00oizqyOcfIYL5ZAOgyNCywujPMuIy7dUfw9sXvCFpATbb6SA6Q4B9Hs',
        'bh5ubPO5vCg71d5D64a5GeQMP2enL02DHBiOSTne5vYdlS15rGmsRWuwAuW8t06h', 16),
       ('oOA99DTyMs8uz1y29KDJL92RMfUnmhEp8IwtaSo9xOYZJqPBHcTDDTF1mIAgqALo',
        'bh5ubPO5vCg71d5D64a5GeQMP2enL02DHBiOSTne5vYdlS15rGmsRWuwAuW8t06h', 17),
       ('93URO9yWTNdr5OQVLGOgCIlImKE1oj8pc3XCgcqBVJhiGKoHGm2wef6ypMbeceKv',
        'bh5ubPO5vCg71d5D64a5GeQMP2enL02DHBiOSTne5vYdlS15rGmsRWuwAuW8t06h', 18),
       ('MJBx1XC2hlysepyGtju7XB4QNr7YwHJKsIGaNy7fw5vp6VIqdOlOOpjKxZVtalHN',
        'bh5ubPO5vCg71d5D64a5GeQMP2enL02DHBiOSTne5vYdlS15rGmsRWuwAuW8t06h', 19),
       ('Yv3cVbMMZ0uu6yhVbzb6i85g5uVAtIinjNDwOsvuY1oXkgYsU8KVglKW1UrxhtOA',
        'bh5ubPO5vCg71d5D64a5GeQMP2enL02DHBiOSTne5vYdlS15rGmsRWuwAuW8t06h', 20),
       ('leRLhYL6okkMYlo7PzAweGGBp1gw5TmuDbY9zUpomQK9SqnayWiFZg2YU6OTWpGy',
        'bh5ubPO5vCg71d5D64a5GeQMP2enL02DHBiOSTne5vYdlS15rGmsRWuwAuW8t06h', 21),
       ('Fv3XGnE8visCCtUDpPsQKJFrITXznRDjgif0e2Xn1Fck1MlXXlyU3gFGu7VK5JuV',
        'bh5ubPO5vCg71d5D64a5GeQMP2enL02DHBiOSTne5vYdlS15rGmsRWuwAuW8t06h', 22),
       ('VRHLCb79KlTKh36NZYxY0WYRlHIkW9JZdYvQfW2qWzghHAT2JBjLDAavK85624EM',
        'bh5ubPO5vCg71d5D64a5GeQMP2enL02DHBiOSTne5vYdlS15rGmsRWuwAuW8t06h', 23),
       ('H6UHDktvz8d4MfXbrOQn2VCNzAfCzJZurH8yXnOe8dnJwcPNgv1CAXUdgOkcNWdd',
        'bh5ubPO5vCg71d5D64a5GeQMP2enL02DHBiOSTne5vYdlS15rGmsRWuwAuW8t06h', 24),
       ('YaUvq23Ju4RFpI2ZX8aQyiVH1llFQbdnVTtfdrNUiBawLIr5D723ra1fLjBfThHa',
        'bh5ubPO5vCg71d5D64a5GeQMP2enL02DHBiOSTne5vYdlS15rGmsRWuwAuW8t06h', 25),
       ('TCkP1gBrIWDhD45Xvk4HF9kwlEAnDW67FFqVxS1hdJUQ3qeseQtXNA8P6uac05J8',
        'bh5ubPO5vCg71d5D64a5GeQMP2enL02DHBiOSTne5vYdlS15rGmsRWuwAuW8t06h', 26),
       ('H8EiErCfAPGnHEgxCT8de7DPteKlEcIF4B3sCBuLzi2ifgfiuMQi2Ip2gMXNCRtE',
        'bh5ubPO5vCg71d5D64a5GeQMP2enL02DHBiOSTne5vYdlS15rGmsRWuwAuW8t06h', 27),
       ('SO3NHxlxnry250JUY7rLnapoHtgQsbqdI6AEXtNbkAwO5AI3V7C8DMkxJnA5Cq1f',
        'bh5ubPO5vCg71d5D64a5GeQMP2enL02DHBiOSTne5vYdlS15rGmsRWuwAuW8t06h', 28),
       ('lLcundODvFpRVuXs7AU2SMIavbrHvLDTGzEuV0zBYHs6dyK4wCt5LoRTepkPOCYt',
        'bh5ubPO5vCg71d5D64a5GeQMP2enL02DHBiOSTne5vYdlS15rGmsRWuwAuW8t06h', 29),
       ('Tp8g7iqKIW9Y6HFTkBVNRBAQNjmxjnIEziDTqdAAJOmASx3V3qnlt0BO9ACiKpn4',
        'bh5ubPO5vCg71d5D64a5GeQMP2enL02DHBiOSTne5vYdlS15rGmsRWuwAuW8t06h', 30),
       ('H8HQXMETfVOuAOp6Ljt9i68E0fljFLlWxAJuOjYKeMKt496EbBC5vJLzOEmuQgtv',
        'bh5ubPO5vCg71d5D64a5GeQMP2enL02DHBiOSTne5vYdlS15rGmsRWuwAuW8t06h', 31),
       ('LpPFXOnxx5B1xD8fnStnOtvuQgMUwvWO3ynbtGt5hYTAAOYrossXiKQ89CjJry0f',
        'bh5ubPO5vCg71d5D64a5GeQMP2enL02DHBiOSTne5vYdlS15rGmsRWuwAuW8t06h', 32),
       ('HutsuDd2RH1K1ufNR1NK7FsHt20kmoOlKOgNPlY69BLv9OGykERSSdHqLuswVetr',
        'bh5ubPO5vCg71d5D64a5GeQMP2enL02DHBiOSTne5vYdlS15rGmsRWuwAuW8t06h', 33),
       ('GueWfFpmvzIr3ACKjc5zOwSIOI8z754sM7ntOBe07A4K30cOnE74Tql9ooSyYuhE',
        'bh5ubPO5vCg71d5D64a5GeQMP2enL02DHBiOSTne5vYdlS15rGmsRWuwAuW8t06h', 34),
       ('3ayHyvuZA5JFn9qLfVNGDh3T3bHLcy6gi2NFX44h8jgSgFu2lShJhCIFVM0oCBAR',
        'bh5ubPO5vCg71d5D64a5GeQMP2enL02DHBiOSTne5vYdlS15rGmsRWuwAuW8t06h', 35),
       ('y70J4GMcerZLcB6mCWjwTdnbl9vQJZMOM0gDcMG2SE2LfMWs0xTsFPMYQ5ufmXuM',
        'bh5ubPO5vCg71d5D64a5GeQMP2enL02DHBiOSTne5vYdlS15rGmsRWuwAuW8t06h', 36),
       ('yQbOdkSM2D29h8vvCkbJYJsLY3uQOkT3Db8aiCC0FEIw3jMqVnTraVVl1f6aZR7R',
        'bh5ubPO5vCg71d5D64a5GeQMP2enL02DHBiOSTne5vYdlS15rGmsRWuwAuW8t06h', 37),
       ('p61uboe1GiXrRvIjMnGtsi7JmIdUlumSEziZYCkljEdIi1S8WEcMb5RNCBijR35h',
        'bh5ubPO5vCg71d5D64a5GeQMP2enL02DHBiOSTne5vYdlS15rGmsRWuwAuW8t06h', 38),
       ('lycnevm4OkjTUD1eq2b1JycKfcFHqzTcqZ7iugdut66Jhg9JBK9MlNKjRIOz75Nr',
        'bh5ubPO5vCg71d5D64a5GeQMP2enL02DHBiOSTne5vYdlS15rGmsRWuwAuW8t06h', 39),
       ('pc3LlbeZ54MVm6lfm776KzpomPsxIsXuYWdveosAeHWeUHYN7FfHsOYGWq2NrPSo',
        'bh5ubPO5vCg71d5D64a5GeQMP2enL02DHBiOSTne5vYdlS15rGmsRWuwAuW8t06h', 40),
       ('1Xh5AIF7raOGa0l0Vhf1bCOo4JQEs7EqHRIf0HyvvXEupMWp9GkYV62VRK5p3c7C',
        'bh5ubPO5vCg71d5D64a5GeQMP2enL02DHBiOSTne5vYdlS15rGmsRWuwAuW8t06h', 41),
       ('IXCOYyJPTvR5F0eZt2EmZFzTKKf5zKeobAoiFzPLjR9KZlSb8o1PEUb6SNrhoUbr',
        'bh5ubPO5vCg71d5D64a5GeQMP2enL02DHBiOSTne5vYdlS15rGmsRWuwAuW8t06h', 42),
       ('guoN57qNXlNI6miJuonsXt5aKeyqqBr3UjmiqocVqI7n7vH41krRUxkMEcZPXGn5',
        'bh5ubPO5vCg71d5D64a5GeQMP2enL02DHBiOSTne5vYdlS15rGmsRWuwAuW8t06h', 43),
       ('xW9rKtLkt8DqkUoFz5rCDESCrtTiXHTMQXzndlRcXviQmFLhU8SI5fT9ul9UBsEp',
        'bh5ubPO5vCg71d5D64a5GeQMP2enL02DHBiOSTne5vYdlS15rGmsRWuwAuW8t06h', 44),
       ('1oI90zgcSpNlHAHNoWwob9CdUgRyeefVzqtPdvfXj2z6zORrSswDLfuJszHPBzX2',
        'bh5ubPO5vCg71d5D64a5GeQMP2enL02DHBiOSTne5vYdlS15rGmsRWuwAuW8t06h', 45),
       ('NMW5sovCrMzjRJxuPUZBqKzMxR1Gl7iG4vezyiITDn2i8lkgd7BP0C9DoHBYP1q8',
        'bh5ubPO5vCg71d5D64a5GeQMP2enL02DHBiOSTne5vYdlS15rGmsRWuwAuW8t06h', 46);
